                           omni-directional_wave_power_0  significant_wave_height_0  energy_period_0  directionality_coefficient_0  maximum_energy_direction_0  mean_absolute_period_0  mean_zero-crossing_period_0  peak_period_0  spectral_width_0  Power_density_predicted  ratio_power_density
time_index                                                                                                                                                                                                                                                                                        
2010-01-01 00:00:00+00:00                    1250.461548                    0.59368           4.0172                         0.898                       172.5                  4.9468                       7.1971      10.961900            0.5247              1252.511475             0.998363
2010-01-01 03:00:00+00:00                    1488.557739                    0.61967           4.1974                         0.792                       142.5                  5.2501                       7.7880      12.013500            0.5248              1482.783813             1.003894
2010-01-01 06:00:00+00:00                    1397.676758                    0.60245           4.2983                         0.797                       127.5                  5.3097                       7.7302      12.013500            0.5230              1390.548584             1.005126
2010-01-01 09:00:00+00:00                    1351.827881                    0.59589           4.3503                         0.807                       127.5                  5.3221                       7.6388      12.013500            0.5241              1343.476685             1.006216
2010-01-01 12:00:00+00:00                    1342.985474                    0.59008           4.4666                         0.825                       127.5                  5.4596                       7.7342      12.013500            0.5120              1334.759277             1.006163
2010-01-01 15:00:00+00:00                    1346.384766                    0.59050           4.4321                         0.840                       127.5                  5.4501                       7.7428      12.013500            0.5131              1338.227783             1.006095
2010-01-01 18:00:00+00:00                    1472.678589                    0.68851           3.1769                         0.852                       112.5                  3.8944                       6.2983      12.013500            0.6674              1464.946777             1.005278
2010-01-01 21:00:00+00:00                    1833.518799                    0.82835           3.1575                         0.841                       112.5                  3.6835                       5.4396      12.013500            0.6944              1820.411987             1.007200
2010-01-02 00:00:00+00:00                    2875.672363                    1.05561           3.5414                         0.858                       112.5                  4.0358                       5.2573      12.013500            0.5783              2853.606689             1.007733
2010-01-02 03:00:00+00:00                    4824.186523                    1.31057           4.0994                         0.899                       112.5                  4.6779                       5.7222       6.326800            0.4428              4803.009277             1.004409
2010-01-02 06:00:00+00:00                    7315.013672                    1.54056           4.6227                         0.916                       112.5                  5.2814                       6.2789       6.933700            0.3692              7310.713379             1.000588
2010-01-02 09:00:00+00:00                    9570.129883                    1.69346           5.1033                         0.926                       112.5                  5.8216                       6.7961       7.598900            0.3287              9596.298828             0.997273
2010-01-02 12:00:00+00:00                   11019.557617                    1.77043           5.3999                         0.933                       112.5                  6.1703                       7.1581       7.598900            0.3123             11075.293945             0.994968
2010-01-02 15:00:00+00:00                   11593.786133                    1.78200           5.6373                         0.938                       112.5                  6.4393                       7.4303       8.327900            0.3032             11669.578125             0.993505
2010-01-02 18:00:00+00:00                   12053.797852                    1.79580           5.5816                         0.941                       112.5                  6.4845                       7.6039       8.327900            0.3137             12142.777344             0.992672
2010-01-02 21:00:00+00:00                   12493.750977                    1.82411           5.3843                         0.933                       112.5                  6.3542                       7.6351       8.327900            0.3330             12582.829102             0.992921
2010-01-03 00:00:00+00:00                   13111.136719                    1.95429           4.5622                         0.861                       112.5                  5.4555                       6.9924       8.327900            0.4096             13167.331055             0.995732
2010-01-03 03:00:00+00:00                   12934.274414                    1.92160           4.6950                         0.855                       112.5                  5.6079                       7.1278       8.327900            0.3999             12989.391602             0.995757
2010-01-03 06:00:00+00:00                   14462.470703                    2.04441           4.5831                         0.807                       112.5                  5.4572                       7.0352       9.126800            0.4258             14502.292969             0.997254
2010-01-03 09:00:00+00:00                   17602.917969                    2.30569           4.5488                         0.695                       112.5                  5.2869                       6.7292       9.126800            0.4475             17605.781250             0.999837
2010-01-03 12:00:00+00:00                   15986.304688                    2.11242           4.7495                         0.779                        97.5                  5.6378                       7.2746      10.002400            0.4284             16037.112305             0.996832
2010-01-03 15:00:00+00:00                   15352.217773                    2.07283           4.6197                         0.828                        97.5                  5.5370                       7.2628      10.002400            0.4367             15415.294922             0.995908
2010-01-03 18:00:00+00:00                   14402.295898                    1.96427           4.8347                         0.868                        97.5                  5.8265                       7.5801      10.002400            0.4168             14480.048828             0.994630
2010-01-03 21:00:00+00:00                   13749.657227                    1.91144           4.7774                         0.880                        97.5                  5.8040                       7.6373      10.002400            0.4229             13820.680664             0.994861
2010-01-04 00:00:00+00:00                   12888.389648                    1.85835           4.8105                         0.882                        97.5                  5.8123                       7.5749      10.002400            0.4185             12951.162109             0.995153
2010-01-04 03:00:00+00:00                   13024.835938                    1.91217           4.4827                         0.832                        97.5                  5.4187                       7.2394      10.961900            0.4524             13073.875000             0.996249
2010-01-04 06:00:00+00:00                   13934.268555                    1.97825           4.4859                         0.815                        97.5                  5.4067                       7.2290      10.961900            0.4589             13971.965820             0.997302
2010-01-04 09:00:00+00:00                   15006.733398                    1.96729           4.7782                         0.862                        97.5                  5.8626                       7.8354      10.961900            0.4356             15040.928711             0.997727
2010-01-04 12:00:00+00:00                   19338.900391                    2.10652           5.2215                         0.899                        97.5                  6.5306                       8.7267      12.013500            0.4128             19328.845703             1.000520
2010-01-04 15:00:00+00:00                   23678.156250                    2.26753           5.4327                         0.907                        97.5                  6.8480                       9.1773      12.013500            0.4035             23628.800781             1.002089
2010-01-04 18:00:00+00:00                   23119.802734                    2.15194           6.5017                         0.938                        97.5                  7.9915                       9.9259      12.013500            0.3355             23140.884766             0.999089
2010-01-04 21:00:00+00:00                   19869.832031                    1.99649           6.7321                         0.939                        97.5                  8.1519                       9.9268      12.013500            0.3229             19920.312500             0.997466
2010-01-05 00:00:00+00:00                   16022.729492                    1.81126           6.6738                         0.934                        97.5                  8.0481                       9.7522      12.013500            0.3218             16086.901367             0.996011
2010-01-05 03:00:00+00:00                   12948.403320                    1.65054           6.4833                         0.929                        97.5                  7.8261                       9.5175      12.013500            0.3263             13015.250000             0.994864
2010-01-05 06:00:00+00:00                   10518.505859                    1.50527           6.3136                         0.926                        97.5                  7.6552                       9.3206      10.961900            0.3273             10586.153320             0.993610
2010-01-05 09:00:00+00:00                    8848.598633                    1.39019           6.2662                         0.922                        97.5                  7.5715                       9.2041      10.961900            0.3283              8909.092773             0.993210
2010-01-05 12:00:00+00:00                    7644.414062                    1.28887           6.2439                         0.918                        97.5                  7.6251                       9.2481      10.961900            0.3243              7696.816406             0.993192
2010-01-05 15:00:00+00:00                    7329.620605                    1.27931           4.8834                         0.905                        97.5                  6.5982                       9.0065      10.961900            0.3792              7372.225586             0.994221
2010-01-05 18:00:00+00:00                    7792.427246                    1.26982           6.3408                         0.913                        97.5                  7.9350                       9.6666      10.961900            0.3181              7832.486328             0.994886
2010-01-05 21:00:00+00:00                    8812.726562                    1.32161           7.9412                         0.924                        97.5                  8.9165                      10.0714      12.013500            0.2771              8865.440430             0.994054
2010-01-06 00:00:00+00:00                    9492.977539                    1.39217           5.6187                         0.928                        97.5                  7.6245                       9.8152      12.013500            0.3204              9569.476562             0.992006
2010-01-06 03:00:00+00:00                    9277.491211                    1.37738           6.3855                         0.926                        97.5                  7.9655                       9.7966      12.013500            0.3106              9348.231445             0.992433
2010-01-06 06:00:00+00:00                    8441.896484                    1.32077           6.2832                         0.927                        97.5                  7.9050                       9.7167      12.013500            0.3061              8520.611328             0.990762
2010-01-06 09:00:00+00:00                    7167.921875                    1.23766           6.1186                         0.920                        97.5                  7.6460                       9.4244      12.013500            0.3136              7241.767090             0.989803
2010-01-06 12:00:00+00:00                    5386.092773                    1.09782           6.0575                         0.910                        97.5                  7.4518                       9.0348      10.961900            0.3115              5447.027344             0.988813
2010-01-06 15:00:00+00:00                    3446.082764                    0.93696           5.0688                         0.871                        97.5                  6.3101                       7.9812      10.961900            0.3573              3478.846680             0.990582
2010-01-06 18:00:00+00:00                    2382.312256                    0.82191           4.6376                         0.829                        97.5                  5.6916                       7.1955      10.002400            0.3728              2400.070068             0.992601
2010-01-06 21:00:00+00:00                    1780.564819                    0.73695           4.5077                         0.799                        82.5                  5.4119                       6.6985       7.598900            0.3684              1789.987793             0.994736
2010-01-07 00:00:00+00:00                    1372.638184                    0.65642           4.7952                         0.791                        82.5                  5.5278                       6.5021       6.933700            0.3399              1376.623779             0.997105
2010-01-07 03:00:00+00:00                    1139.009766                    0.62067           4.0900                         0.792                        67.5                  4.9184                       6.0693       6.933700            0.3723              1145.361206             0.994455
2010-01-07 06:00:00+00:00                     971.930542                    0.60908           3.3054                         0.796                        67.5                  4.0888                       5.4456       6.326800            0.4341               985.343323             0.986388
2010-01-07 09:00:00+00:00                     868.271240                    0.58203           3.5784                         0.798                        67.5                  4.2079                       5.2809       6.326800            0.4082               871.554077             0.996233
2010-01-07 12:00:00+00:00                     796.538269                    0.54779           3.8324                         0.828                        67.5                  4.4983                       5.4615       6.326800            0.3603               799.431580             0.996381
2010-01-07 15:00:00+00:00                     817.910950                    0.57446           3.2965                         0.850                        67.5                  3.9990                       5.1564       6.326800            0.4009               828.297241             0.987461
2010-01-07 18:00:00+00:00                     812.472717                    0.54718           4.0594                         0.873                        67.5                  4.7149                       5.5735       6.326800            0.3203               814.644836             0.997334
2010-01-07 21:00:00+00:00                     786.722168                    0.52085           4.9933                         0.912                        67.5                  5.4218                       5.9219       6.326800            0.2449               786.179016             1.000691
2010-01-08 00:00:00+00:00                     726.474060                    0.49973           5.0799                         0.936                        67.5                  5.4895                       5.9402       6.326800            0.2281               726.043152             1.000594
2010-01-08 03:00:00+00:00                     612.949768                    0.46316           4.9222                         0.936                        67.5                  5.3696                       5.8395       6.326800            0.2302               612.665039             1.000465
2010-01-08 06:00:00+00:00                     469.094452                    0.40853           4.8777                         0.926                        67.5                  5.2969                       5.7433       6.326800            0.2323               468.493164             1.001283
2010-01-08 09:00:00+00:00                     327.955872                    0.34329           4.8674                         0.906                        67.5                  5.2485                       5.6802       6.326800            0.2502               327.030884             1.002828
2010-01-08 12:00:00+00:00                     221.585907                    0.28085           4.8637                         0.839                        67.5                  5.2157                       5.7152       5.773000            0.3148               220.287079             1.005896
2010-01-08 15:00:00+00:00                     167.828934                    0.23795           4.8056                         0.726                        97.5                  5.2185                       5.9989       5.773000            0.4143               166.307449             1.009149
2010-01-08 18:00:00+00:00                     149.082489                    0.21203           4.8314                         0.697                       112.5                  5.4420                       6.6870       5.267700            0.4674               147.906509             1.007951
2010-01-08 21:00:00+00:00                     137.220139                    0.19292           5.1564                         0.752                       127.5                  5.9126                       7.4311      10.961900            0.4460               136.786575             1.003170
2010-01-09 00:00:00+00:00                     113.082108                    0.17141           5.4416                         0.794                       142.5                  6.2372                       7.7719      10.961900            0.4107               113.209023             0.998879
2010-01-09 03:00:00+00:00                      83.892357                    0.15210           4.2631                         0.819                       142.5                  5.3897                       7.3806      10.002400            0.4395                84.417244             0.993782
2010-01-09 06:00:00+00:00                      62.913490                    0.13305           4.1084                         0.840                       157.5                  5.2773                       7.2490      10.002400            0.4283                63.384922             0.992562
2010-01-09 09:00:00+00:00                      57.417679                    0.12536           4.8298                         0.857                       157.5                  5.7844                       7.3900       7.598900            0.4079                57.421200             0.999939
2010-01-09 12:00:00+00:00                      62.569302                    0.13181           4.5232                         0.828                       142.5                  5.4617                       7.2747       7.598900            0.4457                62.440819             1.002058
2010-01-09 15:00:00+00:00                      71.777718                    0.13962           4.3197                         0.816                       142.5                  5.4310                       7.4583       7.598900            0.4368                71.920769             0.998011
2010-01-09 18:00:00+00:00                      77.330833                    0.14381           4.4965                         0.804                       142.5                  5.6369                       7.5770       7.598900            0.4178                77.581596             0.996768
2010-01-09 21:00:00+00:00                      87.850639                    0.16051           3.7014                         0.761                       127.5                  4.6734                       6.9406       7.598900            0.5119                88.132576             0.996801
2010-01-10 00:00:00+00:00                      97.760193                    0.16137           3.7642                         0.789                       127.5                  5.0257                       7.6562      10.961900            0.4680                98.760910             0.989867
2010-01-10 03:00:00+00:00                     107.083313                    0.16461           4.1085                         0.817                       112.5                  5.5181                       8.0561      10.961900            0.4181               108.440811             0.987482
2010-01-10 06:00:00+00:00                     104.095543                    0.16799           4.0624                         0.816                       112.5                  5.2346                       7.5316      10.961900            0.4394               105.195717             0.989542
2010-01-10 09:00:00+00:00                      80.763931                    0.15893           3.7574                         0.788                       112.5                  4.5931                       6.5432      10.002400            0.4907                81.231628             0.994242
2010-01-10 12:00:00+00:00                      57.769230                    0.14049           3.5419                         0.764                       112.5                  4.2652                       6.0042      10.002400            0.5126                58.027077             0.995556
2010-01-10 15:00:00+00:00                      50.522659                    0.13117           3.4637                         0.749                       127.5                  4.1220                       5.9598       7.598900            0.5947                50.193886             1.006550
2010-01-10 18:00:00+00:00                      81.387482                    0.14300           3.9633                         0.840                       142.5                  5.0076                       7.8948      13.166000            0.5700                80.107376             1.015980
2010-01-10 21:00:00+00:00                     169.882187                    0.18133           5.3369                         0.926                       142.5                  7.1420                      10.1670      12.013500            0.3948               168.591095             1.007658
2010-01-11 00:00:00+00:00                     319.770538                    0.24005           6.7994                         0.952                       142.5                  8.7519                      10.9472      12.013500            0.2937               319.929291             0.999504
2010-01-11 03:00:00+00:00                     436.218872                    0.28331           6.6933                         0.954                       142.5                  8.6371                      10.7730      12.013500            0.2881               437.986603             0.995964
2010-01-11 06:00:00+00:00                     452.700836                    0.29464           6.2781                         0.949                       142.5                  8.2229                      10.3935      12.013500            0.2978               455.780975             0.993242
2010-01-11 09:00:00+00:00                     397.112091                    0.28651           5.6109                         0.936                       142.5                  7.3637                       9.6942      12.013500            0.3393               399.962189             0.992874
2010-01-11 12:00:00+00:00                     334.142395                    0.27651           4.8420                         0.913                       142.5                  6.3288                       8.8060      10.961900            0.3989               336.256287             0.993713
2010-01-11 15:00:00+00:00                     293.007324                    0.26601           4.6420                         0.897                       142.5                  6.0041                       8.3745      10.961900            0.4136               295.047241             0.993086
2010-01-11 18:00:00+00:00                     277.118652                    0.26492           4.4845                         0.884                       142.5                  5.7436                       8.0124      10.961900            0.4226               279.262817             0.992322
2010-01-11 21:00:00+00:00                     290.287506                    0.27793           4.3297                         0.867                       142.5                  5.4807                       7.6468      10.002400            0.4337               292.582245             0.992157
2010-01-12 00:00:00+00:00                     318.282898                    0.29839           4.2202                         0.851                       157.5                  5.2354                       7.2830      10.002400            0.4505               320.376770             0.993464
2010-01-12 03:00:00+00:00                     330.742188                    0.30959           4.1035                         0.841                       157.5                  5.0596                       7.0392      10.002400            0.4619               332.761932             0.993930
2010-01-12 06:00:00+00:00                     300.332367                    0.28923           4.2188                         0.842                       157.5                  5.3004                       7.3234      10.002400            0.4336               302.764771             0.991966
2010-01-12 09:00:00+00:00                     254.608261                    0.26009           4.4979                         0.858                       157.5                  5.7157                       7.6749      10.002400            0.3921               257.219391             0.989849
2010-01-12 12:00:00+00:00                     215.919479                    0.24140           4.5774                         0.859                       157.5                  5.7212                       7.5577      10.002400            0.3871               218.015915             0.990384
2010-01-12 15:00:00+00:00                     176.479111                    0.22400           4.4090                         0.844                       157.5                  5.4273                       7.1836       9.126800            0.4027               177.957443             0.991693
2010-01-12 18:00:00+00:00                     139.101425                    0.20359           4.2891                         0.827                       157.5                  5.1955                       6.8593       9.126800            0.4128               140.048920             0.993235
2010-01-12 21:00:00+00:00                     109.642807                    0.18437           4.2352                         0.800                       157.5                  5.0578                       6.5958       8.327900            0.4138               110.238007             0.994601
2010-01-13 00:00:00+00:00                      90.485893                    0.17231           4.1939                         0.766                       142.5                  4.8735                       6.2304       8.327900            0.4219                90.721130             0.997407
2010-01-13 03:00:00+00:00                      79.692818                    0.16735           3.9931                         0.733                       142.5                  4.5698                       5.8207       8.327900            0.4422                79.717735             0.999687
2010-01-13 06:00:00+00:00                      66.622871                    0.15392           3.9767                         0.720                       142.5                  4.5512                       5.7562       7.598900            0.4352                66.659004             0.999458
2010-01-13 09:00:00+00:00                      58.136700                    0.14304           4.2115                         0.710                       142.5                  4.7158                       5.8023       7.598900            0.4157                58.048061             1.001527
2010-01-13 12:00:00+00:00                      51.485088                    0.13588           4.2297                         0.696                       142.5                  4.6791                       5.6910       7.598900            0.4131                51.337543             1.002874
2010-01-13 15:00:00+00:00                      44.770081                    0.12871           4.0774                         0.679                       142.5                  4.5360                       5.5233       7.598900            0.4155                44.653061             1.002621
2010-01-13 18:00:00+00:00                      39.888000                    0.12375           3.7550                         0.668                       142.5                  4.2896                       5.3479       7.598900            0.4286                39.918266             0.999242
2010-01-13 21:00:00+00:00                      36.726120                    0.12014           3.6340                         0.656                       142.5                  4.1851                       5.2375       7.598900            0.4311                36.818317             0.997496
2010-01-14 00:00:00+00:00                      34.665321                    0.11823           3.5647                         0.645                       127.5                  4.0839                       5.1029       7.598900            0.4431                34.708115             0.998767
2010-01-14 03:00:00+00:00                      33.490891                    0.11803           3.3977                         0.635                       127.5                  3.9063                       4.9539       7.598900            0.4749                33.546066             0.998355
2010-01-14 06:00:00+00:00                      32.010349                    0.11502           3.3017                         0.647                       127.5                  3.8428                       4.9917       7.598900            0.5084                32.108402             0.996946
2010-01-14 09:00:00+00:00                      30.894360                    0.11011           3.4352                         0.674                       127.5                  4.0032                       5.2328       7.598900            0.5229                30.898552             0.999864
2010-01-14 12:00:00+00:00                      31.022350                    0.10766           3.5887                         0.697                       127.5                  4.1681                       5.4753       7.598900            0.5295                30.959904             1.002017
2010-01-14 15:00:00+00:00                      31.910240                    0.10662           3.7791                         0.715                       127.5                  4.3737                       5.7291       6.933700            0.5179                31.828382             1.002572
2010-01-14 18:00:00+00:00                      32.799950                    0.10596           3.9850                         0.735                       142.5                  4.5995                       5.9579       6.933700            0.4919                32.743214             1.001733
2010-01-14 21:00:00+00:00                      32.985298                    0.10613           3.9624                         0.751                       142.5                  4.6148                       5.9859       6.933700            0.4776                33.009193             0.999276
2010-01-15 00:00:00+00:00                      34.001999                    0.12826           2.4481                         0.731                       157.5                  2.9527                       4.4682       6.933700            0.6476                35.609367             0.954861
2010-01-15 03:00:00+00:00                     740.675842                    0.69159           2.7466                         0.910                       217.5                  2.9697                       3.2690       3.651600            0.2814               751.235962             0.985943
2010-01-15 06:00:00+00:00                    1940.213745                    0.98000           3.4881                         0.911                       202.5                  3.7844                       4.1623       4.806500            0.2556              1932.490234             1.003997
2010-01-15 09:00:00+00:00                    1808.529297                    0.89680           3.7693                         0.932                       202.5                  4.1396                       4.6204       5.267700            0.2717              1802.092163             1.003572
2010-01-15 12:00:00+00:00                    1607.388306                    0.82454           3.9349                         0.954                       187.5                  4.3378                       4.8521       5.267700            0.2727              1602.345825             1.003147
2010-01-15 15:00:00+00:00                    1597.807007                    0.81242           3.8794                         0.953                       187.5                  4.3484                       4.9740       6.326800            0.2982              1596.015503             1.001122
2010-01-15 18:00:00+00:00                    1420.527954                    0.76201           3.9916                         0.954                       187.5                  4.4311                       5.0193       6.326800            0.2940              1417.330444             1.002256
2010-01-15 21:00:00+00:00                    1263.335571                    0.70818           4.3762                         0.961                       187.5                  4.7097                       5.1501       5.267700            0.2582              1257.198853             1.004881
2010-01-16 00:00:00+00:00                     982.582214                    0.62507           4.4127                         0.961                       187.5                  4.7290                       5.1404       6.326800            0.2489               977.520508             1.005178
2010-01-16 03:00:00+00:00                     826.295654                    0.57193           4.4459                         0.959                       187.5                  4.7625                       5.1633       5.773000            0.2422               822.155334             1.005036
2010-01-16 06:00:00+00:00                     614.395569                    0.49307           4.4679                         0.954                       187.5                  4.7738                       5.1641       5.773000            0.2398               611.160156             1.005294
2010-01-16 09:00:00+00:00                     416.749023                    0.41080           4.3133                         0.945                       172.5                  4.6273                       5.0488       5.267700            0.2577               414.423737             1.005611
2010-01-16 12:00:00+00:00                     253.019760                    0.32740           3.7971                         0.936                       172.5                  4.2512                       4.8578       5.267700            0.3114               252.939804             1.000316
2010-01-16 15:00:00+00:00                     175.977783                    0.30948           2.4888                         0.916                       172.5                  2.9744                       4.0095       4.806500            0.4892               185.451248             0.948917
2010-01-16 18:00:00+00:00                     180.216293                    0.30783           2.9489                         0.924                       172.5                  3.2991                       3.9734       4.806500            0.4308               181.781830             0.991388
2010-01-16 21:00:00+00:00                     204.091278                    0.31939           3.2659                         0.937                       172.5                  3.5994                       4.1386       5.267700            0.3553               204.059525             1.000156
2010-01-17 00:00:00+00:00                     166.103989                    0.27946           3.4713                         0.941                       172.5                  3.8356                       4.3832       5.267700            0.3307               165.738983             1.002202
2010-01-17 03:00:00+00:00                     171.620651                    0.27769           3.7345                         0.942                       172.5                  4.0741                       4.5668       5.267700            0.3045               170.717346             1.005291
2010-01-17 06:00:00+00:00                     171.779953                    0.27471           3.8401                         0.946                       172.5                  4.1773                       4.6651       5.267700            0.2970               170.785294             1.005824
2010-01-17 09:00:00+00:00                     159.122330                    0.25879           3.9774                         0.956                       172.5                  4.3510                       4.8673       5.773000            0.2868               158.355026             1.004845
2010-01-17 12:00:00+00:00                     150.167206                    0.24497           4.2118                         0.950                       172.5                  4.6030                       5.1205       5.773000            0.2776               149.537415             1.004212
2010-01-17 15:00:00+00:00                     146.907532                    0.23203           4.5100                         0.866                       157.5                  4.9513                       5.5767       5.773000            0.3114               146.573380             1.002280
2010-01-17 18:00:00+00:00                     199.162628                    0.25700           4.3187                         0.800                       142.5                  5.1746                       6.1954       5.773000            0.3232               200.632294             0.992675
2010-01-17 21:00:00+00:00                     442.917053                    0.49052           2.4354                         0.832                       142.5                  2.8703                       4.0039       7.598900            0.5731               465.215576             0.952068
2010-01-18 00:00:00+00:00                     771.512146                    0.63061           2.9871                         0.885                       127.5                  3.3554                       4.0522       4.001900            0.4302               778.421204             0.991124
2010-01-18 03:00:00+00:00                     986.928528                    0.73013           3.0137                         0.890                       112.5                  3.3316                       3.8614       4.001900            0.3714               993.062317             0.993823
2010-01-18 06:00:00+00:00                    1307.972778                    0.83462           3.1329                         0.872                       112.5                  3.4416                       3.9002       4.385800            0.3184              1311.027466             0.997670
2010-01-18 09:00:00+00:00                    1921.715332                    0.99726           3.2121                         0.818                       112.5                  3.5335                       4.0047       4.385800            0.3087              1923.298706             0.999177
2010-01-18 12:00:00+00:00                    3040.120117                    1.21369           3.4164                         0.748                       112.5                  3.7621                       4.2601       5.267700            0.3045              3035.709717             1.001453
2010-01-18 15:00:00+00:00                    4584.802734                    1.44903           3.6055                         0.706                        97.5                  3.9716                       4.4944       5.773000            0.3035              4572.505371             1.002689
2010-01-18 18:00:00+00:00                    4926.899414                    1.42490           3.9982                         0.762                        97.5                  4.4070                       4.9753       6.326800            0.2948              4910.911621             1.003256
2010-01-18 21:00:00+00:00                    5166.872070                    1.38525           4.4345                         0.841                       112.5                  4.8964                       5.5084       6.933700            0.2826              5157.803223             1.001758
2010-01-19 00:00:00+00:00                    5829.270020                    1.40627           4.9500                         0.889                       112.5                  5.4226                       6.0203       6.933700            0.2643              5830.276367             0.999827
2010-01-19 03:00:00+00:00                    7373.644531                    1.50777           5.6122                         0.912                       112.5                  6.0488                       6.6157       7.598900            0.2500              7395.882812             0.996993
2010-01-19 06:00:00+00:00                    9844.557617                    1.66947           6.1860                         0.921                       112.5                  6.6202                       7.1994       8.327900            0.2436              9907.859375             0.993611
2010-01-19 09:00:00+00:00                   13181.849609                    1.86952           6.7014                         0.928                       127.5                  7.1193                       7.6832       8.327900            0.2322             13304.894531             0.990752
2010-01-19 12:00:00+00:00                   16612.949219                    2.04258           7.1314                         0.933                       127.5                  7.5413                       8.1055       9.126800            0.2267             16805.271484             0.988556
2010-01-19 15:00:00+00:00                   21598.492188                    2.25715           7.6265                         0.939                       127.5                  8.0377                       8.6153      10.002400            0.2236             21891.296875             0.986625
2010-01-19 18:00:00+00:00                   25542.125000                    2.40243           7.9719                         0.941                       127.5                  8.3853                       8.9757      10.002400            0.2229             25903.914062             0.986033
2010-01-19 21:00:00+00:00                   27662.158203                    2.46378           8.1716                         0.941                       127.5                  8.5971                       9.2194      10.002400            0.2287             28032.240234             0.986798
2010-01-20 00:00:00+00:00                   30791.693359                    2.56441           8.4090                         0.951                       112.5                  8.8311                       9.4542      10.002400            0.2270             31194.669922             0.987082
2010-01-20 03:00:00+00:00                   33688.164062                    2.65138           8.6376                         0.955                       112.5                  9.0514                       9.6630      10.961900            0.2221             34133.929688             0.986941
2010-01-20 06:00:00+00:00                   36361.324219                    2.71740           8.8729                         0.953                       112.5                  9.2899                       9.9068      10.961900            0.2200             36823.980469             0.987436
2010-01-20 09:00:00+00:00                   40424.285156                    2.81628           9.1768                         0.950                       112.5                  9.5992                      10.2213      10.961900            0.2165             40900.632812             0.988354
2010-01-20 12:00:00+00:00                   44474.449219                    2.90225           9.4880                         0.950                       112.5                  9.9189                      10.5480      10.961900            0.2131             44929.808594             0.989865
2010-01-20 15:00:00+00:00                   47907.175781                    2.96749           9.7446                         0.955                       112.5                 10.1943                      10.8291      12.013500            0.2092             48322.277344             0.991410
2010-01-20 18:00:00+00:00                   47344.289062                    2.93429           9.8478                         0.959                       112.5                 10.2998                      10.9320      12.013500            0.2070             47731.546875             0.991887
2010-01-20 21:00:00+00:00                   43091.792969                    2.81089           9.7947                         0.956                       112.5                 10.2347                      10.8577      12.013500            0.2065             43480.234375             0.991066
2010-01-21 00:00:00+00:00                   37975.718750                    2.65542           9.6722                         0.948                       112.5                 10.1103                      10.7365      10.961900            0.2094             38336.730469             0.990583
2010-01-21 03:00:00+00:00                   30163.134766                    2.38373           9.4523                         0.934                       112.5                  9.9076                      10.5821      10.961900            0.2218             30414.986328             0.991719
2010-01-21 06:00:00+00:00                   23597.222656                    2.13388           9.1010                         0.923                       112.5                  9.6158                      10.3551      10.961900            0.2314             23811.400391             0.991005
2010-01-21 09:00:00+00:00                   20463.480469                    2.01065           8.7118                         0.921                       112.5                  9.3180                      10.1442      10.961900            0.2393             20678.642578             0.989595
2010-01-21 12:00:00+00:00                   17073.376953                    1.87139           8.2267                         0.920                       112.5                  8.8950                       9.7993      10.961900            0.2536             17261.503906             0.989101
2010-01-21 15:00:00+00:00                   13823.413086                    1.72184           7.8392                         0.916                       112.5                  8.4782                       9.3913      10.961900            0.2689             13963.571289             0.989963
2010-01-21 18:00:00+00:00                   12736.009766                    1.67144           7.7262                         0.919                        97.5                  8.3149                       9.1871      10.961900            0.2733             12853.195312             0.990883
2010-01-21 21:00:00+00:00                   12931.585938                    1.68234           7.8610                         0.930                        97.5                  8.4130                       9.2151      10.961900            0.2615             13063.681641             0.989888
2010-01-22 00:00:00+00:00                   12717.826172                    1.66441           7.9727                         0.935                        97.5                  8.5062                       9.2664      10.961900            0.2518             12862.604492             0.988744
2010-01-22 03:00:00+00:00                   11538.469727                    1.58797           7.9746                         0.934                        97.5                  8.5000                       9.2429      10.961900            0.2483             11676.619141             0.988169
2010-01-22 06:00:00+00:00                    9452.401367                    1.44680           7.8288                         0.929                       112.5                  8.3673                       9.1283      10.961900            0.2526              9564.791992             0.988250
2010-01-22 09:00:00+00:00                    7614.824219                    1.30615           7.6690                         0.926                       112.5                  8.2375                       9.0292      10.961900            0.2570              7705.427246             0.988242
2010-01-22 12:00:00+00:00                    6419.746094                    1.20297           7.5659                         0.923                       112.5                  8.1804                       8.9830      10.961900            0.2540              6500.536621             0.987572
2010-01-22 15:00:00+00:00                    5677.289551                    1.14102           6.7368                         0.924                        97.5                  7.8067                       8.8487      10.002400            0.2614              5755.302734             0.986445
2010-01-22 18:00:00+00:00                    5178.619141                    1.12241           5.4399                         0.925                        97.5                  6.7419                       8.3590      10.002400            0.3210              5242.595215             0.987797
2010-01-22 21:00:00+00:00                    4628.180664                    1.07626           5.1058                         0.924                        97.5                  6.3986                       8.1370      10.002400            0.3408              4684.932129             0.987886
2010-01-23 00:00:00+00:00                    4050.861816                    1.02257           4.8941                         0.923                        97.5                  6.1249                       7.8992      10.002400            0.3574              4098.661621             0.988338
2010-01-23 03:00:00+00:00                    3600.929932                    0.98481           4.6439                         0.922                        97.5                  5.7939                       7.5815      10.002400            0.3787              3640.466797             0.989140
2010-01-23 06:00:00+00:00                    3163.538330                    0.94623           4.4872                         0.922                        97.5                  5.5261                       7.2231       9.126800            0.3940              3193.860352             0.990506
2010-01-23 09:00:00+00:00                    2772.213867                    0.90656           4.4770                         0.922                        97.5                  5.3910                       6.8983       9.126800            0.3953              2793.452148             0.992397
2010-01-23 12:00:00+00:00                    2338.310547                    0.84918           4.5749                         0.922                        97.5                  5.3495                       6.6285       9.126800            0.3861              2350.703613             0.994728
2010-01-23 15:00:00+00:00                    1923.355713                    0.79100           4.5519                         0.920                        97.5                  5.1994                       6.2833       9.126800            0.3797              1928.737549             0.997210
2010-01-23 18:00:00+00:00                    1584.828979                    0.74031           4.4794                         0.915                        97.5                  5.0164                       5.9112       8.327900            0.3674              1585.278320             0.999717
2010-01-23 21:00:00+00:00                    1351.139038                    0.70071           4.4370                         0.909                        97.5                  4.8932                       5.6252       8.327900            0.3444              1348.810303             1.001727
2010-01-24 00:00:00+00:00                    1226.653564                    0.67784           4.4512                         0.905                        97.5                  4.8498                       5.4564       5.267700            0.3158              1222.887085             1.003080
2010-01-24 03:00:00+00:00                    1217.748291                    0.67737           4.5612                         0.904                        82.5                  4.9151                       5.4216       5.773000            0.2826              1213.109497             1.003824
2010-01-24 06:00:00+00:00                    1305.577026                    0.69466           4.7389                         0.913                        82.5                  5.0706                       5.5242       5.773000            0.2588              1300.902466             1.003593
2010-01-24 09:00:00+00:00                    1355.187500                    0.70255           4.8464                         0.916                        82.5                  5.1695                       5.6043       5.773000            0.2500              1350.669067             1.003345
2010-01-24 12:00:00+00:00                    1371.760132                    0.70212           4.9281                         0.916                        82.5                  5.2467                       5.6772       5.773000            0.2503              1367.258179             1.003293
2010-01-24 15:00:00+00:00                    1363.877319                    0.69308           4.9976                         0.903                        82.5                  5.3212                       5.7848       5.773000            0.2744              1358.546875             1.003924
2010-01-24 18:00:00+00:00                    1478.900635                    0.69001           5.1725                         0.828                        97.5                  5.5702                       6.2905       5.773000            0.3719              1469.434448             1.006442
2010-01-24 21:00:00+00:00                    1999.231323                    0.73857           5.6378                         0.787                       112.5                  6.2161                       7.3684       6.326800            0.4165              1987.010986             1.006150
2010-01-25 00:00:00+00:00                    2395.378906                    0.77370           6.0444                         0.812                       127.5                  6.7444                       8.0418      12.013500            0.3925              2391.167480             1.001761
2010-01-25 03:00:00+00:00                    2206.574463                    0.73795           6.0805                         0.830                       127.5                  6.8621                       8.1713      10.961900            0.3711              2212.357666             0.997386
2010-01-25 06:00:00+00:00                    1654.753662                    0.66675           4.5741                         0.828                       127.5                  5.7814                       7.5728      10.961900            0.4096              1666.682495             0.992843
2010-01-25 09:00:00+00:00                    1594.346680                    0.77539           3.4115                         0.800                       127.5                  3.9871                       5.4439      10.002400            0.5620              1596.388550             0.998721
2010-01-25 12:00:00+00:00                    2061.420898                    0.96183           3.3059                         0.808                       142.5                  3.7036                       4.5915       4.001900            0.5204              2059.541992             1.000912
2010-01-25 15:00:00+00:00                    6449.163086                    1.67308           3.8354                         0.856                       157.5                  4.1913                       4.7235       4.806500            0.3351              6416.725098             1.005055
2010-01-25 18:00:00+00:00                   20275.916016                    2.64412           5.0866                         0.840                       172.5                  5.4489                       5.9170       6.326800            0.2444             20243.429688             1.001605
2010-01-25 21:00:00+00:00                   33785.695312                    3.22418           5.6585                         0.868                       172.5                  6.0879                       6.6283       6.933700            0.2406             33886.226562             0.997033
2010-01-26 00:00:00+00:00                   59860.007812                    4.07812           6.4209                         0.878                       172.5                  6.8043                       7.3348       7.598900            0.2313             60290.531250             0.992859
2010-01-26 03:00:00+00:00                   65795.296875                    4.05993           7.3475                         0.887                       172.5                  7.6590                       8.1269       8.327900            0.2103             66578.718750             0.988233
2010-01-26 06:00:00+00:00                   55919.203125                    3.67586           7.6747                         0.912                       157.5                  7.9693                       8.4210       9.126800            0.2046             56671.117188             0.986732
2010-01-26 09:00:00+00:00                   54461.375000                    3.58197           7.8776                         0.915                       157.5                  8.1761                       8.6319       9.126800            0.2027             55243.589844             0.985841
2010-01-26 12:00:00+00:00                   53194.785156                    3.49476           8.0749                         0.916                       157.5                  8.3811                       8.8489       9.126800            0.2031             53991.675781             0.985241
2010-01-26 15:00:00+00:00                   49482.152344                    3.35397           8.1028                         0.915                       142.5                  8.4333                       8.9315       9.126800            0.2077             50222.855469             0.985252
2010-01-26 18:00:00+00:00                   44742.230469                    3.17853           8.1093                         0.924                       142.5                  8.4604                       8.9873      10.002400            0.2127             45406.019531             0.985381
2010-01-26 21:00:00+00:00                   41371.812500                    3.04327           8.1535                         0.929                       142.5                  8.5134                       9.0593      10.002400            0.2162             41978.828125             0.985540
2010-01-27 00:00:00+00:00                   39321.996094                    2.95401           8.1467                         0.931                       142.5                  8.5425                       9.1296      10.002400            0.2227             39879.371094             0.986023
2010-01-27 03:00:00+00:00                   35268.703125                    2.78841           8.0396                         0.931                       142.5                  8.5119                       9.1763      10.002400            0.2350             35727.152344             0.987168
2010-01-27 06:00:00+00:00                   32442.951172                    2.65388           8.1254                         0.932                       142.5                  8.6032                       9.3021      10.002400            0.2415             32836.101562             0.988027
2010-01-27 09:00:00+00:00                   31308.656250                    2.57524           8.3179                         0.933                       142.5                  8.7865                       9.5095      10.002400            0.2454             31655.246094             0.989051
2010-01-27 12:00:00+00:00                   32393.513672                    2.58344           8.4643                         0.935                       142.5                  8.9578                       9.7400      10.961900            0.2539             32683.300781             0.991133
2010-01-27 15:00:00+00:00                   32398.218750                    2.55713           8.5361                         0.933                       142.5                  9.0547                       9.9018      10.961900            0.2653             32590.751953             0.994092
2010-01-27 18:00:00+00:00                   30151.931641                    2.44581           8.6403                         0.928                       142.5                  9.1573                      10.0338      10.961900            0.2732             30241.087891             0.997052
2010-01-27 21:00:00+00:00                   28415.376953                    2.36262           8.7272                         0.923                       142.5                  9.2358                      10.1125      10.961900            0.2751             28456.312500             0.998561
2010-01-28 00:00:00+00:00                   27752.587891                    2.33138           8.7930                         0.918                       142.5                  9.2870                      10.1405      10.961900            0.2724             27791.066406             0.998615
2010-01-28 03:00:00+00:00                   27864.113281                    2.33302           8.8775                         0.914                       142.5                  9.3542                      10.1722      12.013500            0.2662             27923.546875             0.997872
2010-01-28 06:00:00+00:00                   27811.210938                    2.32835           8.9450                         0.911                       142.5                  9.4126                      10.2028      12.013500            0.2596             27901.681641             0.996758
2010-01-28 09:00:00+00:00                   26392.341797                    2.27254           8.9207                         0.908                       142.5                  9.3968                      10.1783      12.013500            0.2555             26511.613281             0.995501
2010-01-28 12:00:00+00:00                   22455.910156                    2.11010           8.7621                         0.906                       142.5                  9.2657                      10.0647      10.961900            0.2564             22583.429688             0.994353
2010-01-28 15:00:00+00:00                   18259.279297                    1.92075           8.0413                         0.903                       142.5                  8.8981                       9.8958      10.961900            0.2678             18375.892578             0.993654
2010-01-28 18:00:00+00:00                   15353.703125                    1.82900           6.3232                         0.891                       142.5                  7.6043                       9.2137      10.961900            0.3286             15438.145508             0.994530
2010-01-28 21:00:00+00:00                   13105.608398                    1.77997           5.4376                         0.869                       142.5                  6.5745                       8.3401      10.961900            0.3856             13153.075195             0.996391
2010-01-29 00:00:00+00:00                   11536.622070                    1.75726           4.9550                         0.843                       157.5                  5.9085                       7.5606      10.002400            0.4201             11557.428711             0.998200
2010-01-29 03:00:00+00:00                   12302.066406                    1.96405           4.4241                         0.749                       157.5                  5.1318                       6.4833      10.002400            0.4516             12286.892578             1.001235
2010-01-29 06:00:00+00:00                   11609.893555                    1.93971           4.3956                         0.739                       172.5                  5.0686                       6.2843       6.933700            0.4311             11600.212891             1.000835
2010-01-29 09:00:00+00:00                    9121.421875                    1.75158           4.1639                         0.726                       187.5                  4.8243                       6.0652       6.933700            0.4467              9115.382812             1.000663
2010-01-29 12:00:00+00:00                    6520.425293                    1.50805           3.9539                         0.727                       187.5                  4.5890                       5.8579       9.126800            0.4692              6516.500488             1.000602
2010-01-29 15:00:00+00:00                    5256.880859                    1.42017           3.6771                         0.670                       187.5                  4.2107                       5.3418       9.126800            0.4931              5251.070801             1.001107
2010-01-29 18:00:00+00:00                    4454.388184                    1.32761           3.6224                         0.699                       202.5                  4.1279                       5.1854       5.773000            0.4840              4449.700684             1.001053
2010-01-29 21:00:00+00:00                    4029.870850                    1.32105           3.4197                         0.647                       217.5                  3.8535                       4.7553       4.001900            0.4850              4028.359863             1.000375
2010-01-30 00:00:00+00:00                    2834.201172                    1.12370           3.2880                         0.654                       202.5                  3.7087                       4.6324       3.651600            0.5042              2836.933350             0.999037
2010-01-30 03:00:00+00:00                    1775.578247                    0.87585           3.2769                         0.733                       202.5                  3.7266                       4.7738      10.002400            0.5184              1777.833740             0.998731
2010-01-30 06:00:00+00:00                    1050.284790                    0.67137           3.1289                         0.783                       202.5                  3.6283                       4.8276      10.002400            0.5431              1056.779907             0.993854
2010-01-30 09:00:00+00:00                     701.792786                    0.55580           2.9537                         0.802                       202.5                  3.4506                       4.7336       9.126800            0.5789               709.700684             0.988857
2010-01-30 12:00:00+00:00                     544.021423                    0.50147           2.7185                         0.777                       187.5                  3.1922                       4.5534       9.126800            0.6368               555.048279             0.980134
2010-01-30 15:00:00+00:00                     451.293365                    0.46912           2.6441                         0.658                       187.5                  3.0416                       4.3110       9.126800            0.6795               459.117004             0.982959
2010-01-30 18:00:00+00:00                     291.074219                    0.35231           2.7594                         0.708                       172.5                  3.2512                       4.8842       9.126800            0.6846               294.539185             0.988236
2010-01-30 21:00:00+00:00                     216.445999                    0.29526           2.5408                         0.760                       172.5                  3.1184                       5.2283       9.126800            0.7121               221.976334             0.975086
2010-01-31 00:00:00+00:00                     279.838196                    0.34023           2.4418                         0.746                       157.5                  2.9812                       5.1194       9.126800            0.7305               288.384949             0.970363
2010-01-31 03:00:00+00:00                     523.675720                    0.45493           2.7561                         0.703                       157.5                  3.2934                       5.2562       9.126800            0.6759               529.885559             0.988281
2010-01-31 06:00:00+00:00                     555.338806                    0.44886           2.6766                         0.771                       157.5                  3.3576                       5.7676       9.126800            0.6451               568.047119             0.977628
2010-01-31 09:00:00+00:00                     493.886597                    0.41815           2.6996                         0.777                       157.5                  3.4164                       5.9080      10.002400            0.6316               505.472626             0.977079
2010-01-31 12:00:00+00:00                     386.316376                    0.31687           3.5987                         0.903                       172.5                  5.1936                       7.9374       9.126800            0.3849               395.576782             0.976590
2010-01-31 15:00:00+00:00                     356.161591                    0.30280           4.2545                         0.920                       172.5                  5.7576                       7.9540       9.126800            0.3550               362.025116             0.983804
2010-01-31 18:00:00+00:00                     320.501648                    0.28813           4.6685                         0.923                       172.5                  6.0168                       7.8847       9.126800            0.3433               324.780792             0.986825
2010-01-31 21:00:00+00:00                     293.004791                    0.27935           4.6878                         0.910                       172.5                  5.8959                       7.6664       9.126800            0.3547               296.378296             0.988618
2010-02-01 00:00:00+00:00                     268.313568                    0.27048           4.4767                         0.908                       172.5                  5.6867                       7.5003       9.126800            0.3616               271.516937             0.988202
2010-02-01 03:00:00+00:00                     250.410324                    0.29080           2.9647                         0.894                       172.5                  3.9067                       6.2035       8.327900            0.5138               257.226349             0.973502
2010-02-01 06:00:00+00:00                     388.756500                    0.44876           2.6701                         0.888                       187.5                  3.0361                       4.0739       8.327900            0.6097               396.374481             0.980781
2010-02-01 09:00:00+00:00                     639.325989                    0.59977           2.7339                         0.870                       187.5                  3.0608                       3.7530       4.001900            0.4919               650.811890             0.982351
2010-02-01 12:00:00+00:00                     789.005554                    0.63977           3.0415                         0.904                       202.5                  3.3970                       4.0179       4.806500            0.4009               794.229858             0.993422
2010-02-01 15:00:00+00:00                     732.219788                    0.63051           2.7316                         0.901                       202.5                  3.1427                       3.9109       4.806500            0.4440               750.308777             0.975891
2010-02-01 18:00:00+00:00                     547.606689                    0.48690           3.2330                         0.919                       187.5                  3.7170                       4.7383       4.806500            0.5564               545.208679             1.004398
2010-02-01 21:00:00+00:00                     815.568298                    0.49721           3.3930                         0.901                       172.5                  4.1774                       6.5747      13.166000            0.6770               799.051514             1.020671
2010-02-02 00:00:00+00:00                    1588.607422                    0.60756           4.1121                         0.929                       157.5                  5.3103                       8.4695      13.166000            0.5606              1557.636108             1.019884
2010-02-02 03:00:00+00:00                    2787.439453                    0.76190           4.7607                         0.943                       157.5                  6.2794                       9.4556      13.166000            0.4671              2754.039062             1.012128
2010-02-02 06:00:00+00:00                    3610.896729                    0.85423           5.4056                         0.943                       157.5                  6.9891                       9.7754      12.013500            0.4124              3587.275146             1.006585
2010-02-02 09:00:00+00:00                    3735.961914                    0.85925           5.9871                         0.942                       157.5                  7.5769                      10.0171      12.013500            0.3700              3725.764648             1.002737
2010-02-02 12:00:00+00:00                    3489.132324                    0.81814           6.4591                         0.940                       157.5                  8.1504                      10.3296      12.013500            0.3276              3490.998535             0.999465
2010-02-02 15:00:00+00:00                    3261.233154                    0.77830           7.0859                         0.937                       142.5                  8.8204                      10.6655      12.013500            0.2862              3269.929688             0.997340
2010-02-02 18:00:00+00:00                    3289.806885                    0.77162           7.7932                         0.922                       142.5                  9.4339                      10.9429      12.013500            0.2521              3304.253662             0.995628
2010-02-02 21:00:00+00:00                    3482.059814                    0.78906           8.3385                         0.900                       142.5                  9.8533                      11.0935      12.013500            0.2241              3506.680420             0.992979
2010-02-03 00:00:00+00:00                    3628.749268                    0.80478           8.7719                         0.884                       142.5                 10.1349                      11.1390      12.013500            0.2009              3663.964111             0.990389
2010-02-03 03:00:00+00:00                    3711.364990                    0.81738           9.0480                         0.874                       142.5                 10.2642                      11.0776      12.013500            0.1825              3757.086426             0.987831
2010-02-03 06:00:00+00:00                    3616.830322                    0.81552           9.1318                         0.866                       142.5                 10.2171                      10.8879      12.013500            0.1702              3670.917236             0.985266
2010-02-03 09:00:00+00:00                    3173.959229                    0.77632           9.0282                         0.860                       142.5                  9.9871                      10.5863      10.961900            0.1685              3227.308838             0.983469
2010-02-03 12:00:00+00:00                    2385.724365                    0.68821           8.3154                         0.863                       142.5                  9.4419                      10.1618      10.961900            0.1843              2427.162842             0.982927
2010-02-03 15:00:00+00:00                    1694.060303                    0.59286           7.5290                         0.875                       142.5                  8.8629                       9.7499      10.002400            0.2036              1723.079834             0.983158
2010-02-03 18:00:00+00:00                    1301.954102                    0.52900           7.1352                         0.905                       157.5                  8.4927                       9.4302      10.002400            0.2137              1323.848511             0.983462
2010-02-03 21:00:00+00:00                    1114.805054                    0.49685           7.0056                         0.926                       157.5                  8.2747                       9.1686      10.002400            0.2146              1133.306274             0.983675
2010-02-04 00:00:00+00:00                     967.610413                    0.46776           6.9467                         0.936                       157.5                  8.1457                       8.9901      10.002400            0.2097               983.673218             0.983671
2010-02-04 03:00:00+00:00                     818.370422                    0.43966           6.0113                         0.942                       157.5                  7.4015                       8.6221       9.126800            0.2464               831.281799             0.984468
2010-02-04 06:00:00+00:00                     709.321777                    0.43034           4.7627                         0.935                       157.5                  6.0474                       7.8222       9.126800            0.3386               718.436584             0.987313
2010-02-04 09:00:00+00:00                     626.321350                    0.41421           4.6810                         0.933                       157.5                  5.8012                       7.4596       9.126800            0.3544               633.111023             0.989276
2010-02-04 12:00:00+00:00                     611.517883                    0.42590           4.7016                         0.918                       157.5                  5.5431                       6.8879       8.327900            0.3707               615.568604             0.993420
2010-02-04 15:00:00+00:00                     618.332703                    0.44198           4.7744                         0.904                       142.5                  5.4203                       6.4654       8.327900            0.3615               620.421631             0.996633
2010-02-04 18:00:00+00:00                     658.490234                    0.46412           4.8488                         0.901                       142.5                  5.3946                       6.2428       8.327900            0.3380               659.552368             0.998390
2010-02-04 21:00:00+00:00                     912.614990                    0.54677           5.1421                         0.910                       142.5                  5.6113                       6.2314       8.327900            0.2793               913.628357             0.998891
2010-02-05 00:00:00+00:00                    1356.689453                    0.65242           5.7145                         0.940                       127.5                  6.0754                       6.5019       6.933700            0.2214              1359.854004             0.997673
2010-02-05 03:00:00+00:00                    1701.666992                    0.71826           6.0680                         0.950                       127.5                  6.3660                       6.7257       7.598900            0.1998              1707.576538             0.996539
2010-02-05 06:00:00+00:00                    1899.889648                    0.74876           6.1917                         0.951                       127.5                  6.5169                       6.9090       7.598900            0.2026              1908.706665             0.995381
2010-02-05 09:00:00+00:00                    2099.020264                    0.77537           6.2075                         0.949                       127.5                  6.6284                       7.1181       7.598900            0.2185              2111.833984             0.993932
2010-02-05 12:00:00+00:00                    2301.458008                    0.79025           6.6199                         0.956                       127.5                  7.0370                       7.5098       8.327900            0.2130              2320.782715             0.991673
2010-02-05 15:00:00+00:00                    2494.613281                    0.80530           6.9082                         0.957                       127.5                  7.3261                       7.8315       9.126800            0.2213              2518.981689             0.990326
2010-02-05 18:00:00+00:00                    2686.580811                    0.81260           7.3055                         0.960                       127.5                  7.7364                       8.2717      10.002400            0.2252              2717.491211             0.988625
2010-02-05 21:00:00+00:00                    2866.915527                    0.82244           7.7112                         0.965                       127.5                  8.1170                       8.6126      10.002400            0.2109              2905.458740             0.986734
2010-02-06 00:00:00+00:00                    2714.777100                    0.79313           7.8586                         0.968                       127.5                  8.2861                       8.7686      10.002400            0.2009              2754.059326             0.985737
2010-02-06 03:00:00+00:00                    2459.152344                    0.74454           8.1131                         0.967                       127.5                  8.5544                       9.0079      10.002400            0.1904              2497.439209             0.984670
2010-02-06 06:00:00+00:00                    2225.783447                    0.70097           8.2365                         0.963                       127.5                  8.7393                       9.1949      10.002400            0.1815              2262.669434             0.983698
2010-02-06 09:00:00+00:00                    1864.710449                    0.63800           8.1113                         0.957                       127.5                  8.7790                       9.2972      10.002400            0.1800              1896.646484             0.983162
2010-02-06 12:00:00+00:00                    1471.521729                    0.56454           7.9851                         0.947                       127.5                  8.7943                       9.3692      10.002400            0.1801              1497.298950             0.982784
2010-02-06 15:00:00+00:00                    1139.580078                    0.49217           7.2765                         0.932                       127.5                  8.5621                       9.4934       9.126800            0.2252              1154.129761             0.987393
2010-02-06 18:00:00+00:00                    1817.266602                    0.58085           5.5858                         0.938                       127.5                  7.8853                      10.5879      13.166000            0.3338              1806.997925             1.005683
2010-02-06 21:00:00+00:00                    4647.070312                    0.88817           7.2021                         0.953                       112.5                  9.5828                      11.5515      12.013500            0.2491              4641.746094             1.001147
2010-02-07 00:00:00+00:00                    7700.525391                    1.15195           7.8661                         0.963                       112.5                  9.9877                      11.4740      12.013500            0.2120              7751.545898             0.993418
2010-02-07 03:00:00+00:00                    7849.974609                    1.19844           7.1029                         0.964                       112.5                  9.1667                      10.9045      12.013500            0.2370              7940.569336             0.988591
2010-02-07 06:00:00+00:00                    5531.498047                    1.04193           6.8533                         0.960                       112.5                  8.5330                      10.2374      12.013500            0.2642              5607.758301             0.986401
2010-02-07 09:00:00+00:00                    3191.175049                    0.83435           6.0136                         0.952                       112.5                  7.4252                       9.2663      10.961900            0.3199              3232.212158             0.987304
2010-02-07 12:00:00+00:00                    1753.978760                    0.66149           5.2554                         0.937                        97.5                  6.3528                       8.1407      10.961900            0.3786              1770.615967             0.990604
2010-02-07 15:00:00+00:00                     990.169312                    0.54348           4.5334                         0.923                        97.5                  5.3063                       6.8325      10.002400            0.4376               993.921204             0.996225
2010-02-07 18:00:00+00:00                     714.616150                    0.56898           2.6036                         0.825                        97.5                  3.1562                       4.7045       9.126800            0.6257               739.037537             0.966955
2010-02-07 21:00:00+00:00                     580.571533                    0.55416           2.5584                         0.682                        97.5                  2.9412                       4.0183       9.126800            0.6337               595.954773             0.974187
2010-02-08 00:00:00+00:00                     413.729828                    0.46271           2.5535                         0.719                        82.5                  2.9681                       4.1128       4.806500            0.6410               425.538513             0.972250
2010-02-08 03:00:00+00:00                     348.422363                    0.44744           2.3437                         0.646                        82.5                  2.6983                       3.7770       4.806500            0.6993               364.582397             0.955675
2010-02-08 06:00:00+00:00                     301.005554                    0.41559           2.2894                         0.563                        97.5                  2.6290                       3.7792       4.806500            0.7744               314.713745             0.956442
2010-02-08 09:00:00+00:00                     316.855591                    0.40724           2.3124                         0.533                       112.5                  2.6502                       4.0452      14.429100            0.8775               324.057434             0.977776
2010-02-08 12:00:00+00:00                     386.237213                    0.37912           2.5366                         0.694                       142.5                  3.0651                       5.4604      14.429100            0.8548               382.838623             1.008877
2010-02-08 15:00:00+00:00                     649.927246                    0.44500           2.8328                         0.781                       142.5                  3.5384                       6.5470      14.429100            0.7701               637.231384             1.019923
2010-02-08 18:00:00+00:00                    1129.992432                    0.49605           4.0046                         0.891                       142.5                  5.3754                       9.0067      13.166000            0.5368              1108.429810             1.019453
2010-02-08 21:00:00+00:00                    1979.527466                    0.60295           5.5776                         0.935                       142.5                  7.5607                      10.6184      13.166000            0.3815              1953.156616             1.013502
2010-02-09 00:00:00+00:00                    3135.647705                    0.73187           6.3793                         0.941                       142.5                  8.6095                      11.3388      13.166000            0.3314              3088.979004             1.015108
2010-02-09 03:00:00+00:00                    4157.722168                    0.82028           7.1194                         0.938                       142.5                  9.4821                      11.8983      13.166000            0.2950              4088.425049             1.016950
2010-02-09 06:00:00+00:00                    4911.820312                    0.88301           7.4301                         0.924                       142.5                  9.8376                      12.1147      13.166000            0.2772              4831.435059             1.016638
2010-02-09 09:00:00+00:00                    5256.876465                    0.91347           7.9865                         0.915                       127.5                 10.2417                      12.1560      13.166000            0.2544              5189.701172             1.012944
2010-02-09 12:00:00+00:00                    5234.369629                    0.92243           7.9733                         0.907                       127.5                 10.1222                      11.9384      13.166000            0.2510              5189.036621             1.008736
2010-02-09 15:00:00+00:00                    4910.634277                    0.90880           7.7053                         0.897                       127.5                  9.8013                      11.6150      13.166000            0.2549              4888.854980             1.004455
2010-02-09 18:00:00+00:00                    4149.511719                    0.85320           7.5922                         0.881                       127.5                  9.5172                      11.2212      13.166000            0.2567              4150.979004             0.999647
2010-02-09 21:00:00+00:00                    3330.607910                    0.77685           7.3808                         0.862                       127.5                  9.2294                      10.9152      13.166000            0.2625              3340.050537             0.997173
2010-02-10 00:00:00+00:00                    2741.651123                    0.71195           7.2674                         0.840                       127.5                  9.0329                      10.7234      12.013500            0.2692              2752.176514             0.996176
2010-02-10 03:00:00+00:00                    2232.720947                    0.65282           6.9399                         0.817                       127.5                  8.6469                      10.4199      12.013500            0.2852              2243.592773             0.995154
2010-02-10 06:00:00+00:00                    1571.659302                    0.56331           6.4995                         0.821                       142.5                  8.0934                       9.8938      12.013500            0.3083              1580.184082             0.994605
2010-02-10 09:00:00+00:00                    1103.200928                    0.48581           6.1139                         0.850                       157.5                  7.5587                       9.3616      10.961900            0.3359              1107.837036             0.995815
2010-02-10 12:00:00+00:00                     788.992554                    0.42309           5.3535                         0.868                       157.5                  6.7936                       8.8595      10.961900            0.3759               792.337891             0.995778
2010-02-10 15:00:00+00:00                     667.499817                    0.51019           2.4367                         0.779                       157.5                  3.0104                       5.4092      10.961900            0.7532               686.562439             0.972235
2010-02-10 18:00:00+00:00                     720.305969                    0.57587           2.7350                         0.653                       127.5                  3.1252                       4.5186      10.961900            0.7242               726.194946             0.991891
2010-02-10 21:00:00+00:00                    1124.866455                    0.78666           2.7958                         0.635                        97.5                  3.0826                       3.8016       3.331900            0.5830              1134.470459             0.991534
2010-02-11 00:00:00+00:00                    1650.473999                    0.94914           2.9883                         0.690                        67.5                  3.2773                       3.8152       4.001900            0.4422              1657.567017             0.995721
2010-02-11 03:00:00+00:00                    2188.501221                    1.06570           3.2014                         0.714                        67.5                  3.5048                       3.9913       4.385800            0.3651              2188.790527             0.999868
2010-02-11 06:00:00+00:00                    2558.315918                    1.12743           3.3296                         0.699                        67.5                  3.6551                       4.1585       4.806500            0.3416              2555.267090             1.001193
2010-02-11 09:00:00+00:00                    2774.700195                    1.15836           3.3673                         0.696                        67.5                  3.7197                       4.2714       5.267700            0.3442              2772.784424             1.000691
2010-02-11 12:00:00+00:00                    2861.896729                    1.15468           3.4106                         0.721                        82.5                  3.8026                       4.4321       5.773000            0.3545              2862.025879             0.999955
2010-02-11 15:00:00+00:00                    2896.604736                    1.11852           3.5848                         0.787                        97.5                  4.0355                       4.7679       6.326800            0.3586              2895.772217             1.000288
2010-02-11 18:00:00+00:00                    2791.803955                    1.04771           3.9304                         0.868                        97.5                  4.4435                       5.2191       6.326800            0.3361              2789.888672             1.000687
2010-02-11 21:00:00+00:00                    2847.472900                    1.01921           4.1633                         0.924                        97.5                  4.7992                       5.6258       6.933700            0.3119              2853.972412             0.997723
2010-02-12 00:00:00+00:00                    3163.099854                    1.02434           5.0972                         0.952                        97.5                  5.5726                       6.1557       6.933700            0.2591              3165.995850             0.999085
2010-02-12 03:00:00+00:00                    3448.813477                    1.04465           5.4583                         0.957                        97.5                  5.8935                       6.4474       7.598900            0.2512              3455.872803             0.997957
2010-02-12 06:00:00+00:00                    4014.013184                    1.09544           5.8208                         0.956                        97.5                  6.2554                       6.8201       7.598900            0.2493              4030.280273             0.995964
2010-02-12 09:00:00+00:00                    4922.958984                    1.18019           6.2027                         0.947                        97.5                  6.6326                       7.2008       8.327900            0.2461              4952.394043             0.994056
2010-02-12 12:00:00+00:00                    6899.587402                    1.33885           6.7523                         0.919                       112.5                  7.2000                       7.8236       8.327900            0.2540              6955.219727             0.992001
2010-02-12 15:00:00+00:00                   10415.299805                    1.56426           7.4365                         0.918                       112.5                  7.9181                       8.6116       9.126800            0.2583             10509.223633             0.991063
2010-02-12 18:00:00+00:00                   15083.796875                    1.79120           8.1213                         0.917                       112.5                  8.6533                       9.4413      10.002400            0.2628             15197.096680             0.992545
2010-02-12 21:00:00+00:00                   18405.679688                    1.91773           8.5676                         0.914                       112.5                  9.1281                       9.9821      10.961900            0.2659             18489.361328             0.995474
2010-02-13 00:00:00+00:00                   21015.908203                    2.01425           8.8709                         0.923                       112.5                  9.4331                      10.2957      12.013500            0.2614             21085.677734             0.996691
2010-02-13 03:00:00+00:00                   22615.714844                    2.09208           9.0083                         0.928                       112.5                  9.5183                      10.2942      10.961900            0.2475             22743.087891             0.994399
2010-02-13 06:00:00+00:00                   20591.835938                    2.01815           8.9301                         0.923                       112.5                  9.3992                      10.1121      10.961900            0.2390             20762.480469             0.991781
2010-02-13 09:00:00+00:00                   19085.310547                    1.94420           8.9897                         0.923                        97.5                  9.4440                      10.1183      10.961900            0.2287             19281.458984             0.989827
2010-02-13 12:00:00+00:00                   15553.966797                    1.76121           8.9283                         0.923                        97.5                  9.3889                      10.0613      10.961900            0.2268             15727.100586             0.988991
2010-02-13 15:00:00+00:00                   10938.420898                    1.48561           8.6946                         0.924                        97.5                  9.2037                       9.9448      10.961900            0.2384             11051.326172             0.989784
2010-02-13 18:00:00+00:00                    9048.625977                    1.34966           8.5901                         0.928                        97.5                  9.1532                       9.9598      10.961900            0.2458              9135.974609             0.990439
2010-02-13 21:00:00+00:00                    8196.067383                    1.28698           8.4821                         0.932                        97.5                  9.0867                       9.9284      10.961900            0.2478              8279.047852             0.989977
2010-02-14 00:00:00+00:00                    6981.322266                    1.19689           8.3173                         0.935                        97.5                  8.9481                       9.7991      10.961900            0.2473              7060.720703             0.988755
2010-02-14 03:00:00+00:00                    5293.278320                    1.05824           7.9347                         0.933                        97.5                  8.6155                       9.5273      10.002400            0.2569              5356.069824             0.988277
2010-02-14 06:00:00+00:00                    4020.320068                    0.93904           7.5167                         0.931                        97.5                  8.2395                       9.2111      10.002400            0.2688              4068.227051             0.988224
2010-02-14 09:00:00+00:00                    3385.244141                    0.87529           7.2719                         0.934                        97.5                  7.9870                       8.9470      10.002400            0.2711              3426.793457             0.987875
2010-02-14 12:00:00+00:00                    3052.116943                    0.84300           7.1481                         0.938                        97.5                  7.8130                       8.7124      10.002400            0.2679              3090.106445             0.987706
2010-02-14 15:00:00+00:00                    2527.497559                    0.78684           6.8431                         0.934                        97.5                  7.4475                       8.2961      10.002400            0.2724              2555.887695             0.988892
2010-02-14 18:00:00+00:00                    1979.725220                    0.71740           6.4488                         0.922                        97.5                  7.0079                       7.8251       9.126800            0.2833              1997.366089             0.991168
2010-02-14 21:00:00+00:00                    1328.031372                    0.62123           5.7227                         0.898                        82.5                  6.2269                       7.0071       9.126800            0.3058              1333.464722             0.995925
2010-02-15 00:00:00+00:00                    1022.400757                    0.58513           4.7486                         0.828                        82.5                  5.2538                       6.0898       6.933700            0.3487              1021.532593             1.000850
2010-02-15 03:00:00+00:00                     856.342285                    0.56916           4.2887                         0.725                        67.5                  4.7117                       5.4009       6.326800            0.3482               853.086182             1.003817
2010-02-15 06:00:00+00:00                     730.920410                    0.54511           3.9688                         0.664                        67.5                  4.3933                       5.0398       6.326800            0.3423               728.366577             1.003506
2010-02-15 09:00:00+00:00                     747.645264                    0.57643           3.5666                         0.527                        67.5                  3.9911                       4.6352       5.267700            0.3505               746.985901             1.000883
2010-02-15 12:00:00+00:00                     778.263611                    0.59142           3.6745                         0.577                       202.5                  4.0395                       4.5714       5.267700            0.3250               775.175964             1.003983
2010-02-15 15:00:00+00:00                     806.541565                    0.58991           3.8188                         0.675                       187.5                  4.1830                       4.7349       5.267700            0.3729               799.710327             1.008542
2010-02-15 18:00:00+00:00                     900.850708                    0.57288           3.9116                         0.729                       187.5                  4.3554                       5.4615       5.267700            0.6117               874.340332             1.030320
2010-02-15 21:00:00+00:00                    1514.802979                    0.61522           4.5601                         0.826                       157.5                  5.3075                       7.6881      15.813300            0.6473              1441.796997             1.050635
2010-02-16 00:00:00+00:00                    2577.424072                    0.69929           5.6383                         0.894                       157.5                  6.9545                      10.0415      14.429100            0.4993              2474.136963             1.041747
2010-02-16 03:00:00+00:00                    3164.548584                    0.75623           6.1371                         0.916                       142.5                  7.7064                      10.6341      14.429100            0.4249              3077.324219             1.028344
2010-02-16 06:00:00+00:00                    2671.578369                    0.70237           6.2158                         0.916                       142.5                  7.8359                      10.5231      13.166000            0.3957              2624.776611             1.017831
2010-02-16 09:00:00+00:00                    1856.135742                    0.59559           6.0113                         0.908                       142.5                  7.6501                      10.2603      13.166000            0.3868              1836.745728             1.010557
2010-02-16 12:00:00+00:00                    1253.982910                    0.49999           5.6350                         0.906                       157.5                  7.2610                       9.9067      12.013500            0.3923              1246.641113             1.005889
2010-02-16 15:00:00+00:00                     970.714844                    0.44525           5.5403                         0.917                       157.5                  7.1684                       9.7123      12.013500            0.3849               967.862976             1.002947
2010-02-16 18:00:00+00:00                     955.706116                    0.44201           5.8229                         0.925                       157.5                  7.4643                       9.7205      12.013500            0.3589               954.689697             1.001065
2010-02-16 21:00:00+00:00                    1086.454346                    0.47570           5.8227                         0.916                       157.5                  7.5021                       9.5736      12.013500            0.3450              1087.911621             0.998661
2010-02-17 00:00:00+00:00                    1312.117920                    0.63642           3.1949                         0.769                       157.5                  3.9950                       6.5803      12.013500            0.6305              1310.296265             1.001390
2010-02-17 03:00:00+00:00                    1371.319702                    0.71921           3.0231                         0.704                       157.5                  3.5673                       5.4361      10.961900            0.6777              1371.397461             0.999943
2010-02-17 06:00:00+00:00                    1137.677856                    0.65353           3.1561                         0.715                       157.5                  3.7377                       5.4756      10.961900            0.6258              1140.897095             0.997178
2010-02-17 09:00:00+00:00                     962.728821                    0.58765           3.3803                         0.760                       142.5                  4.0391                       5.7266      10.002400            0.5680               966.446045             0.996154
2010-02-17 12:00:00+00:00                     927.664368                    0.57741           3.7799                         0.751                       142.5                  4.3591                       5.6919      10.002400            0.5126               927.179993             1.000522
2010-02-17 15:00:00+00:00                     887.374207                    0.56940           3.9120                         0.727                       142.5                  4.4440                       5.5975      10.002400            0.4815               886.097473             1.001441
2010-02-17 18:00:00+00:00                     780.759399                    0.52576           4.1100                         0.751                       142.5                  4.6773                       5.7758       9.126800            0.4410               780.511902             1.000317
2010-02-17 21:00:00+00:00                     895.149109                    0.55869           4.5075                         0.790                       127.5                  5.0092                       5.8546       5.773000            0.3763               893.861206             1.001441
2010-02-18 00:00:00+00:00                    1203.538818                    0.61534           4.9405                         0.832                       127.5                  5.4859                       6.4539       5.773000            0.3979              1200.338745             1.002666
2010-02-18 03:00:00+00:00                    2396.030029                    0.78700           5.8827                         0.899                       142.5                  6.5985                       7.8122      12.013500            0.3764              2399.541260             0.998537
2010-02-18 06:00:00+00:00                    3773.663086                    0.94146           6.6715                         0.924                       142.5                  7.4308                       8.5835      12.013500            0.3298              3793.588379             0.994748
2010-02-18 09:00:00+00:00                    4794.927734                    1.04298           7.0719                         0.930                       142.5                  7.7901                       8.8658      10.961900            0.3151              4818.646484             0.995078
2010-02-18 12:00:00+00:00                    5899.416504                    1.13673           7.3671                         0.930                       142.5                  8.0622                       9.1430      12.013500            0.3161              5914.493652             0.997451
2010-02-18 15:00:00+00:00                    6700.031738                    1.19091           7.5608                         0.929                       142.5                  8.2814                       9.4180      12.013500            0.3195              6700.151855             0.999982
2010-02-18 18:00:00+00:00                    6582.737305                    1.16636           7.6334                         0.921                       127.5                  8.3840                       9.6017      13.166000            0.3294              6560.740234             1.003353
2010-02-18 21:00:00+00:00                    5314.262695                    1.06311           7.1723                         0.908                       127.5                  7.9850                       9.3336      12.013500            0.3524              5288.244629             1.004920
2010-02-19 00:00:00+00:00                    4181.973633                    0.97159           6.4306                         0.877                       127.5                  7.3427                       8.8336      12.013500            0.3770              4165.424316             1.003973
2010-02-19 03:00:00+00:00                    3637.691406                    0.92733           6.2108                         0.852                       142.5                  7.0810                       8.4912      12.013500            0.3701              3638.602783             0.999750
2010-02-19 06:00:00+00:00                    3923.591797                    0.96802           6.3304                         0.845                       142.5                  7.1898                       8.4482      10.961900            0.3372              3943.637695             0.994917
2010-02-19 09:00:00+00:00                    3930.717041                    0.96255           6.4707                         0.843                       142.5                  7.3601                       8.5741      10.961900            0.3174              3960.847168             0.992393
2010-02-19 12:00:00+00:00                    3323.728027                    0.88133           6.3159                         0.850                       157.5                  7.3232                       8.6508      10.002400            0.3186              3352.149658             0.991521
2010-02-19 15:00:00+00:00                    2488.701172                    0.77700           5.8527                         0.855                       157.5                  6.8555                       8.3369      10.002400            0.3502              2505.343750             0.993357
2010-02-19 18:00:00+00:00                    1920.920532                    0.70619           5.3982                         0.853                       157.5                  6.2920                       7.7978      10.002400            0.3871              1928.307617             0.996169
2010-02-19 21:00:00+00:00                    1355.744995                    0.60745           5.1262                         0.848                       157.5                  5.9618                       7.4482      10.002400            0.4044              1359.442017             0.997280
2010-02-20 00:00:00+00:00                     910.639526                    0.51102           4.7473                         0.841                       172.5                  5.5375                       7.0794       9.126800            0.4347               912.077209             0.998424
2010-02-20 03:00:00+00:00                     684.668274                    0.45814           4.4080                         0.831                       172.5                  5.1044                       6.6294       9.126800            0.4726               684.315491             1.000516
2010-02-20 06:00:00+00:00                     497.518219                    0.38981           4.2376                         0.809                       172.5                  5.0238                       6.6634       9.126800            0.4810               498.071045             0.998890
2010-02-20 09:00:00+00:00                     398.753723                    0.35147           3.7720                         0.782                       172.5                  4.6646                       6.5975      10.002400            0.5108               400.723175             0.995085
2010-02-20 12:00:00+00:00                     352.777405                    0.32652           3.9700                         0.768                       172.5                  4.8326                       6.7377      10.002400            0.4983               353.547028             0.997823
2010-02-20 15:00:00+00:00                     342.315033                    0.31575           4.2634                         0.752                       172.5                  5.1776                       6.9833      10.002400            0.4623               343.252014             0.997270
2010-02-20 18:00:00+00:00                     341.843567                    0.31191           4.6191                         0.733                       142.5                  5.5381                       7.1421       9.126800            0.4236               342.953735             0.996763
2010-02-20 21:00:00+00:00                     338.390686                    0.31332           4.6137                         0.717                       142.5                  5.4940                       7.0113       9.126800            0.4191               339.411102             0.996994
2010-02-21 00:00:00+00:00                     342.473633                    0.33320           3.9422                         0.701                       172.5                  4.7184                       6.3006       9.126800            0.4783               343.223358             0.997816
2010-02-21 03:00:00+00:00                     337.031036                    0.33743           4.0742                         0.731                       172.5                  4.7112                       6.0378       9.126800            0.4749               336.691956             1.001007
2010-02-21 06:00:00+00:00                     304.283752                    0.30661           4.3247                         0.772                       172.5                  5.1060                       6.5895       9.126800            0.4502               304.571533             0.999055
2010-02-21 09:00:00+00:00                     289.282562                    0.28148           4.8234                         0.820                       172.5                  5.8370                       7.4167       9.126800            0.3964               290.601318             0.995462
2010-02-21 12:00:00+00:00                     289.111450                    0.27172           5.2385                         0.867                       172.5                  6.3966                       7.9446       9.126800            0.3537               291.157227             0.992974
2010-02-21 15:00:00+00:00                     280.388947                    0.27029           5.0119                         0.904                       172.5                  6.1575                       7.7960       8.327900            0.3640               282.414734             0.992827
2010-02-21 18:00:00+00:00                     269.239471                    0.26866           4.8346                         0.932                       172.5                  5.9593                       7.5956       8.327900            0.3643               271.461639             0.991814
2010-02-21 21:00:00+00:00                     254.757538                    0.25742           5.1961                         0.953                       172.5                  6.3688                       7.8333       8.327900            0.3211               257.453949             0.989527
2010-02-22 00:00:00+00:00                     256.970581                    0.25354           5.5583                         0.972                       172.5                  6.8338                       8.1488       9.126800            0.2781               260.392029             0.986860
2010-02-22 03:00:00+00:00                     252.462402                    0.24627           6.1851                         0.982                       172.5                  7.4392                       8.4804       9.126800            0.2349               256.273071             0.985130
2010-02-22 06:00:00+00:00                     238.228973                    0.23747           6.7053                         0.985                       172.5                  7.7870                       8.6021       9.126800            0.2104               241.914322             0.984766
2010-02-22 09:00:00+00:00                     198.311981                    0.23270           3.7861                         0.977                       172.5                  5.2485                       7.5522       9.126800            0.3752               202.429306             0.979660
2010-02-22 12:00:00+00:00                     143.495438                    0.19526           4.7520                         0.975                       172.5                  6.0336                       7.6931       8.327900            0.3217               145.334091             0.987349
2010-02-22 15:00:00+00:00                      96.396599                    0.16217           4.6090                         0.965                       172.5                  5.8932                       7.5041       8.327900            0.3152                97.656059             0.987103
2010-02-22 18:00:00+00:00                      62.409519                    0.13409           4.1570                         0.953                       172.5                  5.4080                       7.1295       8.327900            0.3363                63.265137             0.986476
2010-02-22 21:00:00+00:00                      41.914791                    0.11807           3.4107                         0.896                       172.5                  4.3681                       6.2226       7.598900            0.4309                42.540131             0.985300
2010-02-23 00:00:00+00:00                      30.935249                    0.11708           2.6316                         0.753                       172.5                  3.1891                       4.7862       7.598900            0.5837                31.853788             0.971164
2010-02-23 03:00:00+00:00                      26.505251                    0.11320           2.6406                         0.674                       142.5                  3.0870                       4.3738       7.598900            0.5965                27.134235             0.976820
2010-02-23 06:00:00+00:00                      26.888170                    0.10612           2.9026                         0.729                       142.5                  3.5006                       4.9957       6.933700            0.5373                27.354343             0.982958
2010-02-23 09:00:00+00:00                      44.374081                    0.13515           3.1661                         0.700                       142.5                  3.7361                       5.0359       7.598900            0.4984                44.736897             0.991890
2010-02-23 12:00:00+00:00                      61.356121                    0.16098           3.2257                         0.661                       142.5                  3.7573                       4.9050       7.598900            0.4805                61.765396             0.993374
2010-02-23 15:00:00+00:00                      81.005043                    0.20232           2.4906                         0.658                       127.5                  3.0082                       4.2988       7.598900            0.5594                85.146286             0.951363
2010-02-23 18:00:00+00:00                     214.691650                    0.37482           2.4358                         0.764                       142.5                  2.6785                       3.2852       2.774200            0.5379               221.778595             0.968045
2010-02-23 21:00:00+00:00                     310.261383                    0.44257           2.6041                         0.788                       127.5                  2.8458                       3.3615       3.040300            0.4730               316.545807             0.980147
2010-02-24 00:00:00+00:00                     465.129211                    0.54048           2.6747                         0.806                       127.5                  2.9234                       3.3726       3.331900            0.4128               473.692749             0.981922
2010-02-24 03:00:00+00:00                     785.344666                    0.68084           2.8727                         0.833                       112.5                  3.1345                       3.5492       3.651600            0.3603               791.989990             0.991609
2010-02-24 06:00:00+00:00                    1117.264038                    0.77403           3.1141                         0.860                       112.5                  3.4052                       3.8666       4.001900            0.3721              1117.613770             0.999687
2010-02-24 09:00:00+00:00                    1831.690186                    0.94595           3.3346                         0.881                       112.5                  3.6584                       4.2143       4.385800            0.4152              1823.683228             1.004391
2010-02-24 12:00:00+00:00                    2905.266602                    1.13606           3.5801                         0.889                       112.5                  3.9522                       4.6145       4.806500            0.4305              2888.123291             1.005936
2010-02-24 15:00:00+00:00                    4524.483887                    1.33503           3.9669                         0.892                       112.5                  4.4101                       5.1851       5.267700            0.4182              4499.308105             1.005595
2010-02-24 18:00:00+00:00                    6518.812988                    1.54632           4.2167                         0.893                       112.5                  4.7172                       5.5622       5.773000            0.4019              6492.187012             1.004101
2010-02-24 21:00:00+00:00                    8904.705078                    1.76512           4.4366                         0.891                       112.5                  4.9703                       5.8281       6.326800            0.3796              8880.271484             1.002751
2010-02-25 00:00:00+00:00                   12584.407227                    2.03662           4.7818                         0.888                       112.5                  5.3420                       6.1830       6.933700            0.3476             12573.226562             1.000889
2010-02-25 03:00:00+00:00                   17768.988281                    2.37049           5.0149                         0.888                       112.5                  5.5972                       6.4427       6.933700            0.3314             17781.212891             0.999313
2010-02-25 06:00:00+00:00                   24582.728516                    2.67317           5.6079                         0.896                       112.5                  6.1873                       6.9995       7.598900            0.3061             24662.400391             0.996769
2010-02-25 09:00:00+00:00                   35086.574219                    3.07885           6.1125                         0.903                       127.5                  6.7029                       7.5229       8.327900            0.2926             35292.273438             0.994172
2010-02-25 12:00:00+00:00                   45985.035156                    3.42685           6.5549                         0.908                       112.5                  7.1393                       7.9525       9.126800            0.2804             46358.628906             0.991941
2010-02-25 15:00:00+00:00                   58460.265625                    3.73516           7.1718                         0.914                       127.5                  7.7229                       8.4985       9.126800            0.2629             59085.398438             0.989420
2010-02-25 18:00:00+00:00                   69506.937500                    3.97318           7.5609                         0.921                       112.5                  8.1249                       8.9134      10.002400            0.2564             70327.054688             0.988339
2010-02-25 21:00:00+00:00                   87341.453125                    4.40654           7.3150                         0.927                       112.5                  8.0875                       9.0854      10.002400            0.2761             88282.585938             0.989340
2010-02-26 00:00:00+00:00                  111330.546875                    4.93048           7.2071                         0.926                       112.5                  8.0996                       9.2294      10.961900            0.2878            112391.703125             0.990558
2010-02-26 03:00:00+00:00                  146430.984375                    5.67984           7.0062                         0.914                       112.5                  7.9156                       9.1372      10.961900            0.3059            147564.406250             0.992319
2010-02-26 06:00:00+00:00                  170213.437500                    5.91219           8.2336                         0.917                       112.5                  8.8595                       9.7706      10.961900            0.2628            171744.781250             0.991084
2010-02-26 09:00:00+00:00                  186314.578125                    5.99328           9.1560                         0.926                       112.5                  9.6361                      10.3640      10.961900            0.2316            188007.468750             0.990996
2010-02-26 12:00:00+00:00                  205793.921875                    6.14844           9.7230                         0.927                       112.5                 10.1591                      10.8218      12.013500            0.2172            207292.234375             0.992772
2010-02-26 15:00:00+00:00                  214229.015625                    6.16844          10.0663                         0.931                       112.5                 10.4939                      11.1415      12.013500            0.2114            215304.421875             0.995005
2010-02-26 18:00:00+00:00                  201276.312500                    5.93394          10.2068                         0.935                       112.5                 10.6361                      11.2850      12.013500            0.2099            202021.812500             0.996310
2010-02-26 21:00:00+00:00                  188257.000000                    5.72148          10.2659                         0.935                       112.5                 10.6939                      11.3421      12.013500            0.2093            188842.875000             0.996898
2010-02-27 00:00:00+00:00                  175588.765625                    5.51598          10.2997                         0.934                       112.5                 10.7274                      11.3752      12.013500            0.2090            176075.546875             0.997235
2010-02-27 03:00:00+00:00                  166185.078125                    5.35699          10.3434                         0.934                       112.5                 10.7671                      11.4094      12.013500            0.2078            166612.250000             0.997436
2010-02-27 06:00:00+00:00                  155981.937500                    5.18354          10.3654                         0.933                       112.5                 10.7884                      11.4314      12.013500            0.2081            156323.453125             0.997815
2010-02-27 09:00:00+00:00                  149916.234375                    5.06584          10.4252                         0.930                       112.5                 10.8474                      11.4899      12.013500            0.2077            150132.781250             0.998558
2010-02-27 12:00:00+00:00                  150181.593750                    5.04580          10.5506                         0.922                       112.5                 10.9642                      11.5884      12.013500            0.2035            150331.796875             0.999001
2010-02-27 15:00:00+00:00                  150103.671875                    5.01814          10.6764                         0.913                       112.5                 11.0862                      11.6954      12.013500            0.1993            150177.843750             0.999506
2010-02-27 18:00:00+00:00                  136618.375000                    4.77427          10.6951                         0.911                       112.5                 11.1248                      11.7492      12.013500            0.1994            136614.750000             1.000027
2010-02-27 21:00:00+00:00                  112602.929688                    4.36195          10.5434                         0.908                       112.5                 10.9866                      11.6270      12.013500            0.2020            112750.437500             0.998692
2010-02-28 00:00:00+00:00                   88476.304688                    3.92256          10.2105                         0.901                       112.5                 10.6743                      11.3478      12.013500            0.2090             88809.445312             0.996249
2010-02-28 03:00:00+00:00                   68620.757812                    3.51531           9.8137                         0.897                       112.5                 10.2977                      11.0103      12.013500            0.2185             69035.476562             0.993993
2010-02-28 06:00:00+00:00                   56899.003906                    3.23710           9.5773                         0.896                       112.5                 10.0666                      10.7959      12.013500            0.2240             57311.714844             0.992799
2010-02-28 09:00:00+00:00                   49919.812500                    3.05043           9.4610                         0.897                       112.5                  9.9486                      10.6810      12.013500            0.2266             50309.011719             0.992264
2010-02-28 12:00:00+00:00                   44521.664062                    2.88664           9.4209                         0.898                       112.5                  9.9064                      10.6400      12.013500            0.2282             44865.253906             0.992342
2010-02-28 15:00:00+00:00                   41978.562500                    2.78678           9.5144                         0.903                       112.5                 10.0068                      10.7450      12.013500            0.2275             42259.500000             0.993352
2010-02-28 18:00:00+00:00                   39086.507812                    2.67808           9.5604                         0.911                       112.5                 10.0667                      10.8187      12.013500            0.2281             39315.707031             0.994170
2010-02-28 21:00:00+00:00                   34470.617188                    2.51726           9.4936                         0.917                       112.5                 10.0169                      10.7954      12.013500            0.2322             34654.976562             0.994680
2010-03-01 00:00:00+00:00                   30176.144531                    2.37217           9.3806                         0.919                       112.5                  9.9014                      10.6677      12.013500            0.2312             30383.125000             0.993188
2010-03-01 03:00:00+00:00                   26033.486328                    2.26949           6.7212                         0.913                       112.5                  8.4273                      10.1107      12.013500            0.2819             26252.117188             0.991672
2010-03-01 06:00:00+00:00                   23474.695312                    2.37401           4.9299                         0.829                       112.5                  6.1514                       8.3923      10.961900            0.4291             23552.539062             0.996695
2010-03-01 09:00:00+00:00                   22073.195312                    2.49786           4.6451                         0.682                        97.5                  5.4555                       7.1626      10.961900            0.4744             22060.769531             1.000563
2010-03-01 12:00:00+00:00                   18189.755859                    2.35837           4.4721                         0.641                        97.5                  5.1612                       6.6378      10.961900            0.4813             18157.644531             1.001768
2010-03-01 15:00:00+00:00                   15107.250000                    2.20345           4.3584                         0.638                        82.5                  4.9923                       6.3270      10.961900            0.4776             15075.420898             1.002111
2010-03-01 18:00:00+00:00                   12172.357422                    1.96130           4.3901                         0.728                        82.5                  5.0686                       6.4387      10.961900            0.4637             12164.416992             1.000653
2010-03-01 21:00:00+00:00                    9954.737305                    1.78953           4.2412                         0.755                        82.5                  4.9356                       6.3355      10.961900            0.4674              9957.492188             0.999723
2010-03-02 00:00:00+00:00                    7785.397461                    1.58490           4.2599                         0.788                        82.5                  4.9659                       6.3214      10.961900            0.4527              7792.291992             0.999115
2010-03-02 03:00:00+00:00                    6530.020020                    1.43215           4.4275                         0.840                        82.5                  5.1763                       6.4922      10.961900            0.4227              6542.395020             0.998109
2010-03-02 06:00:00+00:00                    6967.061523                    1.41891           5.0097                         0.893                        82.5                  5.8132                       7.0481      10.002400            0.3685              6999.151367             0.995415
2010-03-02 09:00:00+00:00                    9935.530273                    1.58956           5.8178                         0.927                        82.5                  6.7496                       7.9860      10.002400            0.3245             10018.966797             0.991672
2010-03-02 12:00:00+00:00                   17222.857422                    1.91535           6.8829                         0.943                        97.5                  8.0412                       9.4154      12.013500            0.3076             17325.871094             0.994054
2010-03-02 15:00:00+00:00                   26660.728516                    2.31245           7.9154                         0.948                        97.5                  8.8678                       9.9482      10.002400            0.2748             26786.041016             0.995322
2010-03-02 18:00:00+00:00                   40331.230469                    2.76005           9.0968                         0.953                        97.5                  9.7206                      10.5316      10.961900            0.2387             40566.886719             0.994191
2010-03-02 21:00:00+00:00                   49604.937500                    3.00475           9.6722                         0.958                        97.5                 10.1946                      10.9070      12.013500            0.2183             49927.882812             0.993532
2010-03-03 00:00:00+00:00                   46135.039062                    2.90589           9.7044                         0.959                        97.5                 10.1942                      10.8713      12.013500            0.2114             46531.695312             0.991476
2010-03-03 03:00:00+00:00                   32473.218750                    2.49598           9.2385                         0.953                        97.5                  9.7330                      10.4322      12.013500            0.2198             32839.019531             0.988861
2010-03-03 06:00:00+00:00                   21162.427734                    2.07833           8.6173                         0.948                        97.5                  9.1241                       9.8579      10.961900            0.2344             21426.490234             0.987676
2010-03-03 09:00:00+00:00                   14438.190430                    1.77031           8.0181                         0.945                        97.5                  8.5558                       9.3100      10.961900            0.2449             14624.499023             0.987261
2010-03-03 12:00:00+00:00                    9986.533203                    1.51806           7.3259                         0.937                        97.5                  7.9722                       8.7831      10.002400            0.2582             10107.060547             0.988075
2010-03-03 15:00:00+00:00                    7080.419434                    1.34730           5.4154                         0.924                        82.5                  6.5411                       7.9335      10.002400            0.3272              7147.789062             0.990575
2010-03-03 18:00:00+00:00                    5691.113281                    1.28596           4.5442                         0.910                        82.5                  5.4846                       7.0190       9.126800            0.3979              5724.068848             0.994243
2010-03-03 21:00:00+00:00                    5133.585938                    1.26449           4.2389                         0.897                        82.5                  5.0733                       6.5600       9.126800            0.4241              5155.953613             0.995662
2010-03-04 00:00:00+00:00                    4963.454102                    1.28309           4.0309                         0.889                        82.5                  4.7738                       6.1706       8.327900            0.4409              4980.024902             0.996673
2010-03-04 03:00:00+00:00                    4910.463867                    1.30101           4.0067                         0.885                        82.5                  4.6762                       5.9401       8.327900            0.4373              4920.909180             0.997877
2010-03-04 06:00:00+00:00                    4969.794434                    1.32821           3.9474                         0.880                        82.5                  4.5808                       5.7728       9.126800            0.4346              4978.553223             0.998241
2010-03-04 09:00:00+00:00                    5221.749512                    1.38377           3.8808                         0.867                        82.5                  4.4728                       5.5925       9.126800            0.4338              5228.428711             0.998722
2010-03-04 12:00:00+00:00                    5516.872559                    1.42855           3.9008                         0.865                        82.5                  4.4787                       5.5444       9.126800            0.4232              5522.519531             0.998977
2010-03-04 15:00:00+00:00                    5932.514648                    1.48032           3.9452                         0.867                        82.5                  4.5229                       5.5522       8.327900            0.4107              5938.704590             0.998958
2010-03-04 18:00:00+00:00                    6441.578613                    1.52611           4.0696                         0.873                        82.5                  4.6610                       5.6682       7.598900            0.3922              6448.866211             0.998870
2010-03-04 21:00:00+00:00                    7068.125977                    1.57780           4.1814                         0.876                        82.5                  4.8032                       5.8165       7.598900            0.3765              7080.782227             0.998213
2010-03-05 00:00:00+00:00                    7568.522461                    1.60500           4.3579                         0.889                        82.5                  5.0115                       6.0148       7.598900            0.3561              7587.314941             0.997523
2010-03-05 03:00:00+00:00                    8005.042480                    1.63459           4.4382                         0.900                        82.5                  5.1170                       6.1318       8.327900            0.3472              8029.300293             0.996979
2010-03-05 06:00:00+00:00                    8334.938477                    1.65450           4.5340                         0.910                        82.5                  5.2230                       6.2292       8.327900            0.3392              8362.454102             0.996710
2010-03-05 09:00:00+00:00                    8418.839844                    1.63693           4.7257                         0.921                        82.5                  5.4377                       6.4235       8.327900            0.3258              8452.608398             0.996005
2010-03-05 12:00:00+00:00                    8919.208008                    1.64667           4.9775                         0.925                        97.5                  5.7219                       6.7169       8.327900            0.3190              8962.612305             0.995157
2010-03-05 15:00:00+00:00                   10336.752930                    1.73500           5.0589                         0.914                        97.5                  5.8768                       7.0024       9.126800            0.3352             10393.693359             0.994522
2010-03-05 18:00:00+00:00                   12264.928711                    1.83667           5.3231                         0.900                        97.5                  6.1975                       7.3981       9.126800            0.3386             12340.057617             0.993912
2010-03-05 21:00:00+00:00                   14278.873047                    1.91199           5.9323                         0.900                        97.5                  6.7997                       7.9280      10.002400            0.3172             14384.548828             0.992654
2010-03-06 00:00:00+00:00                   16198.873047                    1.98720           6.3507                         0.906                        97.5                  7.2191                       8.3100      10.002400            0.3048             16331.345703             0.991888
2010-03-06 03:00:00+00:00                   17568.142578                    2.03101           6.7609                         0.912                        97.5                  7.5764                       8.6099      10.961900            0.2961             17712.744141             0.991836
2010-03-06 06:00:00+00:00                   19072.263672                    2.08224           7.2119                         0.921                        97.5                  7.9284                       8.8782      10.961900            0.2846             19234.464844             0.991567
2010-03-06 09:00:00+00:00                   20677.841797                    2.14428           7.6073                         0.929                        97.5                  8.2192                       9.0725      10.961900            0.2697             20873.033203             0.990649
2010-03-06 12:00:00+00:00                   21364.078125                    2.16933           7.8271                         0.936                        97.5                  8.3768                       9.1620      10.002400            0.2580             21588.113281             0.989622
2010-03-06 15:00:00+00:00                   21588.333984                    2.17227           7.9664                         0.941                        97.5                  8.4864                       9.2359      10.002400            0.2503             21832.796875             0.988803
2010-03-06 18:00:00+00:00                   21371.125000                    2.15267           8.0522                         0.942                        97.5                  8.5619                       9.3057      10.002400            0.2488             21613.406250             0.988790
2010-03-06 21:00:00+00:00                   21727.753906                    2.15184           8.1717                         0.941                        97.5                  8.6870                       9.4499      10.002400            0.2514             21954.041016             0.989693
2010-03-07 00:00:00+00:00                   22465.546875                    2.16834           8.3019                         0.941                        97.5                  8.8234                       9.6031      10.002400            0.2530             22678.279297             0.990620
2010-03-07 03:00:00+00:00                   23714.041016                    2.20444           8.4662                         0.943                        97.5                  8.9946                       9.7862      10.961900            0.2526             23917.998047             0.991473
2010-03-07 06:00:00+00:00                   24264.255859                    2.20894           8.5955                         0.944                        97.5                  9.1376                       9.9503      10.961900            0.2535             24447.242188             0.992515
2010-03-07 09:00:00+00:00                   24146.695312                    2.18699           8.6917                         0.947                        97.5                  9.2493                      10.0833      10.961900            0.2543             24307.330078             0.993392
2010-03-07 12:00:00+00:00                   22873.464844                    2.12203           8.7113                         0.949                        97.5                  9.2820                      10.1358      10.961900            0.2561             23012.621094             0.993953
2010-03-07 15:00:00+00:00                   20369.091797                    2.00524           8.6409                         0.950                        97.5                  9.2267                      10.1064      10.961900            0.2602             20485.302734             0.994327
2010-03-07 18:00:00+00:00                   17952.240234                    1.88459           8.5692                         0.951                        97.5                  9.1738                      10.0824      10.961900            0.2642             18048.285156             0.994678
2010-03-07 21:00:00+00:00                   16076.061523                    1.78362           8.5268                         0.951                        97.5                  9.1492                      10.0790      10.961900            0.2662             16160.312500             0.994787
2010-03-08 00:00:00+00:00                   14747.889648                    1.71150           8.5061                         0.953                        97.5                  9.1314                      10.0524      10.961900            0.2638             14837.751953             0.993944
2010-03-08 03:00:00+00:00                   13417.942383                    1.64048           8.4585                         0.954                        97.5                  9.0760                       9.9737      10.961900            0.2603             13517.521484             0.992633
2010-03-08 06:00:00+00:00                   11617.276367                    1.53655           8.3471                         0.955                        97.5                  8.9651                       9.8602      10.961900            0.2607             11714.504883             0.991700
2010-03-08 09:00:00+00:00                   10043.160156                    1.43556           8.2267                         0.953                        97.5                  8.8576                       9.7731      10.961900            0.2646             10128.574219             0.991567
2010-03-08 12:00:00+00:00                    8916.140625                    1.35586           8.1407                         0.950                        97.5                  8.7854                       9.7252      10.961900            0.2693              8987.777344             0.992030
2010-03-08 15:00:00+00:00                    8291.831055                    1.30692           8.1239                         0.947                        97.5                  8.7792                       9.7311      10.961900            0.2707              8356.077148             0.992311
2010-03-08 18:00:00+00:00                    7900.326172                    1.27726           8.1220                         0.945                        97.5                  8.7757                       9.7153      10.961900            0.2679              7967.241211             0.991601
2010-03-08 21:00:00+00:00                    7253.866699                    1.23287           8.0323                         0.942                        97.5                  8.6727                       9.5924      10.961900            0.2666              7322.720215             0.990597
2010-03-09 00:00:00+00:00                    6311.774902                    1.16691           7.8273                         0.938                        97.5                  8.4444                       9.3406      10.961900            0.2682              6376.423828             0.989861
2010-03-09 03:00:00+00:00                    5456.437012                    1.10328           7.5963                         0.935                        97.5                  8.1857                       9.0538      10.961900            0.2705              5513.659668             0.989622
2010-03-09 06:00:00+00:00                    4634.566895                    1.03618           7.3211                         0.930                        97.5                  7.8863                       8.7349      10.961900            0.2753              4681.429199             0.989990
2010-03-09 09:00:00+00:00                    3904.913330                    0.97118           6.9176                         0.923                        97.5                  7.5106                       8.3906      10.002400            0.2860              3940.750488             0.990906
2010-03-09 12:00:00+00:00                    3238.603516                    0.90174           6.7021                         0.922                        82.5                  7.2469                       8.0825      10.002400            0.2893              3265.466309             0.991774
2010-03-09 15:00:00+00:00                    2626.230957                    0.82982           6.4580                         0.921                        82.5                  6.9581                       7.7479      10.002400            0.2923              2644.597656             0.993055
2010-03-09 18:00:00+00:00                    2088.762695                    0.75697           6.2123                         0.920                        82.5                  6.6685                       7.4097      10.002400            0.2960              2099.559326             0.994858
2010-03-09 21:00:00+00:00                    1685.604126                    0.69333           6.0058                         0.920                        82.5                  6.4254                       7.1288       6.933700            0.3012              1691.245972             0.996664
2010-03-10 00:00:00+00:00                    1457.311035                    0.65039           5.9025                         0.921                        82.5                  6.3057                       7.0040       6.933700            0.3077              1460.907715             0.997538
2010-03-10 03:00:00+00:00                    1335.380615                    0.62228           5.8877                         0.921                        82.5                  6.2920                       7.0105       6.933700            0.3136              1338.657227             0.997552
2010-03-10 06:00:00+00:00                    1262.253662                    0.60081           5.9673                         0.922                        82.5                  6.3710                       7.1071       9.126800            0.3152              1265.932983             0.997094
2010-03-10 09:00:00+00:00                    1215.729370                    0.58290           6.0822                         0.923                        82.5                  6.4956                       7.2668       9.126800            0.3189              1219.730591             0.996720
2010-03-10 12:00:00+00:00                    1227.783691                    0.57135           6.3091                         0.929                        97.5                  6.7617                       7.6258       9.126800            0.3263              1232.885742             0.995862
2010-03-10 15:00:00+00:00                    1367.765991                    0.57912           6.7587                         0.950                        97.5                  7.2953                       8.2580      10.961900            0.3139              1377.810425             0.992710
2010-03-10 18:00:00+00:00                    1407.703979                    0.57440           7.0495                         0.956                        97.5                  7.6448                       8.6312      10.961900            0.2996              1420.461426             0.991019
2010-03-10 21:00:00+00:00                    1475.575317                    0.57406           7.3975                         0.950                        97.5                  8.0551                       9.0430      10.002400            0.2826              1490.840942             0.989760
2010-03-11 00:00:00+00:00                    1606.504761                    0.58894           7.6968                         0.945                        97.5                  8.4243                       9.3550      10.961900            0.2580              1626.890503             0.987469
2010-03-11 03:00:00+00:00                    1563.610107                    0.58070           7.5893                         0.947                        97.5                  8.4355                       9.3792      10.961900            0.2483              1586.050415             0.985851
2010-03-11 06:00:00+00:00                    1209.032227                    0.53278           5.4152                         0.942                        97.5                  6.8966                       8.6599      10.961900            0.3178              1226.385010             0.985850
2010-03-11 09:00:00+00:00                     717.855164                    0.43141           4.9805                         0.921                       112.5                  6.2096                       7.8667      10.002400            0.3464               726.349976             0.988305
2010-03-11 12:00:00+00:00                     392.735504                    0.34632           4.2339                         0.856                       112.5                  5.1955                       6.7079       8.327900            0.3859               395.882965             0.992050
2010-03-11 15:00:00+00:00                     236.791046                    0.28553           3.7771                         0.790                       127.5                  4.6160                       5.9801       6.933700            0.3963               238.684143             0.992069
2010-03-11 18:00:00+00:00                     179.814072                    0.28413           2.8682                         0.790                       142.5                  3.3858                       4.6606       6.933700            0.5365               182.516891             0.985191
2010-03-11 21:00:00+00:00                     136.069473                    0.24941           2.8329                         0.774                       142.5                  3.2999                       4.5609       6.933700            0.5814               137.532639             0.989361
2010-03-12 00:00:00+00:00                     115.320129                    0.23563           2.8203                         0.770                       127.5                  3.2044                       4.3166       6.933700            0.6199               115.983772             0.994278
2010-03-12 03:00:00+00:00                      94.295967                    0.21862           2.7674                         0.783                       127.5                  3.1036                       4.1030       3.040300            0.6483                94.762283             0.995079
2010-03-12 06:00:00+00:00                      82.867271                    0.20359           2.6996                         0.817                       112.5                  3.0246                       4.1266       3.040300            0.7491                82.666618             1.002427
2010-03-12 09:00:00+00:00                     100.936363                    0.20184           2.7550                         0.868                       112.5                  3.1684                       4.9772      14.429100            0.8569                98.577850             1.023925
2010-03-12 12:00:00+00:00                     258.441864                    0.24614           3.3080                         0.936                       112.5                  4.3723                       8.3438      13.166000            0.6457               251.634583             1.027052
2010-03-12 15:00:00+00:00                     652.045532                    0.35621           4.2732                         0.958                       112.5                  6.1018                      10.1007      12.013500            0.4466               646.039490             1.009297
2010-03-12 18:00:00+00:00                    1053.679932                    0.44670           5.0516                         0.965                       112.5                  7.1160                      10.4441      12.013500            0.3696              1053.106445             1.000545
2010-03-12 21:00:00+00:00                    1275.175415                    0.49708           5.2782                         0.966                       112.5                  7.2612                      10.2518      12.013500            0.3580              1278.263184             0.997584
2010-03-13 00:00:00+00:00                    1396.516235                    0.52924           5.2519                         0.962                       112.5                  7.0693                       9.9204      12.013500            0.3750              1398.836914             0.998341
2010-03-13 03:00:00+00:00                    1598.678467                    0.58005           5.0230                         0.951                       112.5                  6.5887                       9.4263      12.013500            0.4279              1590.984985             1.004836
2010-03-13 06:00:00+00:00                    1975.071167                    0.65759           4.3920                         0.940                       112.5                  5.8390                       9.0089      12.013500            0.4967              1948.410889             1.013683
2010-03-13 09:00:00+00:00                    2303.274414                    0.73383           4.0030                         0.930                       112.5                  5.2147                       8.4153      12.013500            0.5629              2256.956543             1.020522
2010-03-13 12:00:00+00:00                    2479.107666                    0.81913           3.6799                         0.910                       112.5                  4.5775                       7.3020      14.429100            0.6387              2420.961426             1.024018
2010-03-13 15:00:00+00:00                    3126.805176                    1.04263           3.3969                         0.880                       112.5                  3.9771                       5.7649      14.429100            0.6864              3063.454834             1.020679
2010-03-13 18:00:00+00:00                    4518.734375                    1.31570           3.6146                         0.864                       127.5                  4.1009                       5.2787       5.267700            0.5884              4451.739258             1.015049
2010-03-13 21:00:00+00:00                    6126.686035                    1.51022           4.0069                         0.867                       127.5                  4.4982                       5.4497       5.773000            0.4781              6062.595703             1.010571
2010-03-14 00:00:00+00:00                    7919.857422                    1.67390           4.3667                         0.869                       127.5                  4.8827                       5.7447       6.326800            0.4050              7867.276855             1.006683
2010-03-14 03:00:00+00:00                   10615.356445                    1.90342           4.5688                         0.863                       127.5                  5.1204                       5.9660       6.933700            0.3644             10580.869141             1.003259
2010-03-14 06:00:00+00:00                   14779.261719                    2.20690           4.8004                         0.858                       127.5                  5.3599                       6.1841       7.598900            0.3368             14766.333984             1.000875
2010-03-14 09:00:00+00:00                   20031.333984                    2.51106           5.0349                         0.861                       127.5                  5.6322                       6.4772       7.598900            0.3205             20064.287109             0.998358
2010-03-14 12:00:00+00:00                   24774.453125                    2.72119           5.3349                         0.866                       127.5                  5.9586                       6.8202       8.327900            0.3083             24870.384766             0.996143
2010-03-14 15:00:00+00:00                   30607.378906                    2.94289           5.6459                         0.870                       127.5                  6.3060                       7.2017       8.327900            0.3007             30797.564453             0.993825
2010-03-14 18:00:00+00:00                   37062.621094                    3.17577           5.7425                         0.871                       127.5                  6.4869                       7.4859       9.126800            0.3064             37354.757812             0.992179
2010-03-14 21:00:00+00:00                   47550.886719                    3.52809           5.9830                         0.867                       127.5                  6.7310                       7.7721      10.002400            0.3108             47962.289062             0.991422
2010-03-15 00:00:00+00:00                   57636.816406                    3.75210           6.5274                         0.882                       127.5                  7.2879                       8.3115      10.002400            0.2948             58233.195312             0.989759
2010-03-15 03:00:00+00:00                   68344.875000                    3.97762           6.8818                         0.887                       127.5                  7.6856                       8.7458      10.961900            0.2901             69076.429688             0.989410
2010-03-15 06:00:00+00:00                   78258.054688                    4.15351           7.2589                         0.891                       127.5                  8.0794                       9.1532      10.961900            0.2845             79058.640625             0.989874
2010-03-15 09:00:00+00:00                   88977.804688                    4.33048           7.6328                         0.896                       127.5                  8.4621                       9.5362      10.961900            0.2787             89780.742188             0.991057
2010-03-15 12:00:00+00:00                  100430.312500                    4.50314           8.0416                         0.900                       127.5                  8.8514                       9.9106      12.013500            0.2723            101165.585938             0.992732
2010-03-15 15:00:00+00:00                  110039.156250                    4.63984           8.2946                         0.903                       127.5                  9.1198                      10.1899      12.013500            0.2691            110649.656250             0.994483
2010-03-15 18:00:00+00:00                  118747.015625                    4.73555           8.7073                         0.906                       127.5                  9.4828                      10.5107      12.013500            0.2615            119165.460938             0.996489
2010-03-15 21:00:00+00:00                  124787.593750                    4.78614           9.0828                         0.908                       127.5                  9.8012                      10.7753      12.013500            0.2533            125028.132812             0.998076
2010-03-16 00:00:00+00:00                  130533.375000                    4.83736           9.4339                         0.909                       127.5                 10.0903                      11.0031      12.013500            0.2444            130633.664062             0.999232
2010-03-16 03:00:00+00:00                  134659.921875                    4.86622           9.7541                         0.911                       127.5                 10.3501                      11.1951      12.013500            0.2346            134691.046875             0.999769
2010-03-16 06:00:00+00:00                  136184.812500                    4.86490           9.9563                         0.913                       127.5                 10.5156                      11.3157      12.013500            0.2279            136187.234375             0.999982
2010-03-16 09:00:00+00:00                  136047.296875                    4.83724          10.1299                         0.916                       127.5                 10.6578                      11.4214      12.013500            0.2226            136005.046875             1.000311
2010-03-16 12:00:00+00:00                  130334.148438                    4.72820          10.2042                         0.917                       127.5                 10.7122                      11.4524      12.013500            0.2196            130324.570312             1.000074
2010-03-16 15:00:00+00:00                  120610.632812                    4.55781          10.1976                         0.917                       127.5                 10.6920                      11.4165      12.013500            0.2182            120689.718750             0.999345
2010-03-16 18:00:00+00:00                  113523.875000                    4.42370          10.2086                         0.919                       127.5                 10.6941                      11.4094      12.013500            0.2176            113615.242188             0.999196
2010-03-16 21:00:00+00:00                  107383.156250                    4.29917          10.2210                         0.921                       127.5                 10.7051                      11.4217      12.013500            0.2183            107433.867188             0.999528
2010-03-17 00:00:00+00:00                  100545.007812                    4.15867          10.2148                         0.923                       127.5                 10.7014                      11.4246      12.013500            0.2198            100554.234375             0.999908
2010-03-17 03:00:00+00:00                   93881.210938                    4.02083          10.1984                         0.925                       127.5                 10.6858                      11.4120      12.013500            0.2206             93886.664062             0.999942
2010-03-17 06:00:00+00:00                   87668.328125                    3.89109          10.1775                         0.927                       112.5                 10.6629                      11.3858      13.166000            0.2202             87707.000000             0.999559
2010-03-17 09:00:00+00:00                   81204.148438                    3.75517          10.1419                         0.932                       112.5                 10.6224                      11.3369      13.166000            0.2191             81306.914062             0.998736
2010-03-17 12:00:00+00:00                   74526.578125                    3.60899          10.0949                         0.935                       112.5                 10.5710                      11.2786      12.013500            0.2185             74682.140625             0.997917
2010-03-17 15:00:00+00:00                   69419.789062                    3.48692          10.0819                         0.938                       112.5                 10.5561                      11.2596      12.013500            0.2179             69588.476562             0.997576
2010-03-17 18:00:00+00:00                   65549.531250                    3.38687          10.0948                         0.941                       112.5                 10.5685                      11.2692      12.013500            0.2170             65712.921875             0.997514
2010-03-17 21:00:00+00:00                   60436.121094                    3.25581          10.0726                         0.942                       112.5                 10.5467                      11.2477      12.013500            0.2172             60600.300781             0.997291
2010-03-18 00:00:00+00:00                   55739.511719                    3.13078          10.0380                         0.942                       112.5                 10.5142                      11.2206      12.013500            0.2187             55889.316406             0.997320
2010-03-18 03:00:00+00:00                   53708.250000                    3.06524          10.0636                         0.941                       112.5                 10.5459                      11.2640      12.013500            0.2207             53797.964844             0.998332
2010-03-18 06:00:00+00:00                   53541.125000                    3.04470          10.1390                         0.941                       112.5                 10.6281                      11.3571      12.013500            0.2217             53554.265625             0.999755
2010-03-18 09:00:00+00:00                   53077.117188                    3.02168          10.1881                         0.942                       112.5                 10.6814                      11.4164      12.013500            0.2221             53045.769531             1.000591
2010-03-18 12:00:00+00:00                   51375.453125                    2.97198          10.1853                         0.943                       112.5                 10.6821                      11.4214      12.013500            0.2225             51339.484375             1.000701
2010-03-18 15:00:00+00:00                   48255.910156                    2.88938          10.1258                         0.945                       112.5                 10.6242                      11.3636      12.013500            0.2225             48259.558594             0.999924
2010-03-18 18:00:00+00:00                   43763.484375                    2.76963          10.0087                         0.947                       112.5                 10.5069                      11.2432      12.013500            0.2227             43834.109375             0.998389
2010-03-18 21:00:00+00:00                   38736.750000                    2.62884           9.8542                         0.949                       112.5                 10.3502                      11.0807      12.013500            0.2229             38874.312500             0.996461
2010-03-19 00:00:00+00:00                   33883.046875                    2.48321           9.6822                         0.950                       112.5                 10.1744                      10.8978      12.013500            0.2235             34068.898438             0.994545
2010-03-19 03:00:00+00:00                   29500.683594                    2.34077           9.5066                         0.949                       112.5                  9.9943                      10.7108      10.961900            0.2244             29712.867188             0.992859
2010-03-19 06:00:00+00:00                   25796.984375                    2.21092           9.3370                         0.949                       112.5                  9.8203                      10.5287      10.961900            0.2249             26022.869141             0.991320
2010-03-19 09:00:00+00:00                   22745.787109                    2.09786           9.1639                         0.948                       112.5                  9.6430                      10.3415      10.961900            0.2246             22981.837891             0.989729
2010-03-19 12:00:00+00:00                   20134.675781                    1.99854           8.9417                         0.946                       112.5                  9.4180                      10.1165      10.961900            0.2269             20370.453125             0.988425
2010-03-19 15:00:00+00:00                   17577.998047                    1.88713           8.7653                         0.943                       112.5                  9.2402                       9.9294      10.961900            0.2267             17802.759766             0.987375
2010-03-19 18:00:00+00:00                   15337.723633                    1.78222           8.5637                         0.939                       112.5                  9.0422                       9.7328      10.961900            0.2289             15542.044922             0.986854
2010-03-19 21:00:00+00:00                   13561.335938                    1.69484           8.3330                         0.935                       112.5                  8.8299                       9.5312      10.002400            0.2324             13744.381836             0.986682
2010-03-20 00:00:00+00:00                   12058.683594                    1.61130           8.1781                         0.933                       112.5                  8.6954                       9.3882      10.002400            0.2315             12223.923828             0.986482
2010-03-20 03:00:00+00:00                   10772.425781                    1.53209           8.0918                         0.931                       112.5                  8.6068                       9.2833      10.002400            0.2300             10919.950195             0.986490
2010-03-20 06:00:00+00:00                    9630.483398                    1.45599           7.8853                         0.930                       112.5                  8.4635                       9.1896      10.002400            0.2367              9756.007812             0.987134
2010-03-20 09:00:00+00:00                    9040.388672                    1.41031           7.7444                         0.929                       112.5                  8.3896                       9.1872      10.002400            0.2459              9150.897461             0.987924
2010-03-20 12:00:00+00:00                    8765.380859                    1.37989           7.7637                         0.931                       112.5                  8.4558                       9.2951      10.002400            0.2488              8870.117188             0.988192
2010-03-20 15:00:00+00:00                    8447.875000                    1.34608           7.6968                         0.935                       112.5                  8.4816                       9.4084      10.002400            0.2533              8550.583984             0.987988
2010-03-20 18:00:00+00:00                    7778.972168                    1.31178           7.0006                         0.929                       112.5                  7.9280                       9.1305      10.961900            0.2903              7864.878418             0.989077
2010-03-20 21:00:00+00:00                    6596.725586                    1.24610           6.4237                         0.908                       112.5                  7.3112                       8.6014      10.961900            0.3231              6660.583496             0.990413
2010-03-21 00:00:00+00:00                    4657.130859                    1.08642           5.9398                         0.885                       127.5                  6.7496                       8.0107      10.002400            0.3434              4695.500000             0.991829
2010-03-21 03:00:00+00:00                    2904.082031                    0.89766           5.4096                         0.876                       127.5                  6.1345                       7.3321      10.002400            0.3649              2920.012451             0.994544
2010-03-21 06:00:00+00:00                    1907.047852                    0.75561           4.9827                         0.869                       127.5                  5.6537                       6.8045      10.002400            0.3835              1912.984009             0.996897
2010-03-21 09:00:00+00:00                    1407.644897                    0.66451           4.6677                         0.868                       142.5                  5.3435                       6.5029      10.002400            0.3978              1410.946655             0.997660
2010-03-21 12:00:00+00:00                    1135.691284                    0.60548           4.3312                         0.874                       142.5                  5.0747                       6.3337      10.002400            0.4157              1139.574585             0.996592
2010-03-21 15:00:00+00:00                     910.194275                    0.56567           3.4850                         0.882                       142.5                  4.2887                       5.8728       9.126800            0.4856               919.300903             0.990094
2010-03-21 18:00:00+00:00                     908.685425                    0.56488           3.5655                         0.900                       142.5                  4.2946                       5.8558       9.126800            0.4990               913.972961             0.994215
2010-03-21 21:00:00+00:00                    1042.242310                    0.59017           3.7840                         0.916                       142.5                  4.5484                       6.1366       9.126800            0.4779              1047.535400             0.994947
2010-03-22 00:00:00+00:00                    1174.253174                    0.61725           4.0198                         0.925                       142.5                  4.7872                       6.3089       9.126800            0.4530              1179.467773             0.995579
2010-03-22 03:00:00+00:00                    1251.728271                    0.64000           4.1130                         0.928                       142.5                  4.8438                       6.2534       9.126800            0.4395              1256.370117             0.996305
2010-03-22 06:00:00+00:00                    1211.086670                    0.63827           4.0853                         0.926                       142.5                  4.7690                       6.0834       8.327900            0.4384              1214.172363             0.997459
2010-03-22 09:00:00+00:00                    1168.480591                    0.64303           4.0538                         0.921                       142.5                  4.6444                       5.7801       8.327900            0.4374              1168.430908             1.000043
2010-03-22 12:00:00+00:00                    1202.433594                    0.66483           4.0952                         0.914                       142.5                  4.6034                       5.5585       8.327900            0.4251              1199.259888             1.002646
2010-03-22 15:00:00+00:00                    1269.967163                    0.68558           4.1928                         0.897                       142.5                  4.6565                       5.5117       5.267700            0.4158              1264.139038             1.004610
2010-03-22 18:00:00+00:00                    1404.143555                    0.71199           4.3644                         0.887                       127.5                  4.8181                       5.6447       5.267700            0.4049              1397.603516             1.004679
2010-03-22 21:00:00+00:00                    1489.400391                    0.72900           4.4415                         0.879                       127.5                  4.9111                       5.7176       5.267700            0.3847              1484.857544             1.003060
2010-03-23 00:00:00+00:00                    1493.153442                    0.73436           4.1801                         0.858                       127.5                  4.7639                       5.6715       5.267700            0.3796              1494.143799             0.999337
2010-03-23 03:00:00+00:00                    1461.077393                    0.74496           3.7104                         0.835                       127.5                  4.3362                       5.4174       8.327900            0.4161              1466.104004             0.996571
2010-03-23 06:00:00+00:00                    1511.328491                    0.78936           3.3938                         0.809                       127.5                  3.9294                       5.0072       7.598900            0.4612              1517.103882             0.996193
2010-03-23 09:00:00+00:00                    1966.786255                    0.95872           3.1986                         0.770                       112.5                  3.6008                       4.4317       3.651600            0.4720              1972.847412             0.996928
2010-03-23 12:00:00+00:00                    2775.476318                    1.13145           3.4231                         0.790                       112.5                  3.7979                       4.4703       4.385800            0.4128              2772.444824             1.001093
2010-03-23 15:00:00+00:00                    3926.734863                    1.30871           3.6992                         0.817                       112.5                  4.0856                       4.7104       4.806500            0.3658              3914.906982             1.003021
2010-03-23 18:00:00+00:00                    4729.620605                    1.37305           4.0918                         0.842                       112.5                  4.5118                       5.1386       5.267700            0.3300              4715.022461             1.003096
2010-03-23 21:00:00+00:00                    5560.442871                    1.45417           4.2543                         0.844                       112.5                  4.7177                       5.3830       5.773000            0.3178              5549.562012             1.001961
2010-03-24 00:00:00+00:00                    6273.818848                    1.55837           4.0581                         0.814                       112.5                  4.5562                       5.2966       6.326800            0.3343              6267.312500             1.001038
2010-03-24 03:00:00+00:00                    6763.250977                    1.62793           4.0608                         0.785                        97.5                  4.5328                       5.2315       6.326800            0.3281              6752.184082             1.001639
2010-03-24 06:00:00+00:00                    6734.719238                    1.60064           4.2316                         0.780                        97.5                  4.7082                       5.3831       6.326800            0.3102              6723.944336             1.001602
2010-03-24 09:00:00+00:00                    6433.098145                    1.50630           4.7198                         0.814                        97.5                  5.1914                       5.7945       6.326800            0.2718              6428.177246             1.000766
2010-03-24 12:00:00+00:00                    6441.934082                    1.46254           5.2993                         0.838                       112.5                  5.6806                       6.1456       6.326800            0.2326              6443.083496             0.999822
2010-03-24 15:00:00+00:00                    7060.835938                    1.49887           5.7645                         0.845                       112.5                  6.0389                       6.4081       6.933700            0.2097              7069.181641             0.998819
2010-03-24 18:00:00+00:00                    8344.650391                    1.59079           6.1209                         0.850                       112.5                  6.3688                       6.7214       6.933700            0.2027              8370.505859             0.996911
2010-03-24 21:00:00+00:00                   10576.360352                    1.72935           6.5327                         0.869                       127.5                  6.7990                       7.2048       7.598900            0.2156             10639.730469             0.994044
2010-03-25 00:00:00+00:00                   15150.765625                    1.96847           7.1202                         0.892                       127.5                  7.4431                       7.9535       9.126800            0.2313             15298.739258             0.990328
2010-03-25 03:00:00+00:00                   16245.045898                    1.98816           7.3798                         0.891                       127.5                  7.7450                       8.3394       9.126800            0.2467             16408.390625             0.990045
2010-03-25 06:00:00+00:00                   16296.630859                    1.94850           7.6059                         0.887                       127.5                  8.0102                       8.6846      10.002400            0.2593             16453.001953             0.990496
2010-03-25 09:00:00+00:00                   16070.918945                    1.89746           7.8698                         0.888                       127.5                  8.2999                       9.0130      10.961900            0.2594             16230.269531             0.990182
2010-03-25 12:00:00+00:00                   14910.032227                    1.79882           8.0856                         0.888                       142.5                  8.5336                       9.2785      10.961900            0.2613             15044.853516             0.991039
2010-03-25 15:00:00+00:00                   13919.779297                    1.70558           8.2082                         0.896                       142.5                  8.7404                       9.5928      10.961900            0.2702             14015.267578             0.993187
2010-03-25 18:00:00+00:00                   12238.336914                    1.61714           6.5215                         0.891                       142.5                  7.7930                       9.3696      10.961900            0.3254             12286.667969             0.996066
2010-03-25 21:00:00+00:00                    9873.192383                    1.51085           5.4173                         0.874                       142.5                  6.7132                       8.6897      10.961900            0.3864              9898.234375             0.997470
2010-03-26 00:00:00+00:00                    9056.378906                    1.53743           4.9070                         0.840                       142.5                  5.8947                       7.7340      10.961900            0.4403              9060.665039             0.999527
2010-03-26 03:00:00+00:00                    8460.450195                    1.49088           5.3989                         0.856                       157.5                  6.2359                       7.6969      10.961900            0.4024              8477.200195             0.998024
2010-03-26 06:00:00+00:00                    8063.653320                    1.45393           5.6912                         0.870                       157.5                  6.4477                       7.7221      10.961900            0.3768              8090.046387             0.996738
2010-03-26 09:00:00+00:00                    7728.705566                    1.42688           5.8506                         0.878                       157.5                  6.5409                       7.6912      10.002400            0.3611              7758.944824             0.996103
2010-03-26 12:00:00+00:00                    6896.567871                    1.35396           5.8934                         0.881                       157.5                  6.5522                       7.6285      10.002400            0.3509              6926.152344             0.995729
2010-03-26 15:00:00+00:00                    5767.025879                    1.28160           4.6401                         0.866                       157.5                  5.6664                       7.1569      10.002400            0.3940              5802.648438             0.993861
2010-03-26 18:00:00+00:00                    4846.100586                    1.19693           4.9063                         0.832                       157.5                  5.6698                       6.8848      10.002400            0.3841              4859.523438             0.997238
2010-03-26 21:00:00+00:00                    3689.273926                    1.04862           4.9725                         0.792                       157.5                  5.7281                       6.8366      10.002400            0.3615              3702.492188             0.996430
2010-03-27 00:00:00+00:00                    2799.797852                    0.91441           5.0698                         0.750                       142.5                  5.8108                       6.8276       6.933700            0.3389              2811.513672             0.995833
2010-03-27 03:00:00+00:00                    2322.005615                    0.83105           5.0593                         0.719                       142.5                  5.8281                       6.8596       9.126800            0.3322              2333.678223             0.994998
2010-03-27 06:00:00+00:00                    1962.259277                    0.76088           5.0837                         0.720                       127.5                  5.8441                       6.9135       9.126800            0.3404              1972.344238             0.994887
2010-03-27 09:00:00+00:00                    1588.593262                    0.69674           4.9158                         0.716                       127.5                  5.6119                       6.6758       9.126800            0.3580              1594.307251             0.996416
2010-03-27 12:00:00+00:00                    1378.479126                    0.66185           4.7154                         0.723                       127.5                  5.3664                       6.4233       9.126800            0.3734              1381.769043             0.997619
2010-03-27 15:00:00+00:00                    1302.250366                    0.65213           4.6311                         0.735                       127.5                  5.2283                       6.2510       9.126800            0.3826              1303.923218             0.998717
2010-03-27 18:00:00+00:00                    1282.758301                    0.65038           4.6266                         0.750                       127.5                  5.2003                       6.1909       9.126800            0.3820              1283.925171             0.999091
2010-03-27 21:00:00+00:00                    1270.978760                    0.64520           4.7157                         0.770                       127.5                  5.2793                       6.2320       9.126800            0.3714              1272.308960             0.998954
2010-03-28 00:00:00+00:00                    1356.436279                    0.66845           4.8144                         0.769                       127.5                  5.3357                       6.1951       9.126800            0.3550              1357.220703             0.999422
2010-03-28 03:00:00+00:00                    1523.904541                    0.70190           4.9912                         0.763                       127.5                  5.5046                       6.3108       6.933700            0.3346              1525.635986             0.998865
2010-03-28 06:00:00+00:00                    1838.293945                    0.75755           5.2479                         0.759                       127.5                  5.7610                       6.5327       7.598900            0.3150              1842.495728             0.997720
2010-03-28 09:00:00+00:00                    2376.013184                    0.84277           5.5604                         0.755                       127.5                  6.0751                       6.8193       8.327900            0.2972              2385.188965             0.996153
2010-03-28 12:00:00+00:00                    2956.114014                    0.92628           5.5660                         0.759                       142.5                  6.2173                       7.0277       8.327900            0.2911              2973.713379             0.994082
2010-03-28 15:00:00+00:00                    3408.654297                    1.04908           4.2150                         0.743                       142.5                  4.9837                       6.3365       8.327900            0.4042              3422.636719             0.995915
2010-03-28 18:00:00+00:00                    3873.786621                    1.17109           3.9025                         0.713                       142.5                  4.5377                       5.7899       8.327900            0.4490              3882.277588             0.997813
2010-03-28 21:00:00+00:00                    4697.614258                    1.30315           3.9337                         0.729                       142.5                  4.5056                       5.6600       8.327900            0.4628              4695.122070             1.000531
2010-03-29 00:00:00+00:00                    5760.901855                    1.40796           4.2656                         0.756                       142.5                  4.8226                       5.9247       4.385800            0.4496              5747.653809             1.002305
2010-03-29 03:00:00+00:00                    6379.781250                    1.46443           4.4190                         0.789                       142.5                  4.9811                       6.0602       4.806500            0.4373              6366.178711             1.002137
2010-03-29 06:00:00+00:00                    6566.551758                    1.48687           4.5685                         0.816                       142.5                  5.0995                       6.0536       5.267700            0.4057              6555.326660             1.001712
2010-03-29 09:00:00+00:00                    7230.876953                    1.60634           4.3548                         0.840                       157.5                  4.8695                       5.7244       5.773000            0.3846              7218.410645             1.001727
2010-03-29 12:00:00+00:00                    9436.416992                    1.85086           4.4955                         0.868                       157.5                  4.9470                       5.6269       5.773000            0.3344              9413.645508             1.002419
2010-03-29 15:00:00+00:00                   15822.780273                    2.34195           4.8493                         0.878                       157.5                  5.2925                       5.8895       6.326800            0.2836             15804.125977             1.001180
2010-03-29 18:00:00+00:00                   21023.169922                    2.59844           5.3743                         0.873                       157.5                  5.7917                       6.3499       6.933700            0.2596             21043.945312             0.999013
2010-03-29 21:00:00+00:00                   25578.232422                    2.73659           6.1248                         0.876                       157.5                  6.4691                       6.9593       7.598900            0.2349             25690.783203             0.995619
2010-03-30 00:00:00+00:00                   26744.673828                    2.70826           6.7266                         0.891                       157.5                  7.0000                       7.4263       7.598900            0.2167             26938.556641             0.992803
2010-03-30 03:00:00+00:00                   27795.681641                    2.71060           7.0140                         0.892                       157.5                  7.2819                       7.7028       8.327900            0.2117             28044.568359             0.991125
2010-03-30 06:00:00+00:00                   27538.351562                    2.66076           7.2048                         0.885                       157.5                  7.4820                       7.9177       8.327900            0.2121             27818.910156             0.989915
2010-03-30 09:00:00+00:00                   25760.457031                    2.55979           7.2702                         0.887                       142.5                  7.5546                       8.0016       8.327900            0.2132             26035.943359             0.989419
2010-03-30 12:00:00+00:00                   24176.068359                    2.46849           7.3016                         0.892                       142.5                  7.6066                       8.0754       8.327900            0.2148             24447.906250             0.988881
2010-03-30 15:00:00+00:00                   22854.347656                    2.39657           7.0185                         0.896                       142.5                  7.5061                       8.1003       8.327900            0.2274             23119.205078             0.988544
2010-03-30 18:00:00+00:00                   21357.224609                    2.32762           6.4651                         0.895                       142.5                  7.2051                       8.0270       8.327900            0.2531             21599.486328             0.988784
2010-03-30 21:00:00+00:00                   19810.306641                    2.32988           5.2483                         0.868                       127.5                  6.1712                       7.4418       9.126800            0.3313             19980.839844             0.991465
2010-03-31 00:00:00+00:00                   19423.898438                    2.38178           4.9545                         0.843                       127.5                  5.7439                       6.9834       9.126800            0.3662             19531.525391             0.994490
2010-03-31 03:00:00+00:00                   20691.261719                    2.44998           5.2426                         0.852                       127.5                  5.9505                       7.0240       9.126800            0.3468             20792.162109             0.995147
2010-03-31 06:00:00+00:00                   21977.062500                    2.47653           5.5816                         0.863                       127.5                  6.2864                       7.2958       9.126800            0.3250             22109.634766             0.994004
2010-03-31 09:00:00+00:00                   26161.582031                    2.62285           6.2285                         0.880                       127.5                  6.8710                       7.7367       9.126800            0.2871             26380.080078             0.991717
2010-03-31 12:00:00+00:00                   30775.949219                    2.76342           6.9803                         0.894                       127.5                  7.4850                       8.1915       9.126800            0.2549             31104.966797             0.989422
2010-03-31 15:00:00+00:00                   36331.441406                    2.93144           7.5069                         0.903                       127.5                  7.9495                       8.5854       9.126800            0.2372             36788.363281             0.987580
2010-03-31 18:00:00+00:00                   41017.710938                    3.05759           7.9013                         0.908                       127.5                  8.3015                       8.8993      10.002400            0.2276             41578.917969             0.986503
2010-03-31 21:00:00+00:00                   43893.480469                    3.12521           8.1504                         0.907                       127.5                  8.5311                       9.1071      10.002400            0.2216             44518.585938             0.985959
2010-04-01 00:00:00+00:00                   45975.921875                    3.16679           8.3302                         0.905                       127.5                  8.7065                       9.2796      10.002400            0.2197             46634.351562             0.985881
2010-04-01 03:00:00+00:00                   48321.464844                    3.20624           8.5180                         0.903                       127.5                  8.9030                       9.4944      10.002400            0.2218             48985.246094             0.986449
2010-04-01 06:00:00+00:00                   51581.648438                    3.26200           8.7297                         0.902                       127.5                  9.1322                       9.7580      10.961900            0.2268             52210.156250             0.987962
2010-04-01 09:00:00+00:00                   54876.386719                    3.30976           8.9462                         0.900                       127.5                  9.3715                      10.0404      10.961900            0.2325             55418.023438             0.990226
2010-04-01 12:00:00+00:00                   55961.085938                    3.29815           9.1131                         0.901                       127.5                  9.5617                      10.2716      10.961900            0.2370             56390.820312             0.992379
2010-04-01 15:00:00+00:00                   54225.378906                    3.22421           9.1979                         0.900                       127.5                  9.6613                      10.3945      12.013500            0.2387             54583.863281             0.993432
2010-04-01 18:00:00+00:00                   49500.367188                    3.07961           9.1805                         0.895                       127.5                  9.6525                      10.3996      12.013500            0.2401             49823.949219             0.993505
2010-04-01 21:00:00+00:00                   43594.796875                    2.90106           9.0971                         0.892                       142.5                  9.5744                      10.3307      12.013500            0.2418             43899.300781             0.993064
2010-04-02 00:00:00+00:00                   38287.808594                    2.73367           8.9958                         0.889                       142.5                  9.4736                      10.2318      12.013500            0.2432             38578.847656             0.992456
2010-04-02 03:00:00+00:00                   32737.648438                    2.54772           8.8661                         0.887                       142.5                  9.3394                      10.0914      10.961900            0.2440             33015.750000             0.991577
2010-04-02 06:00:00+00:00                   28873.152344                    2.40915           8.7651                         0.886                       142.5                  9.2310                       9.9708      10.961900            0.2434             29143.886719             0.990710
2010-04-02 09:00:00+00:00                   25653.953125                    2.28634           8.6807                         0.882                       142.5                  9.1356                       9.8547      10.961900            0.2410             25921.058594             0.989695
2010-04-02 12:00:00+00:00                   23294.867188                    2.19132           8.6336                         0.874                       142.5                  9.0721                       9.7589      10.961900            0.2361             23563.593750             0.988596
2010-04-02 15:00:00+00:00                   20992.615234                    2.09346           8.5769                         0.872                       127.5                  8.9966                       9.6510      10.961900            0.2318             21251.750000             0.987806
2010-04-02 18:00:00+00:00                   17894.375000                    1.95011           8.4498                         0.869                       127.5                  8.8552                       9.4928      10.002400            0.2321             18118.126953             0.987650
2010-04-02 21:00:00+00:00                   14812.520508                    1.79174           8.2882                         0.865                       127.5                  8.6851                       9.3177      10.002400            0.2352             14993.919922             0.987902
2010-04-03 00:00:00+00:00                   12076.208984                    1.63406           8.1155                         0.861                       142.5                  8.5069                       9.1401      10.002400            0.2397             12217.776367             0.988413
2010-04-03 03:00:00+00:00                    9787.003906                    1.48540           7.9299                         0.859                       142.5                  8.3221                       8.9684      10.002400            0.2468              9894.063477             0.989179
2010-04-03 06:00:00+00:00                    7958.974121                    1.34950           7.7511                         0.858                       142.5                  8.1603                       8.8381      10.002400            0.2553              8040.334473             0.989881
2010-04-03 09:00:00+00:00                    6646.941895                    1.24166           7.1771                         0.860                       142.5                  7.8793                       8.7252      10.002400            0.2697              6714.301758             0.989968
2010-04-03 12:00:00+00:00                    5801.103516                    1.18320           6.3122                         0.854                       142.5                  7.2455                       8.3981      10.002400            0.3035              5854.729980             0.990840
2010-04-03 15:00:00+00:00                    5241.331055                    1.14305           6.0724                         0.843                       142.5                  6.9843                       8.1427      10.002400            0.3120              5288.360352             0.991107
2010-04-03 18:00:00+00:00                    4294.823242                    1.07323           5.3631                         0.826                       142.5                  6.2832                       7.5858      10.002400            0.3473              4326.107422             0.992769
2010-04-03 21:00:00+00:00                    3410.841309                    1.01213           4.4946                         0.809                       142.5                  5.3547                       6.7966       9.126800            0.4050              3428.151123             0.994951
2010-04-04 00:00:00+00:00                    2910.132812                    0.98985           4.1690                         0.777                       142.5                  4.8350                       6.0742      10.002400            0.4329              2915.580078             0.998132
2010-04-04 03:00:00+00:00                    2698.342529                    0.98599           4.0732                         0.742                       142.5                  4.6394                       5.6814      10.002400            0.4253              2698.402832             0.999978
2010-04-04 06:00:00+00:00                    2670.892822                    1.00549           4.0308                         0.705                       157.5                  4.5310                       5.4108       4.385800            0.4040              2667.502930             1.001271
2010-04-04 09:00:00+00:00                    2669.368652                    1.01297           4.1218                         0.701                       157.5                  4.5810                       5.3263       4.806500            0.3678              2663.492188             1.002206
2010-04-04 12:00:00+00:00                    2535.936523                    0.97225           4.5320                         0.724                       157.5                  4.9049                       5.4795       5.773000            0.3155              2526.925293             1.003566
2010-04-04 15:00:00+00:00                    2381.942383                    0.93508           4.7065                         0.740                       157.5                  5.0473                       5.5607       5.773000            0.2920              2373.384766             1.003606
2010-04-04 18:00:00+00:00                    2263.593018                    0.90534           4.8103                         0.746                       157.5                  5.1405                       5.6358       5.267700            0.2837              2256.042725             1.003347
2010-04-04 21:00:00+00:00                    2174.775391                    0.87825           4.9246                         0.747                       157.5                  5.2520                       5.7525       5.773000            0.2833              2168.775635             1.002766
2010-04-05 00:00:00+00:00                    2009.310547                    0.83645           4.9739                         0.748                       142.5                  5.3193                       5.8591       5.773000            0.2916              2005.190186             1.002055
2010-04-05 03:00:00+00:00                    1809.989258                    0.78628           4.9721                         0.747                       142.5                  5.3604                       5.9736       5.773000            0.3054              1807.933350             1.001137
2010-04-05 06:00:00+00:00                    1738.405151                    0.75964           5.0353                         0.766                       127.5                  5.4645                       6.1468       8.327900            0.3141              1738.530151             0.999928
2010-04-05 09:00:00+00:00                    1832.749146                    0.76309           5.2125                         0.806                       127.5                  5.6858                       6.4208       8.327900            0.3107              1836.078857             0.998187
2010-04-05 12:00:00+00:00                    2037.745605                    0.78653           5.4716                         0.855                       112.5                  5.9772                       6.7184       8.327900            0.2951              2045.283813             0.996314
2010-04-05 15:00:00+00:00                    2298.965088                    0.83444           4.8896                         0.881                       112.5                  5.7253                       6.7539       7.598900            0.3133              2314.782471             0.993167
2010-04-05 18:00:00+00:00                    2731.306641                    0.94482           4.2297                         0.852                       112.5                  5.0026                       6.2688       7.598900            0.3840              2745.179932             0.994946
2010-04-05 21:00:00+00:00                    3209.432373                    1.07015           3.8744                         0.809                       127.5                  4.5351                       5.7548       7.598900            0.4248              3221.426514             0.996277
2010-04-06 00:00:00+00:00                    3657.436768                    1.16284           3.9219                         0.760                       127.5                  4.5016                       5.5501       7.598900            0.4143              3663.108643             0.998452
2010-04-06 03:00:00+00:00                    3888.463623                    1.19864           4.0668                         0.742                       142.5                  4.6104                       5.5465       7.598900            0.3915              3889.508789             0.999731
2010-04-06 06:00:00+00:00                    3785.127686                    1.15298           4.5577                         0.772                       142.5                  5.0438                       5.8184       7.598900            0.3435              3782.408691             1.000719
2010-04-06 09:00:00+00:00                    3670.221191                    1.11800           4.9152                         0.801                       142.5                  5.3347                       5.9914       7.598900            0.3126              3666.551514             1.001001
2010-04-06 12:00:00+00:00                    3642.572510                    1.10401           5.0960                         0.819                       142.5                  5.4908                       6.0930       7.598900            0.2964              3638.575684             1.001099
2010-04-06 15:00:00+00:00                    3473.353760                    1.06989           5.2019                         0.830                       142.5                  5.5946                       6.1829       7.598900            0.2904              3469.746338             1.001040
2010-04-06 18:00:00+00:00                    3106.055664                    1.00800           5.2471                         0.834                       142.5                  5.6433                       6.2287       7.598900            0.2862              3103.737305             1.000747
2010-04-06 21:00:00+00:00                    2601.971436                    0.92506           5.2218                         0.835                       142.5                  5.6236                       6.2004       7.598900            0.2778              2601.596436             1.000144
2010-04-07 00:00:00+00:00                    2114.920410                    0.83765           5.1573                         0.841                       142.5                  5.5693                       6.1499       7.598900            0.2752              2115.048340             0.999940
2010-04-07 03:00:00+00:00                    1775.342773                    0.76751           5.1075                         0.849                       142.5                  5.5429                       6.1508       7.598900            0.2797              1775.944458             0.999661
2010-04-07 06:00:00+00:00                    1577.853638                    0.72026           5.0459                         0.860                       127.5                  5.5427                       6.2102       7.598900            0.2869              1579.771973             0.998786
2010-04-07 09:00:00+00:00                    1471.810913                    0.71984           3.9199                         0.866                       127.5                  4.6577                       5.8364       7.598900            0.3810              1479.084106             0.995083
2010-04-07 12:00:00+00:00                    1500.770996                    0.72597           4.1023                         0.874                       127.5                  4.7522                       5.8367       7.598900            0.3839              1504.462646             0.997546
2010-04-07 15:00:00+00:00                    1600.778687                    0.74870           4.2099                         0.882                       127.5                  4.8222                       5.8483       7.598900            0.3814              1603.456665             0.998330
2010-04-07 18:00:00+00:00                    1737.859741                    0.78542           4.0444                         0.883                       127.5                  4.6946                       5.7794       7.598900            0.3924              1742.969849             0.997068
2010-04-07 21:00:00+00:00                    1941.952759                    0.82666           4.2684                         0.890                       127.5                  4.8572                       5.8179       7.598900            0.3711              1944.195312             0.998847
2010-04-08 00:00:00+00:00                    2008.066772                    0.83642           4.4917                         0.894                       127.5                  5.0312                       5.8694       7.598900            0.3429              2008.715454             0.999677
2010-04-08 03:00:00+00:00                    1932.116211                    0.81998           4.5917                         0.897                       142.5                  5.1021                       5.8735       7.598900            0.3275              1931.932007             1.000095
2010-04-08 06:00:00+00:00                    1799.316772                    0.79372           4.6301                         0.904                       142.5                  5.1140                       5.8364       7.598900            0.3183              1798.272949             1.000580
2010-04-08 09:00:00+00:00                    1681.048584                    0.77078           4.6391                         0.911                       142.5                  5.0976                       5.7809       7.598900            0.3139              1679.052002             1.001189
2010-04-08 12:00:00+00:00                    1645.146484                    0.76234           4.6529                         0.913                       142.5                  5.1068                       5.7825       7.598900            0.3161              1642.954834             1.001334
2010-04-08 15:00:00+00:00                    1658.060669                    0.76190           4.4881                         0.905                       142.5                  5.0444                       5.8427       7.598900            0.3369              1658.840088             0.999530
2010-04-08 18:00:00+00:00                    1822.919678                    0.80121           4.0373                         0.895                       127.5                  4.7189                       5.8236       7.598900            0.3906              1828.190063             0.997117
2010-04-08 21:00:00+00:00                    2139.340088                    0.85227           4.1366                         0.899                       127.5                  4.8471                       6.0347       7.598900            0.3974              2146.779053             0.996535
2010-04-09 00:00:00+00:00                    2422.923584                    0.90948           4.0135                         0.899                       127.5                  4.7317                       6.0057       8.327900            0.4158              2432.423584             0.996094
2010-04-09 03:00:00+00:00                    2655.596436                    0.95410           4.0331                         0.901                       127.5                  4.7233                       5.9791       8.327900            0.4224              2664.600830             0.996621
2010-04-09 06:00:00+00:00                    2840.310791                    0.98560           4.2160                         0.904                       127.5                  4.8508                       5.9841       8.327900            0.4094              2845.928711             0.998026
2010-04-09 09:00:00+00:00                    2933.980225                    1.00323           4.3823                         0.906                       127.5                  4.9646                       5.9608       8.327900            0.3882              2936.693359             0.999076
2010-04-09 12:00:00+00:00                    2983.219238                    1.02132           4.5006                         0.908                       127.5                  5.0110                       5.8438       8.327900            0.3618              2981.379883             1.000617
2010-04-09 15:00:00+00:00                    3222.222656                    1.06659           4.6283                         0.907                       127.5                  5.0806                       5.7836       5.773000            0.3347              3216.688965             1.001720
2010-04-09 18:00:00+00:00                    3505.581299                    1.10861           4.8138                         0.907                       142.5                  5.2067                       5.8192       5.773000            0.3142              3497.394775             1.002341
2010-04-09 21:00:00+00:00                    3902.629395                    1.16201           5.0038                         0.904                       142.5                  5.3509                       5.8933       5.773000            0.2942              3893.378418             1.002376
2010-04-10 00:00:00+00:00                    4445.790527                    1.22570           5.2196                         0.898                       142.5                  5.5361                       6.0323       6.326800            0.2752              4438.347656             1.001677
2010-04-10 03:00:00+00:00                    4943.042480                    1.27311           5.4285                         0.889                       142.5                  5.7361                       6.2165       6.326800            0.2611              4940.912598             1.000431
2010-04-10 06:00:00+00:00                    5319.121582                    1.30222           5.6186                         0.886                       142.5                  5.9242                       6.3938       6.933700            0.2491              5323.486816             0.999180
2010-04-10 09:00:00+00:00                    5538.091309                    1.31104           5.7874                         0.891                       142.5                  6.1001                       6.5677       7.598900            0.2412              5549.362793             0.997969
2010-04-10 12:00:00+00:00                    5573.937012                    1.30132           5.8088                         0.901                       142.5                  6.1922                       6.7111       7.598900            0.2454              5592.381348             0.996702
2010-04-10 15:00:00+00:00                    5318.896973                    1.29075           5.0516                         0.900                       157.5                  5.7178                       6.5232       7.598900            0.2893              5340.812012             0.995897
2010-04-10 18:00:00+00:00                    4882.974609                    1.24503           5.0704                         0.892                       157.5                  5.6637                       6.4331       6.933700            0.2960              4897.427246             0.997049
2010-04-10 21:00:00+00:00                    4244.294922                    1.15110           5.4526                         0.885                       157.5                  5.9004                       6.5322       6.933700            0.2800              4253.782715             0.997770
2010-04-11 00:00:00+00:00                    3776.793457                    1.07694           5.3167                         0.880                       157.5                  5.9045                       6.6453       7.598900            0.2871              3790.808105             0.996303
2010-04-11 03:00:00+00:00                    3532.118164                    1.02973           5.5824                         0.885                       142.5                  6.0947                       6.7914       7.598900            0.2812              3545.567139             0.996207
2010-04-11 06:00:00+00:00                    3508.754639                    1.03056           5.1319                         0.884                       142.5                  5.8500                       6.7458       7.598900            0.3037              3526.311768             0.995021
2010-04-11 09:00:00+00:00                    3668.327393                    1.04747           5.2351                         0.885                       142.5                  5.9179                       6.8200       7.598900            0.3104              3684.975342             0.995482
2010-04-11 12:00:00+00:00                    4099.282227                    1.08100           5.6388                         0.895                       142.5                  6.2638                       7.1403       8.327900            0.3110              4118.256348             0.995393
2010-04-11 15:00:00+00:00                    4990.496094                    1.15730           6.0171                         0.906                       142.5                  6.6407                       7.5645       8.327900            0.3175              5015.531738             0.995008
2010-04-11 18:00:00+00:00                    5823.028320                    1.21945           6.3305                         0.914                       157.5                  6.9715                       7.9328       9.126800            0.3169              5855.050293             0.994531
2010-04-11 21:00:00+00:00                    6556.804199                    1.26969           6.5925                         0.919                       142.5                  7.2487                       8.2258       9.126800            0.3126              6595.561523             0.994124
2010-04-12 00:00:00+00:00                    6988.418945                    1.29651           6.7829                         0.920                       142.5                  7.4386                       8.4017       9.126800            0.3057              7032.982422             0.993664
2010-04-12 03:00:00+00:00                    6759.657715                    1.27459           6.8779                         0.917                       157.5                  7.5075                       8.4149       9.126800            0.2954              6808.499512             0.992826
2010-04-12 06:00:00+00:00                    6243.444336                    1.23192           6.8726                         0.917                       157.5                  7.4790                       8.3312       9.126800            0.2861              6293.260742             0.992084
2010-04-12 09:00:00+00:00                    5558.375488                    1.16961           6.8335                         0.919                       157.5                  7.4306                       8.2393       9.126800            0.2771              5606.505859             0.991415
2010-04-12 12:00:00+00:00                    4523.188965                    1.06033           6.7550                         0.920                       157.5                  7.3719                       8.1669       9.126800            0.2706              4564.950195             0.990852
2010-04-12 15:00:00+00:00                    3819.961426                    0.97683           6.6992                         0.922                       157.5                  7.3311                       8.1293       9.126800            0.2696              3855.423340             0.990802
2010-04-12 18:00:00+00:00                    3274.602783                    0.90658           6.6581                         0.924                       157.5                  7.2887                       8.0903       9.126800            0.2717              3303.981689             0.991108
2010-04-12 21:00:00+00:00                    2825.542236                    0.84149           6.6468                         0.926                       157.5                  7.2819                       8.0998       8.327900            0.2754              2850.114502             0.991378
2010-04-13 00:00:00+00:00                    2468.528564                    0.78521           6.6412                         0.928                       157.5                  7.2816                       8.1237       8.327900            0.2802              2489.368652             0.991628
2010-04-13 03:00:00+00:00                    2194.582275                    0.74203           6.5641                         0.930                       157.5                  7.2076                       8.0857       8.327900            0.2883              2212.112549             0.992075
2010-04-13 06:00:00+00:00                    1978.286377                    0.71182           6.3865                         0.934                       157.5                  7.0164                       7.9235       8.327900            0.2996              1992.530396             0.992851
2010-04-13 09:00:00+00:00                    1836.088623                    0.69403           6.2349                         0.938                       157.5                  6.8378                       7.7409       8.327900            0.3062              1848.137451             0.993481
2010-04-13 12:00:00+00:00                    1653.124146                    0.66812           6.0623                         0.942                       157.5                  6.6382                       7.5268       8.327900            0.3114              1662.832764             0.994161
2010-04-13 15:00:00+00:00                    1437.424072                    0.63435           5.8612                         0.945                       172.5                  6.4059                       7.2665       9.126800            0.3157              1444.491211             0.995108
2010-04-13 18:00:00+00:00                    1190.893311                    0.59044           5.6064                         0.950                       172.5                  6.1326                       6.9566       7.598900            0.3174              1195.453491             0.996185
2010-04-13 21:00:00+00:00                     935.222351                    0.56303           3.7588                         0.954                       172.5                  4.6510                       6.0828       7.598900            0.4062               944.691162             0.989977
2010-04-14 00:00:00+00:00                     850.210999                    0.55832           3.7397                         0.953                       172.5                  4.3933                       5.6062       6.933700            0.4231               853.323547             0.996352
2010-04-14 03:00:00+00:00                     820.263000                    0.54674           3.8319                         0.962                       172.5                  4.4903                       5.6391       6.933700            0.4014               823.284363             0.996330
2010-04-14 06:00:00+00:00                     819.767517                    0.54466           3.9268                         0.968                       172.5                  4.5752                       5.6739       7.598900            0.3877               822.273560             0.996952
2010-04-14 09:00:00+00:00                     772.520813                    0.53737           3.8599                         0.964                       172.5                  4.4569                       5.4946       7.598900            0.3928               774.148315             0.997898
2010-04-14 12:00:00+00:00                     696.254822                    0.51888           3.8120                         0.962                       172.5                  4.3564                       5.3122       7.598900            0.3928               696.944885             0.999010
2010-04-14 15:00:00+00:00                     663.155273                    0.51403           3.8019                         0.956                       172.5                  4.2923                       5.1536       7.598900            0.3870               662.825317             1.000498
2010-04-14 18:00:00+00:00                     597.753235                    0.49076           3.8185                         0.959                       172.5                  4.2883                       5.0954       7.598900            0.3776               597.107605             1.001081
2010-04-14 21:00:00+00:00                     509.143646                    0.45457           3.8500                         0.962                       172.5                  4.3022                       5.0573       6.933700            0.3667               508.324921             1.001611
2010-04-15 00:00:00+00:00                     426.368195                    0.41821           3.8440                         0.958                       172.5                  4.2786                       5.0030       6.933700            0.3643               425.477722             1.002093
2010-04-15 03:00:00+00:00                     354.209290                    0.38102           3.8130                         0.947                       172.5                  4.2511                       5.0074       6.933700            0.3764               353.491211             1.002031
2010-04-15 06:00:00+00:00                     318.643036                    0.35985           3.8119                         0.929                       157.5                  4.2552                       5.0489       6.933700            0.3883               318.006165             1.002003
2010-04-15 09:00:00+00:00                     309.537567                    0.35223           3.8694                         0.911                       157.5                  4.3138                       5.1161       6.933700            0.3895               308.880249             1.002128
2010-04-15 12:00:00+00:00                     299.434479                    0.34076           3.9968                         0.907                       157.5                  4.4563                       5.2826       6.326800            0.3854               298.844818             1.001973
2010-04-15 15:00:00+00:00                     281.349457                    0.32269           4.1458                         0.937                       157.5                  4.6475                       5.5303       7.598900            0.3779               281.040527             1.001099
2010-04-15 18:00:00+00:00                     280.254639                    0.31610           4.3190                         0.967                       157.5                  4.8530                       5.7374       7.598900            0.3606               280.181885             1.000260
2010-04-15 21:00:00+00:00                     305.169617                    0.33048           4.2968                         0.974                       157.5                  4.8400                       5.7167       7.598900            0.3556               305.104828             1.000212
2010-04-16 00:00:00+00:00                     331.722076                    0.34206           4.3142                         0.969                       157.5                  4.9099                       5.8030       7.598900            0.3430               331.995209             0.999177
2010-04-16 03:00:00+00:00                     315.351593                    0.32962           4.2491                         0.954                       157.5                  4.9355                       5.9465       7.598900            0.3470               316.226471             0.997233
2010-04-16 06:00:00+00:00                     273.760681                    0.30055           4.4524                         0.950                       157.5                  5.1674                       6.2022       7.598900            0.3395               274.704132             0.996566
2010-04-16 09:00:00+00:00                     276.314911                    0.31221           3.9512                         0.899                       157.5                  4.6136                       5.8123       7.598900            0.4027               277.041260             0.997378
2010-04-16 12:00:00+00:00                     268.035187                    0.30497           3.9809                         0.908                       157.5                  4.6984                       5.9147       7.598900            0.3942               269.190796             0.995707
2010-04-16 15:00:00+00:00                     283.651642                    0.34273           2.8237                         0.892                       142.5                  3.5311                       5.1142       7.598900            0.5098               292.330811             0.970310
2010-04-16 18:00:00+00:00                     405.371185                    0.45095           2.8275                         0.865                       157.5                  3.1954                       4.1641       7.598900            0.5479               409.369141             0.990234
2010-04-16 21:00:00+00:00                     470.972076                    0.48467           2.9719                         0.854                       142.5                  3.3403                       4.1781       7.598900            0.5001               474.515350             0.992533
2010-04-17 00:00:00+00:00                     558.523254                    0.53027           3.0308                         0.836                       142.5                  3.3894                       4.1348       3.331900            0.4667               561.950378             0.993901
2010-04-17 03:00:00+00:00                     629.348083                    0.56168           3.1086                         0.837                       142.5                  3.4596                       4.1437       3.651600            0.4401               631.891235             0.995975
2010-04-17 06:00:00+00:00                     728.500793                    0.60159           3.1983                         0.825                       142.5                  3.5428                       4.1714       3.651600            0.4118               729.864197             0.998132
2010-04-17 09:00:00+00:00                     846.969177                    0.64986           3.2215                         0.806                       142.5                  3.5640                       4.1551       4.001900            0.3914               848.264526             0.998473
2010-04-17 12:00:00+00:00                     969.157715                    0.69311           3.3085                         0.792                       142.5                  3.6336                       4.1695       4.001900            0.3684               968.370667             1.000813
2010-04-17 15:00:00+00:00                    1047.039429                    0.71052           3.4648                         0.791                       142.5                  3.7757                       4.2717       4.001900            0.3496              1043.309082             1.003575
2010-04-17 18:00:00+00:00                    1097.774780                    0.71413           3.6532                         0.791                       142.5                  3.9469                       4.4186       4.385800            0.3407              1091.288208             1.005944
2010-04-17 21:00:00+00:00                    1153.084595                    0.71818           3.8146                         0.798                       142.5                  4.1034                       4.5799       4.385800            0.3426              1145.268188             1.006825
2010-04-18 00:00:00+00:00                    1364.249878                    0.75877           4.0677                         0.816                       127.5                  4.3583                       4.8457       4.806500            0.3353              1355.066406             1.006777
2010-04-18 03:00:00+00:00                    1692.548584                    0.81832           4.3482                         0.849                       127.5                  4.6586                       5.1635       4.806500            0.3140              1683.185181             1.005563
2010-04-18 06:00:00+00:00                    2032.093994                    0.87198           4.6243                         0.873                       112.5                  4.9515                       5.4564       5.267700            0.2902              2023.695068             1.004150
2010-04-18 09:00:00+00:00                    2133.208740                    0.88195           4.7775                         0.895                       112.5                  5.1029                       5.5968       5.773000            0.2803              2125.582764             1.003588
2010-04-18 12:00:00+00:00                    2172.962158                    0.87862           4.8681                         0.906                       112.5                  5.2078                       5.7416       5.773000            0.2947              2166.325928             1.003063
2010-04-18 15:00:00+00:00                    2394.978516                    0.90022           5.0187                         0.915                       112.5                  5.3955                       6.0231       5.773000            0.3208              2390.338623             1.001941
2010-04-18 18:00:00+00:00                    2886.522949                    0.95312           5.2762                         0.925                       112.5                  5.7146                       6.4686       6.326800            0.3385              2886.698975             0.999939
2010-04-18 21:00:00+00:00                    3542.654541                    1.01929           5.5833                         0.933                       112.5                  6.0831                       6.9336       9.126800            0.3392              3550.324707             0.997840
2010-04-19 00:00:00+00:00                    4159.233887                    1.07121           5.8722                         0.935                       112.5                  6.4323                       7.3598       9.126800            0.3350              4174.770996             0.996278
2010-04-19 03:00:00+00:00                    4609.861328                    1.09988           6.1076                         0.935                       112.5                  6.7282                       7.7259       9.126800            0.3311              4632.121582             0.995194
2010-04-19 06:00:00+00:00                    4898.155273                    1.11217           6.2874                         0.934                       112.5                  6.9637                       8.0214       9.126800            0.3270              4927.666016             0.994011
2010-04-19 09:00:00+00:00                    4827.441895                    1.08985           6.4033                         0.933                       112.5                  7.1331                       8.2364      10.002400            0.3199              4866.106934             0.992054
2010-04-19 12:00:00+00:00                    3865.872803                    0.99075           6.1912                         0.924                       112.5                  6.9036                       7.9977      10.002400            0.3239              3898.244629             0.991696
2010-04-19 15:00:00+00:00                    2874.750000                    0.88242           5.8411                         0.905                       112.5                  6.4834                       7.5097      10.002400            0.3334              2893.677246             0.993459
2010-04-19 18:00:00+00:00                    2099.630615                    0.78091           5.5185                         0.878                       112.5                  6.0860                       7.0112      10.002400            0.3372              2108.362061             0.995859
2010-04-19 21:00:00+00:00                    1530.674805                    0.68609           5.2802                         0.857                       127.5                  5.7889                       6.6231       9.126800            0.3376              1533.169434             0.998373
2010-04-20 00:00:00+00:00                    1200.790161                    0.61274           5.2261                         0.841                       127.5                  5.7020                       6.5061       6.326800            0.3457              1200.282349             1.000423
2010-04-20 03:00:00+00:00                    1081.554810                    0.56773           5.4015                         0.828                       127.5                  5.9059                       6.8090       6.326800            0.3674              1080.688477             1.000802
2010-04-20 06:00:00+00:00                    1194.252686                    0.56681           5.8367                         0.829                       127.5                  6.4441                       7.5261      10.961900            0.3677              1196.663696             0.997985
2010-04-20 09:00:00+00:00                    1484.544678                    0.60354           6.3839                         0.859                       112.5                  7.1038                       8.2448      10.002400            0.3350              1493.925659             0.993721
2010-04-20 12:00:00+00:00                    1879.732666                    0.65852           6.9404                         0.889                       112.5                  7.7092                       8.7711      10.002400            0.2939              1899.127075             0.989788
2010-04-20 15:00:00+00:00                    2200.053955                    0.70326           7.3056                         0.905                       112.5                  8.0721                       9.0123      10.002400            0.2611              2229.340576             0.986863
2010-04-20 18:00:00+00:00                    2484.550293                    0.74870           7.4702                         0.914                       112.5                  8.1857                       8.9963      10.002400            0.2365              2521.964600             0.985165
2010-04-20 21:00:00+00:00                    2949.915283                    0.82997           7.4965                         0.922                       112.5                  8.0897                       8.7105      10.002400            0.2100              2994.625244             0.985070
2010-04-21 00:00:00+00:00                    2823.784424                    0.82304           7.3936                         0.930                        97.5                  7.9234                       8.4845       9.126800            0.2044              2863.811279             0.986023
2010-04-21 03:00:00+00:00                    2223.253174                    0.73557           7.1670                         0.926                        97.5                  7.7422                       8.3583       9.126800            0.2167              2251.400391             0.987498
2010-04-21 06:00:00+00:00                    1837.418213                    0.65927           7.0077                         0.914                       112.5                  7.7074                       8.5327       9.126800            0.2705              1848.579712             0.993962
2010-04-21 09:00:00+00:00                    2014.653320                    0.65428           6.9322                         0.923                       112.5                  7.9785                       9.3539       8.327900            0.3320              2007.654419             1.003486
2010-04-21 12:00:00+00:00                    3038.454590                    0.75477           7.6637                         0.942                       112.5                  9.0220                      10.5399      12.013500            0.2907              3036.233398             1.000732
2010-04-21 15:00:00+00:00                    4495.874512                    0.90178           8.3116                         0.952                       112.5                  9.6863                      10.9661      12.013500            0.2398              4523.352051             0.993925
2010-04-21 18:00:00+00:00                    5165.681641                    0.97188           7.5471                         0.953                       112.5                  9.4113                      10.8834      12.013500            0.2354              5211.190918             0.991267
2010-04-21 21:00:00+00:00                    4881.024902                    1.00256           5.1569                         0.934                       112.5                  6.8926                       9.6974      12.013500            0.3762              4899.069336             0.996317
2010-04-22 00:00:00+00:00                    3758.696045                    0.92555           4.8244                         0.906                       112.5                  6.2056                       8.8204      12.013500            0.4268              3774.006836             0.995943
2010-04-22 03:00:00+00:00                    2436.690918                    0.80611           4.1278                         0.876                       127.5                  5.2030                       7.6036      10.961900            0.4948              2446.655029             0.995927
2010-04-22 06:00:00+00:00                    1724.800781                    0.74953           3.7346                         0.828                       127.5                  4.4579                       6.2659      10.961900            0.5486              1726.795654             0.998845
2010-04-22 09:00:00+00:00                    1584.733154                    0.78468           3.7821                         0.789                       157.5                  4.2451                       5.2647       4.385800            0.4958              1579.085205             1.003577
2010-04-22 12:00:00+00:00                    1476.258301                    0.77148           4.0027                         0.833                       157.5                  4.3811                       5.0696       4.806500            0.4028              1467.848633             1.005729
2010-04-22 15:00:00+00:00                    1443.499878                    0.75844           4.1934                         0.867                       172.5                  4.5504                       5.1250       5.267700            0.3475              1434.701660             1.006132
2010-04-22 18:00:00+00:00                    1631.973755                    0.79183           4.4340                         0.888                       172.5                  4.7836                       5.3102       5.773000            0.3141              1622.403564             1.005899
2010-04-22 21:00:00+00:00                    1703.227417                    0.79498           4.5460                         0.896                       172.5                  4.9275                       5.4936       6.326800            0.3208              1693.977539             1.005461
2010-04-23 00:00:00+00:00                    1787.205322                    0.80041           4.5672                         0.876                       172.5                  5.0011                       5.6782       5.773000            0.3583              1777.183838             1.005639
2010-04-23 03:00:00+00:00                    1874.978394                    0.79602           4.6114                         0.833                       157.5                  5.1141                       6.0088       6.326800            0.4134              1864.379639             1.005685
2010-04-23 06:00:00+00:00                    2100.323730                    0.81105           4.7229                         0.798                       142.5                  5.3179                       6.4753      10.961900            0.4447              2092.529541             1.003725
2010-04-23 09:00:00+00:00                    2255.687988                    0.82013           4.7994                         0.803                       127.5                  5.4784                       6.8125      10.961900            0.4426              2256.399902             0.999685
2010-04-23 12:00:00+00:00                    1847.043335                    0.76797           4.6354                         0.802                       127.5                  5.2301                       6.3815      10.961900            0.4297              1847.746094             0.999620
2010-04-23 15:00:00+00:00                    1313.834351                    0.68893           4.4016                         0.800                       142.5                  4.8519                       5.6535       5.267700            0.3873              1310.658325             1.002423
2010-04-23 18:00:00+00:00                     994.185364                    0.62230           4.2899                         0.820                       142.5                  4.6595                       5.2459       5.267700            0.3353               989.486084             1.004749
2010-04-23 21:00:00+00:00                     821.265625                    0.57254           4.2164                         0.835                       157.5                  4.5620                       5.1135       5.267700            0.3425               815.681274             1.006846
2010-04-24 00:00:00+00:00                     759.806885                    0.54245           4.1739                         0.826                       142.5                  4.5478                       5.2518       5.267700            0.4230               752.723511             1.009410
2010-04-24 03:00:00+00:00                     911.980469                    0.54777           4.3259                         0.806                       142.5                  4.8706                       6.1455      10.961900            0.5176               903.789673             1.009063
2010-04-24 06:00:00+00:00                    1432.832642                    0.62129           4.8707                         0.844                       112.5                  5.7171                       7.4976      10.961900            0.4671              1432.025269             1.000564
2010-04-24 09:00:00+00:00                    1807.911255                    0.67531           5.2565                         0.873                       112.5                  6.2307                       8.0167      10.961900            0.4163              1815.667358             0.995728
2010-04-24 12:00:00+00:00                    2331.720947                    0.74257           5.7572                         0.879                       112.5                  6.8363                       8.5481      10.961900            0.3684              2349.725098             0.992338
2010-04-24 15:00:00+00:00                    3097.211426                    0.82804           6.4827                         0.879                       127.5                  7.5958                       9.1153      10.961900            0.3200              3128.253418             0.990077
2010-04-24 18:00:00+00:00                    4494.896973                    0.97631           7.6181                         0.903                       142.5                  8.5089                       9.5265      10.002400            0.2506              4558.420898             0.986064
2010-04-24 21:00:00+00:00                    4995.031738                    1.04108           7.7483                         0.918                       142.5                  8.5810                       9.3417      10.002400            0.2170              5076.041504             0.984041
2010-04-25 00:00:00+00:00                    4553.326660                    1.05489           5.2383                         0.898                       142.5                  6.5779                       8.3274      10.002400            0.3256              4612.275879             0.987219
2010-04-25 03:00:00+00:00                    4384.452637                    1.09926           4.5382                         0.873                       142.5                  5.6055                       7.4052       9.126800            0.4001              4424.804688             0.990880
2010-04-25 06:00:00+00:00                    4729.233398                    1.15653           4.8436                         0.874                       142.5                  5.7444                       7.2087       9.126800            0.3852              4761.300781             0.993265
2010-04-25 09:00:00+00:00                    4926.984375                    1.16863           5.3642                         0.874                       142.5                  6.1397                       7.3418       9.126800            0.3561              4955.857910             0.994174
2010-04-25 12:00:00+00:00                    6403.046875                    1.28646           5.9116                         0.880                       127.5                  6.6830                       7.8524      10.002400            0.3400              6446.499512             0.993259
2010-04-25 15:00:00+00:00                    8909.712891                    1.45214           6.6421                         0.905                       127.5                  7.4421                       8.5568      10.002400            0.3057              8995.553711             0.990457
2010-04-25 18:00:00+00:00                   10531.028320                    1.53742           7.1776                         0.916                       127.5                  7.9671                       9.0082      10.002400            0.2814             10649.258789             0.988898
2010-04-25 21:00:00+00:00                   11156.474609                    1.56420           7.4249                         0.916                       127.5                  8.1923                       9.2058      10.002400            0.2751             11281.198242             0.988944
2010-04-26 00:00:00+00:00                   11247.228516                    1.56437           7.5135                         0.914                       112.5                  8.2587                       9.2700      10.002400            0.2763             11367.556641             0.989415
2010-04-26 03:00:00+00:00                   10671.972656                    1.52502           7.5225                         0.915                       112.5                  8.2517                       9.2554      10.002400            0.2769             10784.730469             0.989545
2010-04-26 06:00:00+00:00                    9616.008789                    1.45020           7.5232                         0.921                       112.5                  8.2473                       9.2285      10.002400            0.2728              9722.242188             0.989073
2010-04-26 09:00:00+00:00                    8873.170898                    1.39258           7.5650                         0.929                       112.5                  8.2827                       9.2368      10.002400            0.2679              8973.610352             0.988807
2010-04-26 12:00:00+00:00                    8591.370117                    1.36572           7.6756                         0.937                       112.5                  8.3747                       9.2938      10.002400            0.2629              8687.583984             0.988925
2010-04-26 15:00:00+00:00                    8851.109375                    1.38079           7.8701                         0.942                       112.5                  8.5168                       9.3672      10.002400            0.2533              8955.200195             0.988376
2010-04-26 18:00:00+00:00                    8781.338867                    1.37745           7.9265                         0.944                       112.5                  8.5359                       9.3481      10.002400            0.2475              8892.541992             0.987495
2010-04-26 21:00:00+00:00                    8208.619141                    1.33790           7.8591                         0.944                       112.5                  8.4632                       9.2724      10.002400            0.2466              8316.782227             0.986995
2010-04-27 00:00:00+00:00                    7377.320801                    1.27698           7.7215                         0.943                       112.5                  8.3366                       9.1566      10.002400            0.2483              7475.821289             0.986824
2010-04-27 03:00:00+00:00                    6618.278809                    1.21979           7.5584                         0.939                       112.5                  8.1862                       9.0122      10.002400            0.2504              6706.711914             0.986814
2010-04-27 06:00:00+00:00                    5922.135742                    1.16794           7.3735                         0.933                       112.5                  7.9938                       8.8078      10.002400            0.2521              6000.454590             0.986948
2010-04-27 09:00:00+00:00                    5265.220215                    1.11810           7.1748                         0.925                       112.5                  7.7665                       8.5553      10.002400            0.2542              5332.016602             0.987473
2010-04-27 12:00:00+00:00                    4592.193848                    1.06292           6.9332                         0.915                       112.5                  7.4977                       8.2648       9.126800            0.2583              4645.494141             0.988526
2010-04-27 15:00:00+00:00                    4123.010742                    1.02229           6.4845                         0.909                       112.5                  7.1843                       8.0293       9.126800            0.2682              4167.723633             0.989272
2010-04-27 18:00:00+00:00                    3728.106201                    0.98918           5.5085                         0.905                       112.5                  6.5878                       7.7685       9.126800            0.3003              3768.416748             0.989303
2010-04-27 21:00:00+00:00                    3545.860352                    0.96360           5.6154                         0.905                       112.5                  6.5778                       7.7647       9.126800            0.3159              3574.190186             0.992074
2010-04-28 00:00:00+00:00                    3455.547119                    0.94176           5.7745                         0.905                       112.5                  6.6455                       7.8832       8.327900            0.3429              3469.019043             0.996117
2010-04-28 03:00:00+00:00                    3462.625244                    0.93506           5.7313                         0.910                       112.5                  6.6099                       7.9818       8.327900            0.3718              3465.027344             0.999307
2010-04-28 06:00:00+00:00                    3687.309570                    0.98648           5.4827                         0.916                       112.5                  6.2784                       7.6440       8.327900            0.3965              3684.563965             1.000745
2010-04-28 09:00:00+00:00                    3631.398438                    0.99883           5.4318                         0.911                       112.5                  6.1458                       7.3625       8.327900            0.3883              3631.065918             1.000092
2010-04-28 12:00:00+00:00                    3613.196045                    1.02505           5.2976                         0.895                       127.5                  5.9195                       6.9746       7.598900            0.3770              3612.838379             1.000099
2010-04-28 15:00:00+00:00                    3944.429443                    1.07420           5.5105                         0.884                       127.5                  6.0529                       6.9393       6.933700            0.3473              3946.546631             0.999464
2010-04-28 18:00:00+00:00                    4317.557129                    1.11471           5.7445                         0.871                       127.5                  6.2347                       7.0519       6.933700            0.3340              4322.203125             0.998925
2010-04-28 21:00:00+00:00                    4621.479492                    1.13498           5.9719                         0.859                       127.5                  6.4485                       7.2748       6.933700            0.3318              4629.718262             0.998220
2010-04-29 00:00:00+00:00                    5053.055664                    1.15940           6.2452                         0.860                       127.5                  6.7417                       7.6107       7.598900            0.3296              5066.146973             0.997416
2010-04-29 03:00:00+00:00                    5688.760254                    1.20432           6.5127                         0.864                       127.5                  7.0309                       7.9284       9.126800            0.3246              5707.315918             0.996749
2010-04-29 06:00:00+00:00                    6266.682129                    1.24528           6.7628                         0.869                       127.5                  7.2839                       8.1642       9.126800            0.3129              6294.135254             0.995638
2010-04-29 09:00:00+00:00                    6425.152344                    1.24961           6.9734                         0.872                       127.5                  7.4809                       8.3147       9.126800            0.2984              6461.715332             0.994342
2010-04-29 12:00:00+00:00                    6045.474609                    1.20925           7.0681                         0.872                       127.5                  7.5649                       8.3596       9.126800            0.2880              6085.670898             0.993395
2010-04-29 15:00:00+00:00                    5264.291016                    1.13337           6.8777                         0.868                       127.5                  7.4645                       8.2943       9.126800            0.2879              5301.668945             0.992950
2010-04-29 18:00:00+00:00                    4599.681152                    1.19419           4.0264                         0.760                       127.5                  4.8465                       6.5733       9.126800            0.4767              4608.347168             0.998119
2010-04-29 21:00:00+00:00                    3528.695557                    1.03984           4.1324                         0.763                       142.5                  4.9680                       6.6486       9.126800            0.4649              3535.961670             0.997945
2010-04-30 00:00:00+00:00                    2614.872314                    0.85568           4.3006                         0.812                       142.5                  5.3458                       7.2662       9.126800            0.4379              2628.214600             0.994923
2010-04-30 03:00:00+00:00                    2467.284912                    0.85544           3.8499                         0.795                       157.5                  4.7891                       6.8762      10.002400            0.4956              2478.940918             0.995298
2010-04-30 06:00:00+00:00                    2331.957764                    0.82387           3.9581                         0.829                       157.5                  4.9402                       7.0052      10.002400            0.4827              2344.609131             0.994604
2010-04-30 09:00:00+00:00                    2198.021729                    0.79928           4.0408                         0.846                       157.5                  5.0189                       7.0141      10.002400            0.4760              2209.681152             0.994723
2010-04-30 12:00:00+00:00                    2100.941895                    0.80606           3.7611                         0.839                       157.5                  4.6479                       6.6100      10.002400            0.5078              2111.849365             0.994835
2010-04-30 15:00:00+00:00                    2026.272095                    0.83189           3.4941                         0.801                       172.5                  4.1989                       5.9967      10.002400            0.5537              2031.917358             0.997222
2010-04-30 18:00:00+00:00                    1788.810059                    0.78462           3.5027                         0.817                       172.5                  4.2279                       5.9596      10.002400            0.5399              1795.912842             0.996045
2010-04-30 21:00:00+00:00                    1448.979736                    0.68251           3.8191                         0.842                       172.5                  4.6782                       6.3728      10.002400            0.4877              1457.313232             0.994282
2010-05-01 00:00:00+00:00                    1224.674194                    0.60288           4.3177                         0.829                       172.5                  5.2194                       6.8700      10.002400            0.4482              1230.093628             0.995594
2010-05-01 03:00:00+00:00                    1201.732544                    0.59361           4.4506                         0.825                       172.5                  5.3557                       6.9521      10.002400            0.4330              1207.504517             0.995220
2010-05-01 06:00:00+00:00                    1172.583252                    0.58388           4.6404                         0.826                       172.5                  5.5231                       7.0105      10.002400            0.4151              1178.541504             0.994944
2010-05-01 09:00:00+00:00                    1019.808777                    0.53274           5.2781                         0.816                       172.5                  6.0085                       7.3040      10.002400            0.3851              1024.325195             0.995591
2010-05-01 12:00:00+00:00                     840.204590                    0.47770           5.3728                         0.798                       157.5                  6.1561                       7.4825      10.002400            0.3754               844.793579             0.994568
2010-05-01 15:00:00+00:00                     682.358765                    0.42885           5.3924                         0.781                       142.5                  6.2044                       7.5390       9.126800            0.3719               686.264038             0.994309
2010-05-01 18:00:00+00:00                     555.524658                    0.39080           5.1547                         0.767                       142.5                  6.0170                       7.3974       9.126800            0.3813               558.625549             0.994449
2010-05-01 21:00:00+00:00                     458.499878                    0.41051           2.9355                         0.721                       142.5                  3.6809                       5.6735       9.126800            0.5762               467.069000             0.981653
2010-05-02 00:00:00+00:00                     457.964417                    0.42451           3.1682                         0.764                       172.5                  3.7303                       5.2485       9.126800            0.5693               460.690094             0.994083
2010-05-02 03:00:00+00:00                     590.688232                    0.48367           3.2384                         0.840                       172.5                  3.8011                       5.2194       9.126800            0.5482               594.605469             0.993412
2010-05-02 06:00:00+00:00                     790.231873                    0.55496           3.4462                         0.897                       172.5                  3.9956                       5.2855       9.126800            0.5183               793.083801             0.996404
2010-05-02 09:00:00+00:00                     870.196777                    0.58167           3.6036                         0.923                       172.5                  4.1278                       5.2868       9.126800            0.4929               871.484497             0.998522
2010-05-02 12:00:00+00:00                     904.766418                    0.59802           3.7411                         0.938                       172.5                  4.2142                       5.1920       4.001900            0.4612               904.052124             1.000790
2010-05-02 15:00:00+00:00                     929.465271                    0.61125           3.8870                         0.950                       172.5                  4.3081                       5.0990       4.385800            0.4163               926.978333             1.002683
2010-05-02 18:00:00+00:00                     922.933228                    0.61264           3.9406                         0.955                       172.5                  4.3503                       5.0407       4.385800            0.3780               920.179749             1.002992
2010-05-02 21:00:00+00:00                     844.046509                    0.59743           3.7165                         0.955                       172.5                  4.1703                       4.8659       4.806500            0.3613               843.687988             1.000425
2010-05-03 00:00:00+00:00                     786.745728                    0.58149           3.7698                         0.956                       172.5                  4.1697                       4.7793       4.806500            0.3383               784.571899             1.002771
2010-05-03 03:00:00+00:00                     786.264099                    0.58404           3.7717                         0.955                       172.5                  4.1598                       4.7351       4.806500            0.3266               783.908447             1.003005
2010-05-03 06:00:00+00:00                     840.720276                    0.60548           3.8120                         0.951                       172.5                  4.1740                       4.7068       4.806500            0.3160               837.319702             1.004061
2010-05-03 09:00:00+00:00                     993.146912                    0.65310           3.9175                         0.945                       172.5                  4.2736                       4.7748       4.806500            0.2987               988.746643             1.004450
2010-05-03 12:00:00+00:00                    1286.669434                    0.72794           4.1038                         0.948                       157.5                  4.4788                       4.9742       5.267700            0.2792              1281.401367             1.004111
2010-05-03 15:00:00+00:00                    1983.531860                    0.90081           3.8405                         0.932                       157.5                  4.3241                       5.0221       6.326800            0.3223              1981.831909             1.000858
2010-05-03 18:00:00+00:00                    2794.693848                    1.05163           3.8825                         0.902                       172.5                  4.3991                       5.1896       6.933700            0.3441              2794.344482             1.000125
2010-05-03 21:00:00+00:00                    2902.856445                    1.03593           4.1962                         0.919                       157.5                  4.7419                       5.5415       7.598900            0.3305              2902.493408             1.000125
2010-05-04 00:00:00+00:00                    2445.883057                    0.93867           4.3484                         0.947                       157.5                  4.9271                       5.6881       6.326800            0.3127              2448.610596             0.998886
2010-05-04 03:00:00+00:00                    2139.813721                    0.86929           4.8039                         0.957                       157.5                  5.2143                       5.7831       5.773000            0.2832              2136.507812             1.001547
2010-05-04 06:00:00+00:00                    1847.329956                    0.80879           4.7661                         0.960                       157.5                  5.1984                       5.7700       5.773000            0.2815              1845.109253             1.001204
2010-05-04 09:00:00+00:00                    1653.189941                    0.76045           4.9282                         0.962                       157.5                  5.3097                       5.8357       5.773000            0.2741              1650.471802             1.001647
2010-05-04 12:00:00+00:00                    1590.851074                    0.74025           5.0649                         0.963                       157.5                  5.4224                       5.9236       5.773000            0.2678              1588.483765             1.001490
2010-05-04 15:00:00+00:00                    1612.674683                    0.74045           4.8904                         0.963                       157.5                  5.3985                       6.0110       6.326800            0.2766              1613.777222             0.999317
2010-05-04 18:00:00+00:00                    1708.315674                    0.74750           5.1669                         0.967                       157.5                  5.6459                       6.2411       6.326800            0.2704              1710.360352             0.998805
2010-05-04 21:00:00+00:00                    1798.202271                    0.74865           5.4796                         0.971                       157.5                  5.9369                       6.5426       6.933700            0.2736              1802.309814             0.997721
2010-05-05 00:00:00+00:00                    1778.588257                    0.72566           5.7271                         0.972                       157.5                  6.2002                       6.8781       6.933700            0.2924              1784.346802             0.996773
2010-05-05 03:00:00+00:00                    1742.260132                    0.71446           5.8484                         0.969                       157.5                  6.2813                       6.9410       6.933700            0.3001              1746.281738             0.997697
2010-05-05 06:00:00+00:00                    1830.902954                    0.72966           5.9330                         0.967                       157.5                  6.3377                       6.9878       6.933700            0.3045              1834.260132             0.998170
2010-05-05 09:00:00+00:00                    2004.069092                    0.75499           6.0248                         0.964                       157.5                  6.4380                       7.1370       6.933700            0.3164              2007.860596             0.998112
2010-05-05 12:00:00+00:00                    2223.896729                    0.78876           6.0104                         0.960                       157.5                  6.4636                       7.2490       6.933700            0.3317              2227.645264             0.998317
2010-05-05 15:00:00+00:00                    2430.398682                    0.83044           5.8387                         0.958                       157.5                  6.3212                       7.1493       6.933700            0.3388              2433.622070             0.998675
2010-05-05 18:00:00+00:00                    2565.972412                    0.86870           5.5644                         0.957                       157.5                  6.0895                       6.9104       6.933700            0.3336              2569.719971             0.998542
2010-05-05 21:00:00+00:00                    2528.677734                    0.88555           4.8132                         0.967                       172.5                  5.5952                       6.5852       6.933700            0.3331              2538.903809             0.995972
2010-05-06 00:00:00+00:00                    2539.250000                    0.90674           4.4085                         0.973                       172.5                  5.1670                       6.3170       7.598900            0.3666              2548.656494             0.996309
2010-05-06 03:00:00+00:00                    2816.461670                    0.97063           4.0643                         0.969                       172.5                  4.8124                       6.1260       7.598900            0.4167              2828.386963             0.995784
2010-05-06 06:00:00+00:00                    3169.978271                    1.05881           3.9421                         0.953                       172.5                  4.5732                       5.7931       8.327900            0.4479              3175.351318             0.998308
2010-05-06 09:00:00+00:00                    3397.932861                    1.11553           4.0020                         0.948                       172.5                  4.5598                       5.5907       4.806500            0.4323              3396.726807             1.000355
2010-05-06 12:00:00+00:00                    3959.110352                    1.21256           4.2889                         0.935                       172.5                  4.7552                       5.5053       5.267700            0.3659              3949.672607             1.002390
2010-05-06 15:00:00+00:00                    4310.500000                    1.24974           4.5018                         0.938                       172.5                  4.9764                       5.6415       5.773000            0.3154              4303.477539             1.001632
2010-05-06 18:00:00+00:00                    4354.829590                    1.24865           4.5478                         0.935                       172.5                  5.0419                       5.7104       6.326800            0.3003              4350.529785             1.000988
2010-05-06 21:00:00+00:00                    4652.748047                    1.25959           4.8239                         0.941                       172.5                  5.3527                       5.9935       6.326800            0.2719              4655.766113             0.999352
2010-05-07 00:00:00+00:00                    4681.862305                    1.23073           5.4224                         0.948                       157.5                  5.8122                       6.3060       6.933700            0.2404              4686.849121             0.998936
2010-05-07 03:00:00+00:00                    4660.794922                    1.20871           5.6932                         0.957                       157.5                  6.0390                       6.5051       7.598900            0.2327              4669.875488             0.998056
2010-05-07 06:00:00+00:00                    4602.817383                    1.18306           5.8788                         0.964                       157.5                  6.2312                       6.7051       7.598900            0.2303              4617.802734             0.996755
2010-05-07 09:00:00+00:00                    4451.195312                    1.15336           5.9581                         0.968                       157.5                  6.3297                       6.8224       7.598900            0.2320              4469.318848             0.995945
2010-05-07 12:00:00+00:00                    4184.298340                    1.10679           6.0572                         0.972                       157.5                  6.4414                       6.9635       8.327900            0.2373              4204.972168             0.995083
2010-05-07 15:00:00+00:00                    3672.910400                    1.03303           6.0464                         0.975                       157.5                  6.4561                       7.0162       8.327900            0.2460              3692.274902             0.994755
2010-05-07 18:00:00+00:00                    2893.718994                    0.92090           5.8858                         0.974                       157.5                  6.3444                       6.9571       8.327900            0.2599              2908.297607             0.994987
2010-05-07 21:00:00+00:00                    1950.174927                    0.76926           5.6880                         0.969                       157.5                  6.1100                       6.7184       6.326800            0.2738              1956.452271             0.996791
2010-05-08 00:00:00+00:00                    1457.243896                    0.67582           5.5626                         0.962                       157.5                  5.9566                       6.5056       6.326800            0.2674              1460.017700             0.998100
2010-05-08 03:00:00+00:00                    1322.091675                    0.64364           5.7058                         0.960                       157.5                  6.0383                       6.5059       6.326800            0.2509              1324.350708             0.998294
2010-05-08 06:00:00+00:00                    1341.464722                    0.64464           5.9146                         0.960                       157.5                  6.1826                       6.5791       6.326800            0.2357              1344.106201             0.998035
2010-05-08 09:00:00+00:00                    1455.823486                    0.66758           6.1099                         0.961                       157.5                  6.3169                       6.6565       6.933700            0.2226              1459.220581             0.997672
2010-05-08 12:00:00+00:00                    1667.023193                    0.71017           6.2489                         0.967                       172.5                  6.4271                       6.7353       6.933700            0.2112              1671.822632             0.997129
2010-05-08 15:00:00+00:00                    1982.291504                    0.77384           5.8365                         0.974                       172.5                  6.3043                       6.7561       6.933700            0.2181              1991.455322             0.995398
2010-05-08 18:00:00+00:00                    2303.802979                    0.85035           4.9733                         0.972                       172.5                  5.6703                       6.5106       6.933700            0.2856              2313.344971             0.995875
2010-05-08 21:00:00+00:00                    2597.641602                    0.91800           4.8100                         0.968                       172.5                  5.4228                       6.2978       7.598900            0.3216              2604.057861             0.997536
2010-05-09 00:00:00+00:00                    2859.937012                    0.98310           4.7923                         0.955                       157.5                  5.2856                       6.0428       8.327900            0.3275              2860.457275             0.999818
2010-05-09 03:00:00+00:00                    2858.589844                    0.98878           4.7927                         0.949                       157.5                  5.2674                       5.9715       5.267700            0.3178              2858.040039             1.000192
2010-05-09 06:00:00+00:00                    2905.278320                    1.06080           3.8675                         0.889                       172.5                  4.3987                       5.2993       5.773000            0.3845              2905.605957             0.999887
2010-05-09 09:00:00+00:00                    3185.231689                    1.15296           3.7125                         0.819                       172.5                  4.1711                       4.9265       5.267700            0.3714              3182.687256             1.000799
2010-05-09 12:00:00+00:00                    3138.499756                    1.12536           3.9412                         0.832                       172.5                  4.4047                       5.0855       5.773000            0.3275              3133.450195             1.001611
2010-05-09 15:00:00+00:00                    2738.295410                    1.05426           3.7779                         0.816                       172.5                  4.2759                       5.0628       5.773000            0.3531              2737.310059             1.000360
2010-05-09 18:00:00+00:00                    2231.183105                    0.93904           3.7990                         0.810                       172.5                  4.3275                       5.1980       5.773000            0.3722              2231.772461             0.999736
2010-05-09 21:00:00+00:00                    1740.353760                    0.82914           3.5530                         0.809                       172.5                  4.1530                       5.2200       6.933700            0.4145              1747.584106             0.995863
2010-05-10 00:00:00+00:00                    1139.057983                    0.62977           4.1512                         0.832                       157.5                  4.8159                       5.8849       8.327900            0.3861              1141.894287             0.997516
2010-05-10 03:00:00+00:00                     989.075378                    0.54998           4.7998                         0.863                       157.5                  5.5485                       6.6717       8.327900            0.3604               992.761719             0.996287
2010-05-10 06:00:00+00:00                     996.594543                    0.52585           5.3580                         0.886                       142.5                  6.1646                       7.3306       8.327900            0.3447              1001.823547             0.994781
2010-05-10 09:00:00+00:00                    1017.380859                    0.51123           5.6671                         0.912                       142.5                  6.6068                       7.8985       9.126800            0.3390              1024.348877             0.993198
2010-05-10 12:00:00+00:00                    1063.135864                    0.50953           6.0748                         0.927                       157.5                  7.0823                       8.3043      10.002400            0.3099              1072.908691             0.990891
2010-05-10 15:00:00+00:00                    1266.138062                    0.55454           6.5408                         0.928                       157.5                  7.4124                       8.3575      10.002400            0.2755              1279.459106             0.989589
2010-05-10 18:00:00+00:00                    1461.382080                    0.59947           6.8580                         0.929                       157.5                  7.5451                       8.2623      10.002400            0.2514              1477.156738             0.989321
2010-05-10 21:00:00+00:00                    1607.294067                    0.62814           7.1174                         0.940                       157.5                  7.6898                       8.2799      10.002400            0.2324              1625.484741             0.988809
2010-05-11 00:00:00+00:00                    1739.866943                    0.64711           7.3926                         0.953                       157.5                  7.9294                       8.4452       9.126800            0.2139              1761.655640             0.987632
2010-05-11 03:00:00+00:00                    1581.101196                    0.61143           7.6585                         0.960                       172.5                  8.1251                       8.5940       9.126800            0.2057              1602.150269             0.986862
2010-05-11 06:00:00+00:00                    1332.678467                    0.56121           7.6114                         0.965                       172.5                  8.1142                       8.5997       9.126800            0.2061              1350.722412             0.986641
2010-05-11 09:00:00+00:00                    1178.726318                    0.52813           7.7065                         0.968                       172.5                  8.1437                       8.5903       9.126800            0.2012              1194.794067             0.986552
2010-05-11 12:00:00+00:00                    1042.571777                    0.49665           7.8506                         0.969                       172.5                  8.1953                       8.5930       9.126800            0.1945              1056.956543             0.986390
2010-05-11 15:00:00+00:00                     930.295166                    0.46824           7.9607                         0.970                       172.5                  8.2584                       8.6271       9.126800            0.1880               943.449463             0.986057
2010-05-11 18:00:00+00:00                     819.795898                    0.43869           7.9002                         0.971                       172.5                  8.2802                       8.6637       9.126800            0.1823               831.857239             0.985501
2010-05-11 21:00:00+00:00                     713.620239                    0.41170           7.3757                         0.971                       172.5                  8.0553                       8.5695       9.126800            0.1895               724.195740             0.985397
2010-05-12 00:00:00+00:00                     628.885925                    0.43309           3.4597                         0.964                       172.5                  4.6140                       6.9250       9.126800            0.4388               640.123291             0.982445
2010-05-12 03:00:00+00:00                     558.233765                    0.43572           3.4997                         0.956                       172.5                  4.2712                       6.0526       8.327900            0.4941               562.844666             0.991808
2010-05-12 06:00:00+00:00                     476.655792                    0.42469           3.4208                         0.947                       172.5                  4.0250                       5.4469       8.327900            0.5091               479.170959             0.994751
2010-05-12 09:00:00+00:00                     441.463898                    0.43205           3.3420                         0.942                       172.5                  3.8138                       4.8820       8.327900            0.4993               442.750275             0.997095
2010-05-12 12:00:00+00:00                     395.507843                    0.41526           3.3739                         0.943                       172.5                  3.8111                       4.7331       8.327900            0.4718               396.123779             0.998445
2010-05-12 15:00:00+00:00                     380.868561                    0.43193           2.9059                         0.937                       172.5                  3.3465                       4.2837       4.385800            0.4999               386.670898             0.984994
2010-05-12 18:00:00+00:00                     432.395844                    0.48358           2.8276                         0.906                       172.5                  3.1627                       3.8806       3.651600            0.4885               437.848938             0.987546
2010-05-12 21:00:00+00:00                     453.749084                    0.48231           3.1002                         0.927                       172.5                  3.4360                       4.0539       4.001900            0.4254               455.546539             0.996054
2010-05-13 00:00:00+00:00                     455.052124                    0.46882           3.4112                         0.944                       172.5                  3.7308                       4.2678       4.385800            0.3749               453.799744             1.002760
2010-05-13 03:00:00+00:00                     391.650940                    0.43144           3.4719                         0.951                       172.5                  3.7918                       4.3318       4.385800            0.3752               390.255463             1.003576
2010-05-13 06:00:00+00:00                     315.134399                    0.38848           3.4253                         0.953                       172.5                  3.7387                       4.3002       4.385800            0.3985               314.029938             1.003517
2010-05-13 09:00:00+00:00                     241.429611                    0.34134           3.3109                         0.949                       172.5                  3.6323                       4.2739       4.001900            0.4451               240.915619             1.002133
2010-05-13 12:00:00+00:00                     199.360062                    0.30962           3.2444                         0.947                       172.5                  3.5761                       4.2933       3.651600            0.4813               199.146942             1.001070
2010-05-13 15:00:00+00:00                     177.295441                    0.29039           3.2139                         0.948                       172.5                  3.5596                       4.3430       4.001900            0.5054               177.266479             1.000163
2010-05-13 18:00:00+00:00                     161.284378                    0.27536           3.1499                         0.949                       172.5                  3.5231                       4.4038       3.651600            0.5334               161.690720             0.997487
2010-05-13 21:00:00+00:00                     152.806046                    0.26550           3.1066                         0.952                       172.5                  3.5022                       4.4925       3.651600            0.5597               153.440201             0.995867
2010-05-14 00:00:00+00:00                     154.580048                    0.26665           3.0433                         0.953                       157.5                  3.4418                       4.5092       9.126800            0.5814               155.365601             0.994944
2010-05-14 03:00:00+00:00                     163.883865                    0.27309           3.0840                         0.957                       157.5                  3.4687                       4.5460       9.126800            0.5835               164.332611             0.997269
2010-05-14 06:00:00+00:00                     173.849167                    0.27700           3.2123                         0.958                       157.5                  3.6060                       4.6736       9.126800            0.5618               173.971176             0.999299
2010-05-14 09:00:00+00:00                     187.660049                    0.28515           3.3307                         0.958                       157.5                  3.7317                       4.7527       9.126800            0.5339               187.581970             1.000416
2010-05-14 12:00:00+00:00                     178.064377                    0.27332           3.3854                         0.950                       157.5                  3.8254                       4.9082       9.126800            0.5248               178.170990             0.999402
2010-05-14 15:00:00+00:00                     153.999771                    0.25681           3.0129                         0.927                       157.5                  3.5412                       4.8697       9.126800            0.5646               156.020660             0.987047
2010-05-14 18:00:00+00:00                     142.520248                    0.25176           2.7858                         0.911                       157.5                  3.3141                       4.7371       9.126800            0.5948               145.728043             0.977988
2010-05-14 21:00:00+00:00                     139.815979                    0.24747           2.8763                         0.914                       157.5                  3.3973                       4.7812       9.126800            0.5816               142.158142             0.983524
2010-05-15 00:00:00+00:00                     171.521164                    0.27559           3.0517                         0.934                       157.5                  3.5269                       4.6919       9.126800            0.5421               172.900711             0.992021
2010-05-15 03:00:00+00:00                     242.010071                    0.31832           3.3556                         0.945                       157.5                  3.8522                       4.9254       9.126800            0.4863               242.545425             0.997793
2010-05-15 06:00:00+00:00                     295.166565                    0.34587           3.4534                         0.927                       157.5                  3.9671                       5.0782       5.773000            0.4865               295.542358             0.998728
2010-05-15 09:00:00+00:00                     346.532196                    0.37334           3.4253                         0.888                       142.5                  3.9277                       5.1146       9.126800            0.5193               346.908264             0.998916
2010-05-15 12:00:00+00:00                     462.155457                    0.41835           3.5423                         0.847                       142.5                  4.0998                       5.4259       9.126800            0.5221               463.110840             0.997937
2010-05-15 15:00:00+00:00                     672.349792                    0.49004           3.8634                         0.835                       127.5                  4.4638                       5.7391       9.126800            0.4729               673.578064             0.998177
2010-05-15 18:00:00+00:00                     913.374451                    0.56568           4.1785                         0.834                       142.5                  4.7533                       5.8411       9.126800            0.4226               914.169006             0.999131
2010-05-15 21:00:00+00:00                    1042.839844                    0.60152           4.3596                         0.836                       142.5                  4.9151                       5.8938       8.327900            0.3927              1043.386841             0.999476
2010-05-16 00:00:00+00:00                    1054.155029                    0.59775           4.5563                         0.835                       142.5                  5.1094                       6.0292       8.327900            0.3693              1055.016968             0.999183
2010-05-16 03:00:00+00:00                     965.285645                    0.55911           4.9266                         0.829                       142.5                  5.4638                       6.3041       8.327900            0.3378               966.970337             0.998258
2010-05-16 06:00:00+00:00                     844.823730                    0.51387           5.2586                         0.821                       142.5                  5.7632                       6.5275       8.327900            0.3116               847.088501             0.997326
2010-05-16 09:00:00+00:00                     731.909241                    0.47392           5.5493                         0.818                       142.5                  5.9889                       6.6459       8.327900            0.2861               734.175537             0.996913
2010-05-16 12:00:00+00:00                     642.499634                    0.44567           5.6836                         0.824                       142.5                  6.0452                       6.5959       8.327900            0.2682               644.146484             0.997443
2010-05-16 15:00:00+00:00                     551.153503                    0.41661           5.6822                         0.833                       142.5                  5.9913                       6.4745       8.327900            0.2596               552.051636             0.998373
2010-05-16 18:00:00+00:00                     464.177582                    0.38489           5.6589                         0.855                       157.5                  5.9372                       6.3885       7.598900            0.2571               464.648438             0.998987
2010-05-16 21:00:00+00:00                     396.816956                    0.35866           5.6290                         0.872                       157.5                  5.8724                       6.2888       6.933700            0.2522               396.901489             0.999787
2010-05-17 00:00:00+00:00                     367.064331                    0.34793           5.6074                         0.888                       157.5                  5.8063                       6.1788       6.933700            0.2480               366.693054             1.001012
2010-05-17 03:00:00+00:00                     368.296783                    0.34500           5.6471                         0.883                       157.5                  5.8535                       6.2930       6.933700            0.2868               367.500397             1.002167
2010-05-17 06:00:00+00:00                     501.578674                    0.37767           6.0391                         0.810                       142.5                  6.3733                       7.1334      10.002400            0.3452               502.164459             0.998833
2010-05-17 09:00:00+00:00                     733.623352                    0.43506           6.4017                         0.813                       127.5                  6.9349                       7.8684      10.002400            0.3218               738.861145             0.992911
2010-05-17 12:00:00+00:00                     961.373230                    0.48798           6.6562                         0.841                       112.5                  7.3079                       8.2067      10.002400            0.2853               971.833801             0.989236
2010-05-17 15:00:00+00:00                    1107.278442                    0.52237           6.8211                         0.857                       112.5                  7.4521                       8.2554      10.002400            0.2621              1120.634399             0.988082
2010-05-17 18:00:00+00:00                    1156.750366                    0.53886           6.7029                         0.858                       112.5                  7.3332                       8.1094       9.126800            0.2535              1170.200562             0.988506
2010-05-17 21:00:00+00:00                    1128.338135                    0.53607           6.5487                         0.849                       112.5                  7.2623                       7.9999       9.126800            0.2394              1141.589844             0.988392
2010-05-18 00:00:00+00:00                    1037.277832                    0.52464           5.3611                         0.832                       112.5                  6.5874                       7.7069       9.126800            0.2607              1051.197876             0.986758
2010-05-18 03:00:00+00:00                     943.475586                    0.53081           4.4779                         0.800                       127.5                  5.4229                       6.8519       9.126800            0.3552               950.941162             0.992149
2010-05-18 06:00:00+00:00                     838.062439                    0.52396           4.2264                         0.778                       127.5                  4.9795                       6.2533       8.327900            0.3857               842.067139             0.995244
2010-05-18 09:00:00+00:00                     746.020203                    0.51452           4.0284                         0.781                       142.5                  4.6579                       5.7782       8.327900            0.3989               747.819214             0.997594
2010-05-18 12:00:00+00:00                     614.186157                    0.47988           3.9036                         0.797                       142.5                  4.4640                       5.4730       7.598900            0.4012               614.846558             0.998926
2010-05-18 15:00:00+00:00                     445.941467                    0.43018           3.4371                         0.807                       157.5                  3.9762                       4.9808       7.598900            0.4319               448.115753             0.995148
2010-05-18 18:00:00+00:00                     427.153931                    0.48495           2.7721                         0.845                       172.5                  3.1056                       3.8233       3.651600            0.4793               433.660400             0.984996
2010-05-18 21:00:00+00:00                     463.257080                    0.52481           2.7773                         0.885                       172.5                  3.0547                       3.5444       3.651600            0.3993               469.928436             0.985803
2010-05-19 00:00:00+00:00                     434.882324                    0.49580           3.0097                         0.903                       172.5                  3.2742                       3.6851       3.651600            0.3391               436.482635             0.996334
2010-05-19 03:00:00+00:00                     390.232330                    0.46038           3.1624                         0.921                       172.5                  3.4262                       3.8158       4.001900            0.3153               390.043915             1.000483
2010-05-19 06:00:00+00:00                     360.502106                    0.43729           3.2275                         0.928                       172.5                  3.5031                       3.9025       4.001900            0.3112               360.110870             1.001086
2010-05-19 09:00:00+00:00                     340.675507                    0.43343           2.9640                         0.909                       172.5                  3.2951                       3.7997       4.001900            0.3494               344.218445             0.989707
2010-05-19 12:00:00+00:00                     413.146240                    0.52565           2.5211                         0.700                       142.5                  2.7603                       3.2005       4.001900            0.3968               424.689331             0.972820
2010-05-19 15:00:00+00:00                     726.826660                    0.69326           2.7022                         0.696                        97.5                  2.9035                       3.1927       3.331900            0.3006               736.863953             0.986378
2010-05-19 18:00:00+00:00                    1064.007324                    0.78872           3.0014                         0.773                        97.5                  3.2437                       3.5652       3.651600            0.2731              1067.766724             0.996479
2010-05-19 21:00:00+00:00                    1322.311401                    0.81550           3.3776                         0.829                       112.5                  3.6877                       4.1063       4.806500            0.2810              1319.661865             1.002008
2010-05-20 00:00:00+00:00                    1905.357788                    0.90849           3.8919                         0.873                       112.5                  4.2602                       4.7371       5.267700            0.2696              1897.623047             1.004076
2010-05-20 03:00:00+00:00                    2703.306396                    1.01928           4.4983                         0.900                       127.5                  4.8608                       5.3187       5.773000            0.2484              2692.788330             1.003906
2010-05-20 06:00:00+00:00                    3993.319092                    1.17518           5.0909                         0.918                       127.5                  5.4450                       5.9008       6.933700            0.2367              3987.408936             1.001482
2010-05-20 09:00:00+00:00                    5492.549316                    1.32275           5.5812                         0.917                       127.5                  5.9364                       6.4023       6.933700            0.2308              5500.292969             0.998592
2010-05-20 12:00:00+00:00                    7147.985840                    1.45800           6.0076                         0.911                       127.5                  6.3688                       6.8544       7.598900            0.2302              7177.224121             0.995926
2010-05-20 15:00:00+00:00                    8381.609375                    1.54476           6.2830                         0.909                       127.5                  6.6481                       7.1541       8.327900            0.2357              8426.840820             0.994632
2010-05-20 18:00:00+00:00                    9109.637695                    1.58544           6.4604                         0.910                       127.5                  6.8326                       7.3712       8.327900            0.2483              9159.888672             0.994514
2010-05-20 21:00:00+00:00                   10474.958984                    1.66465           6.7308                         0.909                       127.5                  7.1080                       7.6776       8.327900            0.2558             10540.549805             0.993777
2010-05-21 00:00:00+00:00                   13018.849609                    1.80936           7.1094                         0.906                       127.5                  7.4853                       8.0684       9.126800            0.2530             13122.929688             0.992069
2010-05-21 03:00:00+00:00                   16480.746094                    1.98737           7.5209                         0.906                       127.5                  7.8862                       8.4574       9.126800            0.2434             16641.287109             0.990353
2010-05-21 06:00:00+00:00                   20609.689453                    2.18042           7.9027                         0.910                       127.5                  8.2456                       8.7818       9.126800            0.2293             20847.742188             0.988581
2010-05-21 09:00:00+00:00                   22577.451172                    2.25517           8.1148                         0.913                       127.5                  8.4557                       8.9903      10.002400            0.2234             22865.123047             0.987419
2010-05-21 12:00:00+00:00                   22431.898438                    2.23787           8.1844                         0.912                       127.5                  8.5305                       9.0716      10.002400            0.2214             22732.458984             0.986778
2010-05-21 15:00:00+00:00                   20567.488281                    2.14978           8.1323                         0.906                       127.5                  8.4754                       9.0159      10.002400            0.2224             20840.937500             0.986879
2010-05-21 18:00:00+00:00                   17483.251953                    1.99735           7.9718                         0.897                       127.5                  8.3159                       8.8728       9.126800            0.2324             17686.662109             0.988499
2010-05-21 21:00:00+00:00                   14653.290039                    1.84396           7.7673                         0.890                       127.5                  8.1243                       8.7169       9.126800            0.2459             14793.109375             0.990548
2010-05-22 00:00:00+00:00                   12301.835938                    1.71421           7.5215                         0.884                       127.5                  7.8911                       8.4859       9.126800            0.2447             12425.291016             0.990064
2010-05-22 03:00:00+00:00                   10650.865234                    1.60927           7.3798                         0.877                       127.5                  7.7622                       8.3502       9.126800            0.2398             10765.059570             0.989392
2010-05-22 06:00:00+00:00                    9110.242188                    1.49752           7.2822                         0.870                       127.5                  7.6768                       8.2574       9.126800            0.2348              9212.217773             0.988930
2010-05-22 09:00:00+00:00                    7690.618164                    1.38328           7.1768                         0.863                       127.5                  7.5926                       8.1755       9.126800            0.2324              7777.817383             0.988789
2010-05-22 12:00:00+00:00                    6441.114746                    1.27434           6.9621                         0.856                       127.5                  7.4528                       8.0723       9.126800            0.2349              6512.884277             0.988980
2010-05-22 15:00:00+00:00                    5084.854980                    1.15725           5.7016                         0.847                       127.5                  6.7004                       7.7437       8.327900            0.2752              5140.411133             0.989192
2010-05-22 18:00:00+00:00                    4351.152344                    1.11609           4.9069                         0.840                       142.5                  5.8338                       7.1326       8.327900            0.3396              4384.987305             0.992284
2010-05-22 21:00:00+00:00                    3925.307373                    1.09840           4.5301                         0.842                       142.5                  5.3674                       6.6540       8.327900            0.3668              3948.795654             0.994052
2010-05-23 00:00:00+00:00                    3587.052246                    1.06490           4.6432                         0.845                       142.5                  5.3596                       6.4648       8.327900            0.3565              3601.283447             0.996048
2010-05-23 03:00:00+00:00                    3227.576904                    1.02317           4.7217                         0.851                       142.5                  5.3438                       6.2984       8.327900            0.3438              3235.221680             0.997637
2010-05-23 06:00:00+00:00                    2922.951660                    0.98747           4.7438                         0.857                       142.5                  5.2879                       6.1226       7.598900            0.3327              2925.686523             0.999065
2010-05-23 09:00:00+00:00                    2655.850098                    0.95277           4.7303                         0.864                       142.5                  5.2255                       5.9757       7.598900            0.3220              2655.603027             1.000093
2010-05-23 12:00:00+00:00                    2473.236816                    0.92913           4.7313                         0.871                       142.5                  5.1799                       5.8510       7.598900            0.3096              2470.604248             1.001066
2010-05-23 15:00:00+00:00                    2347.914795                    0.91125           4.7528                         0.879                       142.5                  5.1663                       5.7739       6.933700            0.2966              2343.855713             1.001732
2010-05-23 18:00:00+00:00                    2245.201172                    0.89819           4.6241                         0.894                       157.5                  5.0725                       5.6883       6.326800            0.2938              2242.054688             1.001403
2010-05-23 21:00:00+00:00                    2142.736572                    0.89192           4.3026                         0.904                       157.5                  4.8166                       5.5161       5.773000            0.3102              2141.362793             1.000642
2010-05-24 00:00:00+00:00                    1998.571777                    0.86497           4.3317                         0.910                       157.5                  4.8076                       5.4674       6.326800            0.3065              1995.455322             1.001562
2010-05-24 03:00:00+00:00                    1834.411621                    0.82920           4.4059                         0.912                       157.5                  4.8431                       5.4568       6.326800            0.2996              1830.137085             1.002336
2010-05-24 06:00:00+00:00                    1663.585571                    0.79107           4.4349                         0.913                       157.5                  4.8468                       5.4350       6.326800            0.2975              1658.786255             1.002893
2010-05-24 09:00:00+00:00                    1528.094971                    0.75987           4.4218                         0.915                       157.5                  4.8273                       5.4108       6.326800            0.2986              1523.449463             1.003049
2010-05-24 12:00:00+00:00                    1427.407715                    0.73749           4.3163                         0.917                       157.5                  4.7545                       5.3707       6.326800            0.3052              1424.000000             1.002393
2010-05-24 15:00:00+00:00                    1345.117920                    0.72213           4.1142                         0.918                       157.5                  4.6036                       5.2886       6.326800            0.3202              1343.663208             1.001083
2010-05-24 18:00:00+00:00                    1306.979004                    0.72195           3.8920                         0.917                       157.5                  4.4010                       5.1507       6.326800            0.3412              1306.722290             1.000196
2010-05-24 21:00:00+00:00                    1330.779297                    0.74123           3.7157                         0.908                       157.5                  4.2061                       4.9820       5.773000            0.3626              1330.772827             1.000005
2010-05-25 00:00:00+00:00                    1393.307861                    0.75901           3.7715                         0.896                       157.5                  4.2298                       4.9678       5.773000            0.3647              1391.267334             1.001467
2010-05-25 03:00:00+00:00                    1431.136841                    0.75777           3.9769                         0.892                       157.5                  4.4106                       5.1048       5.773000            0.3585              1426.323120             1.003375
2010-05-25 06:00:00+00:00                    1506.243164                    0.76262           4.1744                         0.894                       142.5                  4.5961                       5.2900       5.773000            0.3651              1498.977539             1.004847
2010-05-25 09:00:00+00:00                    1659.797485                    0.78270           4.3625                         0.898                       142.5                  4.7921                       5.5199       6.326800            0.3772              1650.211548             1.005809
2010-05-25 12:00:00+00:00                    1977.140747                    0.82992           4.5766                         0.901                       142.5                  5.0253                       5.8248       6.326800            0.4003              1961.978149             1.007728
2010-05-25 15:00:00+00:00                    2550.805908                    0.90121           4.8540                         0.897                       142.5                  5.3621                       6.3354       6.326800            0.4331              2525.322754             1.010091
2010-05-25 18:00:00+00:00                    3320.310303                    0.98910           4.8126                         0.889                       142.5                  5.5338                       6.8304       6.326800            0.4535              3290.980225             1.008912
2010-05-25 21:00:00+00:00                    3853.796875                    1.05374           4.7285                         0.885                       127.5                  5.5350                       6.9902      13.166000            0.4561              3826.865967             1.007037
2010-05-26 00:00:00+00:00                    4139.072754                    1.08539           4.9069                         0.884                       127.5                  5.6838                       7.0796      13.166000            0.4410              4114.719727             1.005919
2010-05-26 03:00:00+00:00                    4309.541016                    1.10063           5.1424                         0.887                       142.5                  5.8707                       7.1686       8.327900            0.4236              4286.957520             1.005268
2010-05-26 06:00:00+00:00                    4457.014648                    1.11361           5.2923                         0.893                       142.5                  5.9952                       7.2399       8.327900            0.4135              4434.545410             1.005067
2010-05-26 09:00:00+00:00                    4596.775879                    1.12397           5.4259                         0.899                       142.5                  6.1112                       7.3233       8.327900            0.4079              4572.165039             1.005383
2010-05-26 12:00:00+00:00                    4779.627441                    1.14212           5.5251                         0.903                       142.5                  6.1846                       7.3665       8.327900            0.4067              4750.316895             1.006170
2010-05-26 15:00:00+00:00                    4948.299805                    1.15597           5.6460                         0.906                       142.5                  6.2854                       7.4378       7.598900            0.4029              4915.797363             1.006612
2010-05-26 18:00:00+00:00                    4984.825195                    1.14968           5.7934                         0.907                       142.5                  6.4306                       7.5712       7.598900            0.3955              4954.320312             1.006157
2010-05-26 21:00:00+00:00                    4950.196289                    1.13986           5.8376                         0.909                       142.5                  6.5098                       7.6571       7.598900            0.3864              4928.291992             1.004445
2010-05-27 00:00:00+00:00                    5032.420410                    1.14860           5.3364                         0.917                       142.5                  6.2845                       7.6858       7.598900            0.3937              5023.933105             1.001689
2010-05-27 03:00:00+00:00                    5572.132324                    1.17514           5.6940                         0.930                       142.5                  6.6463                       8.1083      10.961900            0.3853              5564.488770             1.001374
2010-05-27 06:00:00+00:00                    6867.740723                    1.25024           6.1582                         0.943                       142.5                  7.2308                       8.7983      12.013500            0.3645              6868.022949             0.999959
2010-05-27 09:00:00+00:00                    8785.423828                    1.37017           6.6256                         0.956                       157.5                  7.7803                       9.3544      12.013500            0.3377              8805.121094             0.997763
2010-05-27 12:00:00+00:00                   10766.068359                    1.49472           6.9946                         0.961                       157.5                  8.1441                       9.6335      12.013500            0.3159             10812.902344             0.995669
2010-05-27 15:00:00+00:00                   12337.767578                    1.58631           7.3539                         0.960                       157.5                  8.4467                       9.8072      12.013500            0.2963             12413.687500             0.993884
2010-05-27 18:00:00+00:00                   13485.257812                    1.65862           7.5435                         0.954                       157.5                  8.5532                       9.8191      12.013500            0.2866             13588.832031             0.992378
2010-05-27 21:00:00+00:00                   13720.112305                    1.67750           7.6995                         0.946                       157.5                  8.6345                       9.7892      12.013500            0.2738             13854.657227             0.990289
2010-05-28 00:00:00+00:00                   13051.222656                    1.64078           7.8425                         0.940                       157.5                  8.7034                       9.7534      10.961900            0.2611             13202.878906             0.988513
2010-05-28 03:00:00+00:00                   12061.754883                    1.58339           7.8991                         0.938                       157.5                  8.7042                       9.6920      10.961900            0.2550             12212.650391             0.987644
2010-05-28 06:00:00+00:00                   11003.468750                    1.51531           7.9586                         0.940                       157.5                  8.7293                       9.6631      10.961900            0.2481             11149.365234             0.986914
2010-05-28 09:00:00+00:00                    9884.217773                    1.43760           8.0616                         0.945                       157.5                  8.7954                       9.6536      10.961900            0.2370             10024.586914             0.985997
2010-05-28 12:00:00+00:00                    8817.696289                    1.36175           8.1564                         0.949                       157.5                  8.8358                       9.6087      10.002400            0.2260              8949.953125             0.985223
2010-05-28 15:00:00+00:00                    7972.541992                    1.30274           8.1425                         0.949                       157.5                  8.7761                       9.5028      10.002400            0.2220              8094.664551             0.984913
2010-05-28 18:00:00+00:00                    7271.575684                    1.25473           8.0025                         0.946                       157.5                  8.6233                       9.3524      10.002400            0.2252              7382.236328             0.985010
2010-05-28 21:00:00+00:00                    6462.184082                    1.20005           7.1276                         0.942                       157.5                  8.1332                       9.1011      10.002400            0.2439              6559.591797             0.985150
2010-05-29 00:00:00+00:00                    5617.284668                    1.14446           6.3564                         0.940                       157.5                  7.4580                       8.7087      10.002400            0.2809              5692.769531             0.986740
2010-05-29 03:00:00+00:00                    5009.848633                    1.09477           6.1599                         0.936                       157.5                  7.2134                       8.4930      10.002400            0.2946              5072.351562             0.987678
2010-05-29 06:00:00+00:00                    4532.439941                    1.05016           6.0291                         0.931                       142.5                  7.0677                       8.3543      10.002400            0.3012              4586.648438             0.988181
2010-05-29 09:00:00+00:00                    4103.416504                    1.01891           5.4185                         0.925                       142.5                  6.5513                       8.0464      10.002400            0.3302              4149.530762             0.988887
2010-05-29 12:00:00+00:00                    3798.722900                    1.00656           5.1942                         0.911                       142.5                  6.1667                       7.6367       9.126800            0.3578              3832.229004             0.991257
2010-05-29 15:00:00+00:00                    3576.781250                    1.00146           5.1004                         0.902                       157.5                  5.9289                       7.2673       9.126800            0.3704              3600.596191             0.993386
2010-05-29 18:00:00+00:00                    3426.654297                    1.00435           5.0501                         0.904                       157.5                  5.7639                       6.9263       9.126800            0.3687              3443.205566             0.995193
2010-05-29 21:00:00+00:00                    3303.781006                    1.00496           4.8516                         0.914                       157.5                  5.5754                       6.6791       9.126800            0.3633              3318.583008             0.995540
2010-05-30 00:00:00+00:00                    3061.220215                    0.97312           4.8713                         0.921                       157.5                  5.5584                       6.6001       9.126800            0.3545              3073.122070             0.996127
2010-05-30 03:00:00+00:00                    2747.507324                    0.92605           4.9121                         0.926                       157.5                  5.5560                       6.5402       9.126800            0.3482              2756.601318             0.996701
2010-05-30 06:00:00+00:00                    2421.897217                    0.87292           4.9201                         0.929                       157.5                  5.5385                       6.4882       9.126800            0.3448              2429.007324             0.997073
2010-05-30 09:00:00+00:00                    2085.488037                    0.81421           4.8724                         0.932                       157.5                  5.4798                       6.4227       8.327900            0.3464              2090.965576             0.997380
2010-05-30 12:00:00+00:00                    1814.794678                    0.76639           4.7580                         0.932                       157.5                  5.3573                       6.3103       8.327900            0.3539              1818.712769             0.997846
2010-05-30 15:00:00+00:00                    1647.073608                    0.73984           4.6552                         0.932                       157.5                  5.2232                       6.1473       8.327900            0.3588              1649.221802             0.998697
2010-05-30 18:00:00+00:00                    1634.529785                    0.74759           4.6565                         0.934                       157.5                  5.1602                       5.9739       8.327900            0.3471              1634.472900             1.000035
2010-05-30 21:00:00+00:00                    1728.336304                    0.76643           4.8309                         0.939                       157.5                  5.2990                       6.0075       8.327900            0.3166              1727.959351             1.000218
2010-05-31 00:00:00+00:00                    1723.060425                    0.75649           4.9770                         0.944                       157.5                  5.4532                       6.1462       6.933700            0.3014              1723.966431             0.999474
2010-05-31 03:00:00+00:00                    1418.549805                    0.68387           4.9497                         0.947                       157.5                  5.4512                       6.1923       7.598900            0.3087              1419.890747             0.999056
2010-05-31 06:00:00+00:00                    1120.286621                    0.61345           4.8123                         0.945                       157.5                  5.3122                       6.0792       8.327900            0.3221              1120.771606             0.999567
2010-05-31 09:00:00+00:00                     941.359619                    0.56805           4.7293                         0.943                       157.5                  5.2066                       5.9579       8.327900            0.3279               941.045532             1.000334
2010-05-31 12:00:00+00:00                     846.185120                    0.54542           4.6334                         0.945                       157.5                  5.0853                       5.8101       8.327900            0.3311               845.165771             1.001206
2010-05-31 15:00:00+00:00                     785.030273                    0.52869           4.6883                         0.947                       157.5                  5.0905                       5.7350       8.327900            0.3192               783.437317             1.002033
2010-05-31 18:00:00+00:00                     773.098328                    0.52655           4.6735                         0.950                       172.5                  5.0906                       5.6973       5.773000            0.3043               771.796631             1.001687
2010-05-31 21:00:00+00:00                     830.592468                    0.58419           3.4840                         0.949                       172.5                  4.0500                       5.0252       6.326800            0.4001               834.038269             0.995869
2010-06-01 00:00:00+00:00                    1045.116577                    0.69503           3.2679                         0.934                       172.5                  3.6928                       4.4801       6.326800            0.4167              1048.526978             0.996747
2010-06-01 03:00:00+00:00                    1460.762939                    0.82976           3.3462                         0.925                       172.5                  3.7355                       4.3865       4.001900            0.3759              1462.268066             0.998971
2010-06-01 06:00:00+00:00                    1984.462402                    0.94656           3.6271                         0.923                       172.5                  3.9996                       4.5566       4.806500            0.3255              1979.027344             1.002746
2010-06-01 09:00:00+00:00                    2172.438232                    0.96547           3.9046                         0.931                       172.5                  4.2716                       4.7804       4.806500            0.2933              2163.361572             1.004196
2010-06-01 12:00:00+00:00                    2276.876221                    0.96676           4.2032                         0.938                       172.5                  4.5376                       4.9844       5.267700            0.2659              2264.913574             1.005282
2010-06-01 15:00:00+00:00                    2419.330322                    0.97419           4.4825                         0.942                       172.5                  4.7970                       5.2087       5.267700            0.2473              2407.101807             1.005080
2010-06-01 18:00:00+00:00                    2660.758301                    0.99881           4.7112                         0.945                       172.5                  5.0317                       5.4461       5.773000            0.2394              2650.000977             1.004059
2010-06-01 21:00:00+00:00                    2739.895996                    0.99991           4.8462                         0.946                       172.5                  5.1716                       5.5940       5.773000            0.2372              2730.776611             1.003340
2010-06-02 00:00:00+00:00                    2688.310791                    0.98516           4.9000                         0.949                       157.5                  5.2281                       5.6537       5.773000            0.2362              2680.209961             1.003022
2010-06-02 03:00:00+00:00                    2599.814941                    0.96567           4.9400                         0.952                       157.5                  5.2660                       5.6900       6.326800            0.2352              2592.400879             1.002860
2010-06-02 06:00:00+00:00                    2693.766602                    0.97492           5.0410                         0.957                       157.5                  5.3628                       5.7832       6.326800            0.2326              2687.328857             1.002396
2010-06-02 09:00:00+00:00                    3007.755615                    1.01440           5.2196                         0.962                       157.5                  5.5411                       5.9629       6.326800            0.2296              3003.553955             1.001399
2010-06-02 12:00:00+00:00                    3449.322266                    1.06591           5.4307                         0.966                       157.5                  5.7591                       6.1922       6.933700            0.2282              3449.383545             0.999982
2010-06-02 15:00:00+00:00                    3882.664062                    1.10824           5.6204                         0.970                       157.5                  5.9801                       6.4474       7.598900            0.2307              3889.410156             0.998266
2010-06-02 18:00:00+00:00                    4261.264648                    1.15325           5.1132                         0.972                       157.5                  5.7728                       6.5462       7.598900            0.2734              4279.257812             0.995795
2010-06-02 21:00:00+00:00                    3882.658936                    1.14163           4.3325                         0.964                       157.5                  5.0386                       6.1020       8.327900            0.3534              3896.768311             0.996379
2010-06-03 00:00:00+00:00                    3246.694336                    1.08531           4.1340                         0.944                       157.5                  4.7085                       5.6484       8.327900            0.3741              3249.672119             0.999084
2010-06-03 03:00:00+00:00                    2726.699707                    1.01147           4.1856                         0.936                       157.5                  4.6816                       5.4581       6.326800            0.3515              2723.819824             1.001057
2010-06-03 06:00:00+00:00                    2422.036377                    0.96383           4.2860                         0.930                       157.5                  4.7080                       5.3342       5.773000            0.3176              2415.053467             1.002891
2010-06-03 09:00:00+00:00                    2429.784424                    0.97678           4.1347                         0.929                       157.5                  4.5875                       5.2184       5.773000            0.3099              2424.587891             1.002143
2010-06-03 12:00:00+00:00                    2729.894287                    1.03552           4.1929                         0.928                       172.5                  4.6221                       5.2132       5.773000            0.2978              2722.153809             1.002843
2010-06-03 15:00:00+00:00                    3080.477539                    1.08939           4.3229                         0.929                       172.5                  4.7477                       5.3115       6.326800            0.2836              3071.652344             1.002873
2010-06-03 18:00:00+00:00                    3478.429443                    1.13673           4.6223                         0.933                       172.5                  5.0008                       5.4994       6.326800            0.2628              3467.254639             1.003223
2010-06-03 21:00:00+00:00                    3762.421875                    1.16299           4.8805                         0.936                       172.5                  5.2217                       5.6774       6.326800            0.2492              3751.420166             1.002933
2010-06-04 00:00:00+00:00                    3978.026367                    1.18211           5.0568                         0.938                       172.5                  5.3760                       5.8077       6.326800            0.2405              3968.339355             1.002441
2010-06-04 03:00:00+00:00                    4154.746094                    1.19356           5.2173                         0.944                       157.5                  5.5267                       5.9485       6.326800            0.2347              4147.741699             1.001689
2010-06-04 06:00:00+00:00                    4340.245605                    1.20687           5.3612                         0.948                       157.5                  5.6629                       6.0769       6.326800            0.2298              4336.190918             1.000935
2010-06-04 09:00:00+00:00                    4296.851074                    1.19122           5.4496                         0.950                       157.5                  5.7547                       6.1749       6.326800            0.2296              4295.530273             1.000307
2010-06-04 12:00:00+00:00                    4098.094727                    1.15646           5.4971                         0.953                       157.5                  5.8116                       6.2483       6.933700            0.2340              4098.728516             0.999845
2010-06-04 15:00:00+00:00                    3898.842285                    1.12110           5.5172                         0.955                       157.5                  5.8546                       6.3252       6.933700            0.2441              3901.420166             0.999339
2010-06-04 18:00:00+00:00                    3578.810547                    1.07288           5.2417                         0.955                       157.5                  5.7273                       6.3450       6.933700            0.2720              3584.709473             0.998354
2010-06-04 21:00:00+00:00                    3229.020752                    1.03986           4.6170                         0.953                       157.5                  5.2503                       6.1069       6.933700            0.3198              3235.690918             0.997939
2010-06-05 00:00:00+00:00                    2742.822510                    0.98527           4.3721                         0.947                       157.5                  4.9367                       5.7818       6.933700            0.3411              2743.999756             0.999571
2010-06-05 03:00:00+00:00                    2297.493652                    0.91558           4.3161                         0.944                       157.5                  4.8310                       5.6091       6.326800            0.3385              2296.007568             1.000647
2010-06-05 06:00:00+00:00                    1959.508911                    0.85635           4.3151                         0.941                       157.5                  4.7707                       5.4665       5.773000            0.3304              1955.546997             1.002026
2010-06-05 09:00:00+00:00                    1800.937134                    0.83636           4.0880                         0.939                       157.5                  4.5662                       5.2774       5.773000            0.3366              1798.421875             1.001399
2010-06-05 12:00:00+00:00                    1764.078979                    0.83794           4.0207                         0.936                       157.5                  4.4672                       5.1498       5.773000            0.3387              1760.014404             1.002309
2010-06-05 15:00:00+00:00                    1822.768433                    0.85036           4.1503                         0.934                       157.5                  4.5525                       5.1603       5.267700            0.3234              1816.403320             1.003504
2010-06-05 18:00:00+00:00                    1961.630493                    0.87580           4.2776                         0.934                       157.5                  4.6621                       5.2311       5.267700            0.3103              1954.106567             1.003850
2010-06-05 21:00:00+00:00                    2113.316162                    0.89794           4.4490                         0.938                       157.5                  4.8148                       5.3559       5.267700            0.3002              2104.986084             1.003957
2010-06-06 00:00:00+00:00                    2367.647705                    0.93626           4.6298                         0.943                       157.5                  4.9878                       5.5155       5.773000            0.2926              2359.294922             1.003540
2010-06-06 03:00:00+00:00                    2617.353271                    0.96716           4.8111                         0.949                       157.5                  5.1767                       5.7113       5.773000            0.2878              2610.529297             1.002614
2010-06-06 06:00:00+00:00                    2859.377686                    0.99638           4.9875                         0.952                       157.5                  5.3494                       5.8766       6.326800            0.2796              2854.130615             1.001838
2010-06-06 09:00:00+00:00                    2953.094238                    1.00383           5.0920                         0.954                       157.5                  5.4566                       5.9787       6.326800            0.2719              2949.405273             1.001251
2010-06-06 12:00:00+00:00                    2846.319824                    0.98471           5.1170                         0.954                       157.5                  5.4778                       5.9885       6.326800            0.2662              2842.967041             1.001179
2010-06-06 15:00:00+00:00                    2577.639160                    0.94353           4.9870                         0.952                       157.5                  5.3839                       5.9104       6.326800            0.2640              2574.711182             1.001137
2010-06-06 18:00:00+00:00                    2270.854980                    0.88876           4.9306                         0.951                       157.5                  5.3378                       5.8697       6.326800            0.2625              2268.097656             1.001216
2010-06-06 21:00:00+00:00                    2018.436279                    0.83467           4.8839                         0.951                       157.5                  5.3260                       5.9165       6.933700            0.2755              2017.033936             1.000695
2010-06-07 00:00:00+00:00                    2043.186157                    0.84229           4.7530                         0.947                       157.5                  5.2170                       5.8827       6.933700            0.3008              2041.813965             1.000672
2010-06-07 03:00:00+00:00                    2716.579346                    0.97060           4.9067                         0.948                       157.5                  5.3081                       5.8866       6.933700            0.2851              2713.145996             1.001265
2010-06-07 06:00:00+00:00                    5017.166992                    1.26484           5.5983                         0.954                       157.5                  5.9326                       6.3951       6.933700            0.2374              5023.320312             0.998775
2010-06-07 09:00:00+00:00                    7842.250000                    1.51008           6.2296                         0.960                       157.5                  6.5519                       7.0097       7.598900            0.2243              7882.166504             0.994936
2010-06-07 12:00:00+00:00                    9204.420898                    1.59546           6.5398                         0.963                       157.5                  6.8790                       7.3680       7.598900            0.2261              9271.798828             0.992733
2010-06-07 15:00:00+00:00                    9644.415039                    1.60955           6.7094                         0.965                       157.5                  7.0658                       7.5835       8.327900            0.2294              9727.064453             0.991503
2010-06-07 18:00:00+00:00                    9745.267578                    1.59588           6.8451                         0.967                       157.5                  7.2296                       7.7912       9.126800            0.2359              9838.880859             0.990485
2010-06-07 21:00:00+00:00                    9354.167969                    1.54234           6.9635                         0.969                       157.5                  7.3835                       8.0015       9.126800            0.2444              9451.901367             0.989660
2010-06-08 00:00:00+00:00                    7740.882324                    1.38210           7.0337                         0.971                       157.5                  7.5175                       8.2359      10.002400            0.2596              7825.270020             0.989216
2010-06-08 03:00:00+00:00                    6200.586426                    1.23553           6.9770                         0.970                       157.5                  7.4864                       8.2508      10.002400            0.2693              6265.531738             0.989635
2010-06-08 06:00:00+00:00                    5366.793457                    1.15348           6.9491                         0.967                       157.5                  7.4420                       8.1941      10.002400            0.2708              5421.281738             0.989949
2010-06-08 09:00:00+00:00                    5177.091797                    1.13153           7.0376                         0.965                       157.5                  7.4952                       8.2147      10.002400            0.2669              5230.796875             0.989733
2010-06-08 12:00:00+00:00                    5317.832031                    1.14272           7.1580                         0.961                       157.5                  7.5813                       8.2722      10.002400            0.2629              5374.300293             0.989493
2010-06-08 15:00:00+00:00                    5438.073242                    1.15692           7.1880                         0.959                       157.5                  7.5831                       8.2513      10.961900            0.2624              5493.963867             0.989827
2010-06-08 18:00:00+00:00                    5798.393066                    1.19146           7.2530                         0.960                       157.5                  7.6366                       8.2924      10.961900            0.2608              5857.640625             0.989885
2010-06-08 21:00:00+00:00                    6586.180176                    1.25939           7.4229                         0.959                       157.5                  7.7954                       8.4262      10.961900            0.2538              6656.539062             0.989430
2010-06-09 00:00:00+00:00                    7338.048828                    1.32082           7.5870                         0.957                       157.5                  7.9407                       8.5336      10.961900            0.2444              7420.743164             0.988856
2010-06-09 03:00:00+00:00                    7194.655273                    1.30775           7.6388                         0.954                       157.5                  7.9766                       8.5379       9.126800            0.2372              7278.496582             0.988481
2010-06-09 06:00:00+00:00                    6178.469238                    1.21604           7.5886                         0.951                       157.5                  7.9286                       8.4847       9.126800            0.2347              6251.857422             0.988261
2010-06-09 09:00:00+00:00                    5431.074219                    1.14264           7.5456                         0.948                       157.5                  7.8930                       8.4509       9.126800            0.2332              5496.603027             0.988078
2010-06-09 12:00:00+00:00                    5076.785645                    1.10608           7.5326                         0.947                       157.5                  7.8800                       8.4327       9.126800            0.2311              5138.733398             0.987945
2010-06-09 15:00:00+00:00                    4854.025879                    1.08263           7.5328                         0.946                       157.5                  7.8767                       8.4176       9.126800            0.2281              4913.807617             0.987834
2010-06-09 18:00:00+00:00                    4753.462891                    1.07167           7.4864                         0.945                       157.5                  7.8671                       8.4144       9.126800            0.2265              4812.881836             0.987654
2010-06-09 21:00:00+00:00                    4770.246582                    1.07876           6.4715                         0.945                       157.5                  7.4503                       8.3439       9.126800            0.2498              4833.493164             0.986915
2010-06-10 00:00:00+00:00                    4991.880371                    1.13807           5.2914                         0.939                       157.5                  6.3869                       7.8500       9.126800            0.3316              5043.466797             0.989772
2010-06-10 03:00:00+00:00                    5294.423828                    1.21648           4.7723                         0.928                       157.5                  5.7403                       7.2966       9.126800            0.3857              5335.244629             0.992349
2010-06-10 06:00:00+00:00                    5351.946777                    1.23411           5.1960                         0.926                       157.5                  5.9514                       7.1591       9.126800            0.3639              5382.316406             0.994358
2010-06-10 09:00:00+00:00                    4881.758789                    1.17913           5.4586                         0.934                       157.5                  6.1323                       7.1536       9.126800            0.3360              4909.466309             0.994356
2010-06-10 12:00:00+00:00                    4152.247559                    1.08830           5.4775                         0.937                       157.5                  6.1702                       7.1466       8.327900            0.3208              4177.933594             0.993852
2010-06-10 15:00:00+00:00                    3432.160156                    1.00250           5.0373                         0.936                       157.5                  5.8459                       6.9720       8.327900            0.3369              3454.278076             0.993597
2010-06-10 18:00:00+00:00                    3154.699463                    0.97826           4.8373                         0.933                       157.5                  5.6067                       6.7339       8.327900            0.3490              3171.608887             0.994668
2010-06-10 21:00:00+00:00                    2948.412842                    0.96068           4.7813                         0.931                       157.5                  5.4766                       6.5265       8.327900            0.3509              2960.126221             0.996043
2010-06-11 00:00:00+00:00                    2800.045654                    0.94707           4.8064                         0.931                       157.5                  5.4279                       6.3762       8.327900            0.3444              2807.637207             0.997296
2010-06-11 03:00:00+00:00                    2660.893799                    0.93173           4.8261                         0.932                       157.5                  5.3926                       6.2595       8.327900            0.3370              2665.506836             0.998269
2010-06-11 06:00:00+00:00                    2503.638672                    0.90911           4.8409                         0.932                       157.5                  5.3732                       6.1856       7.598900            0.3303              2506.398682             0.998899
2010-06-11 09:00:00+00:00                    2353.065674                    0.88479           4.8547                         0.933                       157.5                  5.3637                       6.1370       7.598900            0.3244              2354.639404             0.999332
2010-06-11 12:00:00+00:00                    2254.249268                    0.86814           4.8842                         0.935                       157.5                  5.3717                       6.1062       7.598900            0.3174              2254.991455             0.999671
2010-06-11 15:00:00+00:00                    2273.344971                    0.87222           4.9565                         0.937                       157.5                  5.4164                       6.0992       7.598900            0.3062              2273.515625             0.999925
2010-06-11 18:00:00+00:00                    2427.456299                    0.89792           4.9587                         0.940                       157.5                  5.4612                       6.1480       7.598900            0.2968              2429.575439             0.999128
2010-06-11 21:00:00+00:00                    2878.885742                    0.97863           4.5383                         0.940                       157.5                  5.2285                       6.1517       7.598900            0.3200              2887.783936             0.996919
2010-06-12 00:00:00+00:00                    3695.020752                    1.07493           4.9435                         0.943                       157.5                  5.6338                       6.5339       7.598900            0.3015              3710.459473             0.995839
2010-06-12 03:00:00+00:00                    4172.462402                    1.11521           5.3456                         0.945                       157.5                  6.0137                       6.8484       8.327900            0.2819              4195.234375             0.994572
2010-06-12 06:00:00+00:00                    4431.612305                    1.13218           5.6829                         0.941                       142.5                  6.2888                       7.0524       8.327900            0.2683              4459.074219             0.993841
2010-06-12 09:00:00+00:00                    4549.291016                    1.13984           5.8746                         0.942                       142.5                  6.4306                       7.1402       8.327900            0.2595              4578.712402             0.993574
2010-06-12 12:00:00+00:00                    4618.988770                    1.14637           5.9808                         0.943                       142.5                  6.4961                       7.1655       8.327900            0.2546              4648.563965             0.993638
2010-06-12 15:00:00+00:00                    4796.852051                    1.16386           6.1165                         0.942                       142.5                  6.5899                       7.2177       8.327900            0.2492              4828.170898             0.993513
2010-06-12 18:00:00+00:00                    5735.182129                    1.25102           6.4735                         0.941                       142.5                  6.8973                       7.4668       8.327900            0.2349              5781.071289             0.992062
2010-06-12 21:00:00+00:00                    5845.083984                    1.25297           6.6895                         0.929                       142.5                  7.0616                       7.5845       8.327900            0.2276              5895.416504             0.991462
2010-06-13 00:00:00+00:00                    5251.126465                    1.19016           6.6872                         0.904                       142.5                  7.0388                       7.5501       8.327900            0.2302              5293.758789             0.991947
2010-06-13 03:00:00+00:00                    5801.402832                    1.22745           6.9458                         0.888                       142.5                  7.3065                       7.8372       8.327900            0.2317              5856.669922             0.990563
2010-06-13 06:00:00+00:00                    7305.029785                    1.33792           7.4166                         0.907                       127.5                  7.7754                       8.2999       9.126800            0.2218              7393.324707             0.988057
2010-06-13 09:00:00+00:00                    8703.723633                    1.43216           7.7911                         0.920                       127.5                  8.1301                       8.6247       9.126800            0.2107              8823.409180             0.986435
2010-06-13 12:00:00+00:00                    9177.950195                    1.45567           7.9913                         0.925                       127.5                  8.3172                       8.7980      10.002400            0.2068              9310.116211             0.985804
2010-06-13 15:00:00+00:00                    8435.188477                    1.39332           8.0289                         0.931                       112.5                  8.3490                       8.8253       9.126800            0.2063              8557.778320             0.985675
2010-06-13 18:00:00+00:00                    6770.149902                    1.25818           7.9002                         0.929                       112.5                  8.2183                       8.6914       9.126800            0.2073              6865.795410             0.986069
2010-06-13 21:00:00+00:00                    4735.796875                    1.07138           7.5640                         0.920                       112.5                  7.9031                       8.3922       9.126800            0.2129              4796.829102             0.987277
2010-06-14 00:00:00+00:00                    3551.574951                    0.94683           7.0237                         0.910                       112.5                  7.4732                       8.0632       8.327900            0.2314              3591.110596             0.988991
2010-06-14 03:00:00+00:00                    3144.804443                    0.90368           6.6164                         0.905                       112.5                  7.1485                       7.8395       8.327900            0.2521              3175.462402             0.990345
2010-06-14 06:00:00+00:00                    3120.673096                    0.90645           6.4027                         0.905                       112.5                  6.9714                       7.7313       8.327900            0.2683              3148.452148             0.991177
2010-06-14 09:00:00+00:00                    3290.860840                    0.93129           6.3078                         0.908                       112.5                  6.9091                       7.7235       8.327900            0.2771              3319.837891             0.991272
2010-06-14 12:00:00+00:00                    3493.399414                    0.95838           6.2518                         0.911                       112.5                  6.8899                       7.7427       9.126800            0.2799              3525.005371             0.991034
2010-06-14 15:00:00+00:00                    3655.012695                    0.98075           6.2400                         0.911                       112.5                  6.8812                       7.7366       9.126800            0.2797              3688.416260             0.990944
2010-06-14 18:00:00+00:00                    3773.708496                    0.99848           6.2421                         0.910                       112.5                  6.8649                       7.7067       9.126800            0.2802              3807.399658             0.991151
2010-06-14 21:00:00+00:00                    3873.919922                    1.01323           6.2570                         0.908                       112.5                  6.8577                       7.6824       9.126800            0.2804              3907.685547             0.991359
2010-06-15 00:00:00+00:00                    3943.593994                    1.02429           6.2706                         0.907                       112.5                  6.8504                       7.6535       9.126800            0.2789              3977.625000             0.991444
2010-06-15 03:00:00+00:00                    3885.844482                    1.02105           6.2499                         0.905                       112.5                  6.8107                       7.5913       9.126800            0.2770              3918.657471             0.991627
2010-06-15 06:00:00+00:00                    3539.761963                    0.98402           6.1409                         0.902                       112.5                  6.6856                       7.4483       9.126800            0.2776              3567.414551             0.992249
2010-06-15 09:00:00+00:00                    2999.209961                    0.91845           5.9367                         0.900                       112.5                  6.4785                       7.2461       9.126800            0.2842              3019.149414             0.993396
2010-06-15 12:00:00+00:00                    2671.133789                    0.87453           5.7959                         0.902                       112.5                  6.3423                       7.1191       8.327900            0.2889              2686.923340             0.994124
2010-06-15 15:00:00+00:00                    2529.399414                    0.85460           5.7391                         0.902                       112.5                  6.2895                       7.0606       8.327900            0.2871              2543.719727             0.994370
2010-06-15 18:00:00+00:00                    2591.110840                    0.86294           5.8095                         0.902                       112.5                  6.3562                       7.0944       8.327900            0.2754              2606.645996             0.994040
2010-06-15 21:00:00+00:00                    2678.754395                    0.87471           5.9183                         0.903                       112.5                  6.4448                       7.1384       8.327900            0.2636              2695.683105             0.993720
2010-06-16 00:00:00+00:00                    2556.590576                    0.85857           5.9782                         0.905                       112.5                  6.4500                       7.0713       8.327900            0.2519              2571.492188             0.994205
2010-06-16 03:00:00+00:00                    2285.099609                    0.81734           6.0259                         0.902                       112.5                  6.4289                       6.9736       8.327900            0.2416              2296.669678             0.994962
2010-06-16 06:00:00+00:00                    2122.977051                    0.79065           6.0615                         0.895                       112.5                  6.4297                       6.9237       7.598900            0.2326              2132.997559             0.995302
2010-06-16 09:00:00+00:00                    2082.049561                    0.78351           6.0927                         0.891                       127.5                  6.4500                       6.9148       7.598900            0.2241              2091.824219             0.995327
2010-06-16 12:00:00+00:00                    2127.765869                    0.79091           6.0839                         0.898                       127.5                  6.4696                       6.9359       7.598900            0.2185              2138.345215             0.995053
2010-06-16 15:00:00+00:00                    2123.133057                    0.78940           6.1165                         0.901                       127.5                  6.4969                       6.9474       7.598900            0.2124              2133.892578             0.994958
2010-06-16 18:00:00+00:00                    1965.592407                    0.76201           6.0979                         0.896                       127.5                  6.4722                       6.9029       7.598900            0.2068              1975.026978             0.995223
2010-06-16 21:00:00+00:00                    1723.993286                    0.73174           4.8910                         0.883                       127.5                  5.7434                       6.5929       7.598900            0.2604              1735.660034             0.993278
2010-06-17 00:00:00+00:00                    1775.752319                    0.80526           3.8319                         0.820                       142.5                  4.4889                       5.6263       6.933700            0.3957              1781.700928             0.996661
2010-06-17 03:00:00+00:00                    2042.400757                    0.89231           3.7560                         0.777                       142.5                  4.3047                       5.2733       6.933700            0.4043              2045.439941             0.998514
2010-06-17 06:00:00+00:00                    2149.493652                    0.90613           4.0906                         0.775                       142.5                  4.5733                       5.3633       6.933700            0.3621              2146.632080             1.001333
2010-06-17 09:00:00+00:00                    2137.354736                    0.89595           4.3472                         0.802                       157.5                  4.7813                       5.4459       6.933700            0.3247              2132.216309             1.002410
2010-06-17 12:00:00+00:00                    2159.937256                    0.89786           4.5265                         0.843                       157.5                  4.9151                       5.4753       5.267700            0.2924              2153.317627             1.003074
2010-06-17 15:00:00+00:00                    2240.697998                    0.90958           4.6938                         0.881                       157.5                  5.0473                       5.5312       6.326800            0.2645              2233.330811             1.003299
2010-06-17 18:00:00+00:00                    2229.778076                    0.90179           4.8116                         0.907                       157.5                  5.1498                       5.5979       6.326800            0.2484              2222.745361             1.003164
2010-06-17 21:00:00+00:00                    2250.748535                    0.90036           4.9170                         0.930                       157.5                  5.2442                       5.6672       6.326800            0.2363              2244.214355             1.002912
2010-06-18 00:00:00+00:00                    2180.733643                    0.88274           4.9746                         0.946                       157.5                  5.2980                       5.7115       6.326800            0.2302              2174.770020             1.002742
2010-06-18 03:00:00+00:00                    1962.257324                    0.83964           4.9319                         0.952                       157.5                  5.2607                       5.6811       6.326800            0.2319              1956.699585             1.002840
2010-06-18 06:00:00+00:00                    1578.422485                    0.76017           4.8051                         0.957                       157.5                  5.1430                       5.5769       6.326800            0.2377              1573.274292             1.003272
2010-06-18 09:00:00+00:00                    1243.190796                    0.68235           4.6536                         0.958                       157.5                  5.0010                       5.4537       5.773000            0.2470              1238.577637             1.003725
2010-06-18 12:00:00+00:00                    1014.414734                    0.62235           4.5322                         0.957                       157.5                  4.8848                       5.3515       5.773000            0.2553              1010.307922             1.004065
2010-06-18 15:00:00+00:00                     829.525696                    0.56998           4.4055                         0.953                       157.5                  4.7528                       5.2193       5.773000            0.2611               825.736023             1.004589
2010-06-18 18:00:00+00:00                     687.799011                    0.52632           4.2938                         0.945                       157.5                  4.6274                       5.0774       5.267700            0.2620               684.262695             1.005168
2010-06-18 21:00:00+00:00                     632.680359                    0.50699           4.2673                         0.942                       157.5                  4.5934                       5.0338       5.267700            0.2622               629.281738             1.005401
2010-06-19 00:00:00+00:00                     717.546631                    0.52054           4.4112                         0.949                       157.5                  4.8087                       5.4127       5.267700            0.3205               715.180908             1.003308
2010-06-19 03:00:00+00:00                    1341.092896                    0.64099           5.1814                         0.968                       157.5                  5.7556                       6.6556       9.126800            0.3374              1345.102539             0.997019
2010-06-19 06:00:00+00:00                    2316.520752                    0.79277           5.8849                         0.967                       157.5                  6.5676                       7.5071       9.126800            0.3015              2334.723633             0.992203
2010-06-19 09:00:00+00:00                    2320.584717                    0.79350           5.8074                         0.960                       157.5                  6.5188                       7.5061       9.126800            0.3089              2338.697266             0.992255
2010-06-19 12:00:00+00:00                    1912.699585                    0.73847           5.4515                         0.955                       157.5                  6.1323                       7.1466       9.126800            0.3317              1923.667480             0.994298
2010-06-19 15:00:00+00:00                    1567.931274                    0.70689           4.4255                         0.954                       157.5                  5.2248                       6.4233       9.126800            0.3777              1576.231567             0.994734
2010-06-19 18:00:00+00:00                    1825.443237                    0.86939           3.4292                         0.921                       157.5                  3.9483                       4.9849       8.327900            0.4598              1831.845093             0.996505
2010-06-19 21:00:00+00:00                    2741.655029                    1.10685           3.5270                         0.890                       172.5                  3.9289                       4.6103       4.385800            0.3847              2738.940674             1.000991
2010-06-20 00:00:00+00:00                    3878.156250                    1.27071           3.9913                         0.883                       172.5                  4.3729                       4.9224       5.267700            0.3077              3862.642334             1.004016
2010-06-20 03:00:00+00:00                    4482.104004                    1.32696           4.2432                         0.895                       172.5                  4.6562                       5.2111       5.773000            0.2869              4468.173828             1.003118
2010-06-20 06:00:00+00:00                    4749.623047                    1.32166           4.6686                         0.910                       172.5                  5.0532                       5.5549       5.773000            0.2607              4736.302734             1.002812
2010-06-20 09:00:00+00:00                    5022.273438                    1.31924           5.1236                         0.926                       172.5                  5.4554                       5.8880       6.326800            0.2351              5013.577148             1.001734
2010-06-20 12:00:00+00:00                    5023.073730                    1.29649           5.3768                         0.934                       172.5                  5.6846                       6.0948       6.326800            0.2252              5019.465820             1.000719
2010-06-20 15:00:00+00:00                    4595.905273                    1.24032           5.1541                         0.938                       172.5                  5.5871                       6.0990       6.326800            0.2390              4597.254883             0.999706
2010-06-20 18:00:00+00:00                    3879.873779                    1.14864           4.9633                         0.940                       157.5                  5.4377                       6.0067       6.933700            0.2519              3880.575684             0.999819
2010-06-20 21:00:00+00:00                    3129.755859                    1.03923           5.0045                         0.946                       157.5                  5.4094                       5.9164       6.933700            0.2460              3126.793945             1.000947
2010-06-21 00:00:00+00:00                    2578.418213                    0.95343           4.9448                         0.949                       157.5                  5.3155                       5.7904       6.326800            0.2442              2573.491455             1.001914
2010-06-21 03:00:00+00:00                    2136.289795                    0.87853           4.8442                         0.952                       157.5                  5.1966                       5.6512       6.326800            0.2437              2130.437744             1.002747
2010-06-21 06:00:00+00:00                    1811.460327                    0.81835           4.7581                         0.956                       157.5                  5.0931                       5.5233       6.326800            0.2403              1805.114990             1.003515
2010-06-21 09:00:00+00:00                    1621.989136                    0.77928           4.7223                         0.958                       157.5                  5.0443                       5.4543       5.773000            0.2356              1615.643555             1.003928
2010-06-21 12:00:00+00:00                    1510.323975                    0.75195           4.7384                         0.962                       157.5                  5.0555                       5.4545       5.773000            0.2311              1504.364136             1.003962
2010-06-21 15:00:00+00:00                    1466.042603                    0.73692           4.8011                         0.966                       157.5                  5.1172                       5.5120       6.326800            0.2276              1460.641968             1.003697
2010-06-21 18:00:00+00:00                    1437.840698                    0.72481           4.8766                         0.969                       157.5                  5.1927                       5.5871       6.326800            0.2256              1433.031738             1.003356
2010-06-21 21:00:00+00:00                    1347.129639                    0.69927           4.9048                         0.972                       157.5                  5.2236                       5.6237       6.326800            0.2268              1342.900146             1.003150
2010-06-22 00:00:00+00:00                    1202.707642                    0.66033           4.8855                         0.974                       157.5                  5.2138                       5.6306       6.933700            0.2324              1199.028076             1.003069
2010-06-22 03:00:00+00:00                     980.482666                    0.60050           4.7773                         0.973                       157.5                  5.1149                       5.5520       6.933700            0.2422               977.215393             1.003343
2010-06-22 06:00:00+00:00                     724.732178                    0.52657           4.5608                         0.969                       157.5                  4.8967                       5.3398       5.773000            0.2521               721.623657             1.004308
2010-06-22 09:00:00+00:00                     569.013367                    0.47703           4.3627                         0.965                       157.5                  4.6871                       5.1120       5.773000            0.2538               566.067627             1.005204
2010-06-22 12:00:00+00:00                     561.940918                    0.47553           4.3335                         0.965                       157.5                  4.6578                       5.0808       5.773000            0.2549               558.958984             1.005335
2010-06-22 15:00:00+00:00                     594.777832                    0.48690           4.3657                         0.966                       157.5                  4.6956                       5.1288       5.773000            0.2595               591.741516             1.005131
2010-06-22 18:00:00+00:00                     646.039185                    0.50209           4.4422                         0.968                       157.5                  4.7845                       5.2376       5.773000            0.2653               643.073181             1.004612
2010-06-22 21:00:00+00:00                     713.984070                    0.53196           3.9164                         0.969                       157.5                  4.4758                       5.1908       5.773000            0.3152               715.181152             0.998326
2010-06-23 00:00:00+00:00                     753.871887                    0.55075           3.8532                         0.964                       157.5                  4.3500                       5.1032       5.773000            0.3530               753.201477             1.000890
2010-06-23 03:00:00+00:00                     800.609619                    0.56373           3.9067                         0.955                       157.5                  4.3913                       5.1685       5.773000            0.3722               799.582397             1.001285
2010-06-23 06:00:00+00:00                     904.527405                    0.59250           3.9452                         0.948                       157.5                  4.4515                       5.2851       5.773000            0.3843               903.937012             1.000653
2010-06-23 09:00:00+00:00                    1098.175903                    0.65178           3.7522                         0.940                       157.5                  4.3314                       5.3183       5.773000            0.4100              1100.990234             0.997444
2010-06-23 12:00:00+00:00                    1370.741333                    0.75083           3.4854                         0.930                       157.5                  4.0062                       5.0144       8.327900            0.4466              1374.656128             0.997152
2010-06-23 15:00:00+00:00                    1696.383423                    0.82699           3.7796                         0.920                       157.5                  4.2449                       5.0927       8.327900            0.4098              1694.636108             1.001031
2010-06-23 18:00:00+00:00                    2059.845215                    0.89476           4.1310                         0.916                       157.5                  4.5549                       5.2665       4.806500            0.3628              2053.938232             1.002876
2010-06-23 21:00:00+00:00                    2234.532959                    0.91529           4.3898                         0.927                       157.5                  4.8009                       5.4525       4.806500            0.3328              2228.061279             1.002905
2010-06-24 00:00:00+00:00                    2487.734131                    0.95402           4.6199                         0.936                       157.5                  5.0038                       5.5825       5.267700            0.3039              2480.566406             1.002890
2010-06-24 03:00:00+00:00                    2803.034424                    0.99883           4.8493                         0.940                       157.5                  5.2110                       5.7347       5.773000            0.2792              2796.157715             1.002459
2010-06-24 06:00:00+00:00                    2915.510010                    1.00679           5.0042                         0.944                       157.5                  5.3627                       5.8692       5.773000            0.2671              2910.261963             1.001803
2010-06-24 09:00:00+00:00                    2761.116699                    0.97671           4.9375                         0.946                       157.5                  5.3529                       5.9090       5.773000            0.2728              2758.298340             1.001022
2010-06-24 12:00:00+00:00                    2670.282959                    0.97927           4.3141                         0.941                       157.5                  4.8921                       5.7017       6.326800            0.3240              2671.635254             0.999494
2010-06-24 15:00:00+00:00                    2944.837646                    1.06638           3.8862                         0.911                       157.5                  4.4318                       5.3171       6.326800            0.3728              2946.481934             0.999442
2010-06-24 18:00:00+00:00                    3062.751465                    1.08709           3.9392                         0.904                       157.5                  4.4669                       5.3181       6.933700            0.3697              3062.636963             1.000037
2010-06-24 21:00:00+00:00                    3020.499512                    1.06561           4.1022                         0.906                       157.5                  4.6259                       5.4499       5.773000            0.3568              3018.500732             1.000662
2010-06-25 00:00:00+00:00                    2941.618164                    1.01372           4.7458                         0.939                       157.5                  5.1989                       5.8465       5.773000            0.3037              2938.586670             1.001032
2010-06-25 03:00:00+00:00                    3022.721680                    1.00985           5.1186                         0.945                       157.5                  5.4963                       6.0465       6.326800            0.2782              3020.166504             1.000846
2010-06-25 06:00:00+00:00                    3031.733398                    0.99748           5.3299                         0.948                       157.5                  5.6917                       6.2137       6.326800            0.2661              3031.653076             1.000026
2010-06-25 09:00:00+00:00                    2982.584717                    0.98109           5.4497                         0.948                       157.5                  5.8041                       6.3180       6.326800            0.2618              2984.249756             0.999442
2010-06-25 12:00:00+00:00                    2945.056641                    0.96692           5.5664                         0.947                       157.5                  5.9136                       6.4217       6.933700            0.2583              2948.386230             0.998871
2010-06-25 15:00:00+00:00                    3000.078369                    0.96879           5.6783                         0.944                       157.5                  6.0167                       6.5160       6.933700            0.2538              3005.250977             0.998279
2010-06-25 18:00:00+00:00                    3051.995117                    0.96895           5.7688                         0.941                       157.5                  6.1199                       6.6267       6.933700            0.2507              3059.691162             0.997485
2010-06-25 21:00:00+00:00                    3164.333984                    0.97972           5.6239                         0.940                       157.5                  6.1234                       6.7257       7.598900            0.2560              3177.026123             0.996005
2010-06-26 00:00:00+00:00                    3121.293945                    0.97430           5.2321                         0.934                       157.5                  5.9000                       6.7136       8.327900            0.2852              3136.052979             0.995294
2010-06-26 03:00:00+00:00                    2789.564697                    0.92599           5.1322                         0.926                       157.5                  5.7726                       6.6407       8.327900            0.3064              2800.571777             0.996070
2010-06-26 06:00:00+00:00                    2408.593018                    0.86981           4.9610                         0.916                       142.5                  5.5873                       6.4994       8.327900            0.3277              2416.083252             0.996900
2010-06-26 09:00:00+00:00                    2230.098389                    0.84328           4.8724                         0.909                       142.5                  5.4764                       6.4024       8.327900            0.3416              2235.532959             0.997569
2010-06-26 12:00:00+00:00                    2237.110840                    0.84553           4.8867                         0.908                       142.5                  5.4726                       6.3877       8.327900            0.3443              2242.086914             0.997781
2010-06-26 15:00:00+00:00                    2351.976807                    0.86828           4.9466                         0.908                       142.5                  5.4995                       6.3673       8.327900            0.3392              2356.474121             0.998092
2010-06-26 18:00:00+00:00                    2557.946777                    0.90569           5.0868                         0.911                       157.5                  5.5930                       6.3634       8.327900            0.3200              2562.266602             0.998314
2010-06-26 21:00:00+00:00                    2594.588379                    0.90793           5.2284                         0.917                       157.5                  5.7120                       6.4215       8.327900            0.3021              2599.524658             0.998101
2010-06-27 00:00:00+00:00                    2492.614502                    0.88652           5.3313                         0.926                       157.5                  5.8023                       6.4704       8.327900            0.2877              2498.099854             0.997804
2010-06-27 03:00:00+00:00                    2353.472656                    0.85819           5.4106                         0.934                       157.5                  5.8750                       6.5187       8.327900            0.2781              2359.263672             0.997545
2010-06-27 06:00:00+00:00                    2249.741455                    0.83600           5.4842                         0.942                       157.5                  5.9424                       6.5663       8.327900            0.2703              2255.936523             0.997254
2010-06-27 09:00:00+00:00                    2144.106934                    0.81318           5.5275                         0.949                       157.5                  5.9908                       6.6141       8.327900            0.2670              2150.717285             0.996926
2010-06-27 12:00:00+00:00                    2019.812622                    0.78665           5.5377                         0.954                       157.5                  6.0180                       6.6581       8.327900            0.2678              2026.687012             0.996608
2010-06-27 15:00:00+00:00                    1892.801880                    0.76040           5.5127                         0.959                       157.5                  6.0114                       6.6781       8.327900            0.2723              1899.640137             0.996400
2010-06-27 18:00:00+00:00                    1779.697632                    0.73830           5.4684                         0.965                       157.5                  5.9731                       6.6606       8.327900            0.2786              1785.911865             0.996520
2010-06-27 21:00:00+00:00                    1686.150391                    0.72284           5.3848                         0.969                       157.5                  5.8926                       6.5843       8.327900            0.2828              1691.384521             0.996905
2010-06-28 00:00:00+00:00                    1567.532837                    0.70104           5.3019                         0.972                       157.5                  5.8175                       6.5090       8.327900            0.2840              1571.878540             0.997235
2010-06-28 03:00:00+00:00                    1330.214966                    0.65068           5.1094                         0.972                       157.5                  5.6685                       6.4146       7.598900            0.2952              1333.632446             0.997437
2010-06-28 06:00:00+00:00                    1144.474854                    0.60932           4.8620                         0.971                       157.5                  5.4646                       6.2975       7.598900            0.3151              1147.187988             0.997635
2010-06-28 09:00:00+00:00                    1038.946533                    0.58880           4.5394                         0.969                       157.5                  5.1892                       6.1303       7.598900            0.3409              1041.561401             0.997489
2010-06-28 12:00:00+00:00                    1020.221741                    0.61758           3.6696                         0.964                       157.5                  4.3235                       5.5069       8.327900            0.4235              1024.877686             0.995457
2010-06-28 15:00:00+00:00                    1121.929199                    0.67005           3.5443                         0.951                       157.5                  4.0969                       5.1505       8.327900            0.4402              1125.553101             0.996780
2010-06-28 18:00:00+00:00                    1261.721924                    0.70974           3.7491                         0.944                       157.5                  4.2450                       5.1459       8.327900            0.4130              1261.676758             1.000036
2010-06-28 21:00:00+00:00                    1375.783325                    0.73240           4.0000                         0.947                       157.5                  4.4598                       5.2553       8.327900            0.3828              1373.132812             1.001930
2010-06-29 00:00:00+00:00                    1551.187256                    0.76929           4.2455                         0.951                       157.5                  4.6702                       5.3617       4.806500            0.3494              1546.757812             1.002864
2010-06-29 03:00:00+00:00                    1819.075439                    0.82008           4.5393                         0.956                       157.5                  4.9327                       5.5261       5.267700            0.3104              1813.709351             1.002959
2010-06-29 06:00:00+00:00                    2129.681396                    0.87074           4.8364                         0.961                       157.5                  5.2079                       5.7341       5.773000            0.2782              2124.751953             1.002320
2010-06-29 09:00:00+00:00                    2458.066162                    0.91591           5.1137                         0.965                       157.5                  5.4803                       5.9787       6.326800            0.2578              2455.385742             1.001092
2010-06-29 12:00:00+00:00                    2830.374756                    0.96015           5.4001                         0.969                       157.5                  5.7704                       6.2624       6.933700            0.2449              2831.964600             0.999439
2010-06-29 15:00:00+00:00                    3182.655029                    0.99691           5.6618                         0.973                       157.5                  6.0354                       6.5305       7.598900            0.2384              3189.648438             0.997807
2010-06-29 18:00:00+00:00                    3302.746582                    0.99987           5.8235                         0.976                       157.5                  6.2118                       6.7358       7.598900            0.2418              3314.258789             0.996526
2010-06-29 21:00:00+00:00                    3042.857666                    0.95064           5.7628                         0.979                       157.5                  6.2343                       6.8657       8.327900            0.2632              3056.493652             0.995539
2010-06-30 00:00:00+00:00                    2490.295654                    0.86597           5.4444                         0.977                       157.5                  6.0075                       6.7737       8.327900            0.2936              2500.676025             0.995849
2010-06-30 03:00:00+00:00                    1990.851074                    0.78675           5.1593                         0.972                       157.5                  5.7320                       6.5619       8.327900            0.3190              1996.564209             0.997139
2010-06-30 06:00:00+00:00                    2022.835571                    0.78676           5.2115                         0.970                       157.5                  5.7995                       6.6647       8.327900            0.3247              2029.357300             0.996786
2010-06-30 09:00:00+00:00                    2189.479980                    0.80800           5.3341                         0.968                       157.5                  5.9402                       6.8362       9.126800            0.3257              2198.133545             0.996063
2010-06-30 12:00:00+00:00                    2270.840332                    0.81761           5.4155                         0.965                       157.5                  6.0217                       6.9223       9.126800            0.3257              2280.458496             0.995782
2010-06-30 15:00:00+00:00                    2245.235596                    0.81385           5.4806                         0.963                       157.5                  6.0533                       6.9066       9.126800            0.3210              2254.158203             0.996042
2010-06-30 18:00:00+00:00                    2181.365967                    0.80645           5.5413                         0.961                       157.5                  6.0600                       6.8332       6.933700            0.3114              2188.700684             0.996649
2010-06-30 21:00:00+00:00                    2225.889648                    0.81534           5.6694                         0.962                       157.5                  6.1340                       6.8203       6.933700            0.2962              2232.795410             0.996907
2010-07-01 00:00:00+00:00                    2446.082275                    0.84969           5.8551                         0.963                       157.5                  6.2793                       6.8995       6.933700            0.2805              2454.416992             0.996604
2010-07-01 03:00:00+00:00                    2788.222900                    0.89714           6.0572                         0.964                       157.5                  6.4669                       7.0530       7.598900            0.2681              2800.096436             0.995760
2010-07-01 06:00:00+00:00                    3009.790283                    0.92258           6.1612                         0.964                       157.5                  6.5976                       7.1983       7.598900            0.2648              3025.247803             0.994891
2010-07-01 09:00:00+00:00                    2983.985107                    0.91349           6.1144                         0.964                       157.5                  6.6106                       7.2789       7.598900            0.2726              3000.841064             0.994383
2010-07-01 12:00:00+00:00                    2765.853271                    0.87666           5.9359                         0.963                       157.5                  6.5257                       7.3262       8.327900            0.2914              2782.630859             0.993971
2010-07-01 15:00:00+00:00                    2576.931396                    0.84391           5.8766                         0.964                       157.5                  6.5045                       7.3668       8.327900            0.2990              2593.641602             0.993557
2010-07-01 18:00:00+00:00                    2398.277100                    0.81353           5.8778                         0.965                       157.5                  6.5146                       7.3795       8.327900            0.2970              2414.636963             0.993225
2010-07-01 21:00:00+00:00                    2290.271729                    0.79477           5.8996                         0.965                       157.5                  6.5296                       7.3847       8.327900            0.2945              2306.266113             0.993065
2010-07-02 00:00:00+00:00                    2212.236572                    0.78010           5.9410                         0.966                       157.5                  6.5631                       7.4041       8.327900            0.2912              2228.055176             0.992900
2010-07-02 03:00:00+00:00                    2153.705078                    0.76867           5.9998                         0.967                       157.5                  6.6052                       7.4237       8.327900            0.2877              2169.269531             0.992825
2010-07-02 06:00:00+00:00                    2042.890137                    0.74874           6.0522                         0.967                       157.5                  6.6335                       7.4210       8.327900            0.2835              2057.450439             0.992923
2010-07-02 09:00:00+00:00                    1908.350830                    0.72508           6.0580                         0.967                       157.5                  6.6269                       7.3928       8.327900            0.2802              1921.760742             0.993022
2010-07-02 12:00:00+00:00                    1752.894653                    0.69663           6.1031                         0.967                       157.5                  6.6366                       7.3573       8.327900            0.2735              1764.950562             0.993169
2010-07-02 15:00:00+00:00                    1623.705688                    0.67216           6.1424                         0.967                       157.5                  6.6448                       7.3215       8.327900            0.2656              1634.727905             0.993257
2010-07-02 18:00:00+00:00                    1512.418091                    0.65075           6.1617                         0.968                       157.5                  6.6380                       7.2769       8.327900            0.2584              1522.433105             0.993422
2010-07-02 21:00:00+00:00                    1397.702637                    0.62829           6.0655                         0.968                       157.5                  6.5828                       7.2177       8.327900            0.2529              1407.023926             0.993375
2010-07-03 00:00:00+00:00                    1289.565918                    0.62239           4.6191                         0.967                       157.5                  5.6261                       6.8208       8.327900            0.3121              1301.157837             0.991091
2010-07-03 03:00:00+00:00                    1256.005371                    0.62373           4.7101                         0.965                       157.5                  5.4988                       6.5997       7.598900            0.3287              1262.445923             0.994898
2010-07-03 06:00:00+00:00                    1238.958374                    0.62460           4.7165                         0.965                       157.5                  5.4477                       6.4913       7.598900            0.3313              1244.230347             0.995763
2010-07-03 09:00:00+00:00                    1246.169556                    0.63147           4.6892                         0.966                       157.5                  5.3827                       6.3882       7.598900            0.3343              1250.648682             0.996419
2010-07-03 12:00:00+00:00                    1289.899292                    0.65077           4.6126                         0.966                       157.5                  5.2536                       6.2259       7.598900            0.3435              1293.049438             0.997564
2010-07-03 15:00:00+00:00                    1313.516602                    0.66022           4.4752                         0.968                       157.5                  5.1583                       6.1669       7.598900            0.3486              1317.719360             0.996811
2010-07-03 18:00:00+00:00                    1374.109497                    0.69959           3.7588                         0.962                       157.5                  4.4883                       5.7754       7.598900            0.4123              1381.848267             0.994400
2010-07-03 21:00:00+00:00                    1549.978882                    0.77993           3.4484                         0.944                       157.5                  4.0470                       5.2596       7.598900            0.4584              1558.458862             0.994559
2010-07-04 00:00:00+00:00                    1854.606689                    0.86628           3.5884                         0.925                       157.5                  4.1060                       5.0888       7.598900            0.4333              1858.010010             0.998168
2010-07-04 03:00:00+00:00                    1988.526123                    0.86804           4.0725                         0.942                       157.5                  4.5707                       5.4072       7.598900            0.3762              1986.684937             1.000927
2010-07-04 06:00:00+00:00                    2186.398682                    0.89039           4.4574                         0.952                       157.5                  4.9209                       5.6380       7.598900            0.3336              2183.034668             1.001541
2010-07-04 09:00:00+00:00                    2470.103516                    0.93211           4.7700                         0.957                       157.5                  5.1916                       5.8053       7.598900            0.2988              2466.270264             1.001554
2010-07-04 12:00:00+00:00                    2612.330078                    0.94750           4.9664                         0.960                       157.5                  5.3710                       5.9388       6.326800            0.2803              2609.416748             1.001117
2010-07-04 15:00:00+00:00                    2679.563965                    0.94955           5.1299                         0.963                       157.5                  5.5238                       6.0635       6.326800            0.2680              2678.081055             1.000554
2010-07-04 18:00:00+00:00                    2688.110596                    0.94249           5.2652                         0.965                       157.5                  5.6506                       6.1728       6.933700            0.2602              2688.018555             1.000034
2010-07-04 21:00:00+00:00                    2610.812012                    0.92290           5.3541                         0.966                       157.5                  5.7351                       6.2515       6.933700            0.2572              2611.735840             0.999646
2010-07-05 00:00:00+00:00                    2325.570068                    0.86731           5.3738                         0.967                       157.5                  5.7657                       6.3048       6.933700            0.2633              2327.114258             0.999336
2010-07-05 03:00:00+00:00                    1982.058594                    0.79766           5.3534                         0.968                       157.5                  5.7705                       6.3532       6.933700            0.2738              1984.143677             0.998949
2010-07-05 06:00:00+00:00                    1720.947144                    0.74020           5.3287                         0.967                       157.5                  5.7752                       6.4063       6.933700            0.2836              1723.502441             0.998517
2010-07-05 09:00:00+00:00                    1488.886475                    0.68444           5.3046                         0.966                       157.5                  5.7908                       6.4826       6.933700            0.2937              1491.965210             0.997936
2010-07-05 12:00:00+00:00                    1339.647217                    0.64417           5.3159                         0.962                       157.5                  5.8401                       6.5850       8.327900            0.3002              1343.405884             0.997202
2010-07-05 15:00:00+00:00                    1274.642334                    0.62298           5.3702                         0.953                       157.5                  5.9195                       6.6987       8.327900            0.3024              1279.192017             0.996443
2010-07-05 18:00:00+00:00                    1284.725830                    0.62099           5.3486                         0.938                       157.5                  5.9637                       6.7975       8.327900            0.3038              1290.674561             0.995391
2010-07-05 21:00:00+00:00                    1379.500122                    0.65041           4.4960                         0.928                       142.5                  5.4532                       6.6856       8.327900            0.3394              1391.463867             0.991402
2010-07-06 00:00:00+00:00                    1607.487793                    0.71250           4.3844                         0.908                       142.5                  5.2084                       6.4819       8.327900            0.3658              1616.622192             0.994350
2010-07-06 03:00:00+00:00                    1731.176147                    0.73380           4.6433                         0.902                       142.5                  5.4262                       6.5744       8.327900            0.3446              1740.322632             0.994744
2010-07-06 06:00:00+00:00                    1814.272095                    0.74900           4.7949                         0.895                       142.5                  5.5458                       6.6100       8.327900            0.3302              1823.441284             0.994972
2010-07-06 09:00:00+00:00                    1851.899048                    0.75721           4.8779                         0.891                       142.5                  5.5984                       6.5998       8.327900            0.3209              1860.625854             0.995310
2010-07-06 12:00:00+00:00                    1834.504150                    0.75551           4.9249                         0.888                       142.5                  5.6156                       6.5662       7.598900            0.3148              1842.416260             0.995706
2010-07-06 15:00:00+00:00                    1766.507324                    0.74387           4.9486                         0.886                       142.5                  5.6104                       6.5213       7.598900            0.3113              1773.310303             0.996164
2010-07-06 18:00:00+00:00                    1670.322876                    0.72582           4.9634                         0.885                       142.5                  5.5982                       6.4757       7.598900            0.3093              1675.954590             0.996640
2010-07-06 21:00:00+00:00                    1571.585449                    0.70497           4.9866                         0.887                       142.5                  5.6048                       6.4579       7.598900            0.3071              1576.507568             0.996878
2010-07-07 00:00:00+00:00                    1492.377197                    0.68766           4.8905                         0.890                       142.5                  5.5581                       6.4490       7.598900            0.3102              1497.877319             0.996328
2010-07-07 03:00:00+00:00                    1429.095825                    0.67043           4.8811                         0.894                       127.5                  5.5789                       6.4974       7.598900            0.3101              1434.928223             0.995935
2010-07-07 06:00:00+00:00                    1402.796021                    0.65993           4.9762                         0.902                       127.5                  5.6777                       6.5801       6.933700            0.3029              1408.847168             0.995705
2010-07-07 09:00:00+00:00                    1397.940918                    0.65640           5.0633                         0.905                       127.5                  5.7496                       6.6256       6.933700            0.2988              1403.901245             0.995754
2010-07-07 12:00:00+00:00                    1399.185913                    0.65416           5.1300                         0.907                       127.5                  5.8069                       6.6745       6.933700            0.2995              1405.109009             0.995785
2010-07-07 15:00:00+00:00                    1430.991577                    0.65683           5.1265                         0.909                       127.5                  5.8521                       6.7708       6.933700            0.3066              1438.013306             0.995117
2010-07-07 18:00:00+00:00                    1551.109741                    0.67478           5.1183                         0.914                       127.5                  5.9375                       6.9547       6.933700            0.3138              1560.921753             0.993714
2010-07-07 21:00:00+00:00                    1916.682617                    0.73623           5.1795                         0.924                       127.5                  6.0845                       7.2177       9.126800            0.3156              1932.004761             0.992069
2010-07-08 00:00:00+00:00                    2292.030029                    0.79703           5.3434                         0.930                       127.5                  6.2416                       7.3618       9.126800            0.3066              2311.835205             0.991433
2010-07-08 03:00:00+00:00                    2628.670898                    0.84629           5.5125                         0.933                       127.5                  6.4163                       7.4881       8.327900            0.2913              2653.509277             0.990639
2010-07-08 06:00:00+00:00                    2873.026123                    0.88354           5.4586                         0.931                       127.5                  6.4100                       7.5111       8.327900            0.2887              2901.596436             0.990154
2010-07-08 09:00:00+00:00                    3037.317871                    0.91167           5.3452                         0.928                       127.5                  6.3073                       7.4595       8.327900            0.2957              3066.958740             0.990335
2010-07-08 12:00:00+00:00                    3167.773193                    0.93953           5.0941                         0.922                       127.5                  6.0769                       7.3298       8.327900            0.3127              3197.709229             0.990638
2010-07-08 15:00:00+00:00                    3288.393799                    0.97290           4.7448                         0.914                       127.5                  5.7317                       7.1043       8.327900            0.3385              3318.127930             0.991039
2010-07-08 18:00:00+00:00                    3633.270508                    1.08111           4.1802                         0.882                       127.5                  4.9801                       6.3696       8.327900            0.4018              3654.657959             0.994148
2010-07-08 21:00:00+00:00                    3996.900146                    1.17863           4.0997                         0.850                       127.5                  4.7497                       5.8966       8.327900            0.4045              4007.882812             0.997260
2010-07-09 00:00:00+00:00                    4035.846191                    1.18723           4.3526                         0.839                       142.5                  4.9189                       5.8579       8.327900            0.3711              4038.803711             0.999268
2010-07-09 03:00:00+00:00                    3889.695068                    1.16337           4.5447                         0.839                       142.5                  5.0652                       5.8749       8.327900            0.3421              3889.812988             0.999970
2010-07-09 06:00:00+00:00                    3736.064453                    1.14703           4.5604                         0.839                       142.5                  5.0577                       5.8045       8.327900            0.3284              3734.165283             1.000509
2010-07-09 09:00:00+00:00                    3515.446777                    1.11507           4.6430                         0.843                       142.5                  5.1035                       5.7772       7.598900            0.3123              3511.706055             1.001065
2010-07-09 12:00:00+00:00                    3410.926514                    1.10725           4.5383                         0.845                       142.5                  5.0155                       5.6884       5.773000            0.3092              3407.289307             1.001068
2010-07-09 15:00:00+00:00                    3454.813477                    1.13164           4.2636                         0.844                       142.5                  4.7812                       5.5247       5.773000            0.3260              3452.689697             1.000615
2010-07-09 18:00:00+00:00                    3792.601807                    1.19862           4.1452                         0.853                       157.5                  4.6537                       5.4091       5.773000            0.3358              3789.403076             1.000844
2010-07-09 21:00:00+00:00                    4217.670410                    1.25141           4.2450                         0.864                       157.5                  4.7582                       5.5152       5.773000            0.3321              4214.674805             1.000711
2010-07-10 00:00:00+00:00                    4731.707520                    1.30356           4.4335                         0.869                       142.5                  4.9499                       5.6966       7.598900            0.3220              4729.663086             1.000432
2010-07-10 03:00:00+00:00                    5384.382324                    1.35518           4.7973                         0.882                       142.5                  5.2984                       5.9898       7.598900            0.2972              5385.763672             0.999744
2010-07-10 06:00:00+00:00                    5860.072266                    1.38995           5.0873                         0.891                       142.5                  5.5577                       6.1920       7.598900            0.2773              5865.218750             0.999123
2010-07-10 09:00:00+00:00                    5802.714355                    1.37563           5.1836                         0.896                       142.5                  5.6513                       6.2591       7.598900            0.2660              5809.971191             0.998751
2010-07-10 12:00:00+00:00                    5492.914062                    1.33963           5.2706                         0.898                       142.5                  5.6935                       6.2458       7.598900            0.2551              5497.638672             0.999141
2010-07-10 15:00:00+00:00                    5018.795898                    1.28389           5.3332                         0.901                       142.5                  5.7113                       6.2114       6.933700            0.2454              5020.638672             0.999633
2010-07-10 18:00:00+00:00                    4450.552246                    1.21518           5.3224                         0.902                       142.5                  5.6740                       6.1479       6.933700            0.2420              4449.682129             1.000196
2010-07-10 21:00:00+00:00                    3747.860840                    1.12371           5.2235                         0.905                       142.5                  5.5735                       6.0546       6.933700            0.2490              3744.825684             1.000811
2010-07-11 00:00:00+00:00                    3446.110352                    1.07708           5.1835                         0.911                       142.5                  5.5456                       6.0594       6.326800            0.2632              3443.323242             1.000809
2010-07-11 03:00:00+00:00                    3545.034424                    1.07762           5.2639                         0.924                       142.5                  5.6535                       6.2260       6.326800            0.2788              3545.672119             0.999820
2010-07-11 06:00:00+00:00                    3929.405518                    1.11486           5.4202                         0.937                       142.5                  5.8340                       6.4464       6.933700            0.2822              3935.378174             0.998482
2010-07-11 09:00:00+00:00                    4254.231934                    1.14350           5.5718                         0.945                       142.5                  6.0009                       6.6327       6.933700            0.2802              4265.387695             0.997385
2010-07-11 12:00:00+00:00                    4497.334473                    1.15863           5.7230                         0.947                       142.5                  6.1696                       6.8279       8.327900            0.2808              4514.065918             0.996293
2010-07-11 15:00:00+00:00                    5049.205566                    1.20111           5.9603                         0.950                       142.5                  6.4363                       7.1302       8.327900            0.2797              5076.705078             0.994583
2010-07-11 18:00:00+00:00                    6379.320312                    1.30885           6.3794                         0.955                       142.5                  6.8815                       7.5829       9.126800            0.2662              6431.561523             0.991877
2010-07-11 21:00:00+00:00                    7705.930664                    1.40810           6.7705                         0.959                       142.5                  7.2522                       7.9117       9.126800            0.2485              7784.811035             0.989867
2010-07-12 00:00:00+00:00                    8359.916992                    1.45046           6.9989                         0.959                       142.5                  7.4585                       8.0877       9.126800            0.2384              8454.526367             0.988810
2010-07-12 03:00:00+00:00                    8415.143555                    1.44919           7.0887                         0.958                       142.5                  7.5358                       8.1543       9.126800            0.2355              8513.248047             0.988476
2010-07-12 06:00:00+00:00                    8219.825195                    1.42620           7.1477                         0.956                       142.5                  7.5930                       8.2206       9.126800            0.2376              8316.232422             0.988407
2010-07-12 09:00:00+00:00                    8224.055664                    1.41592           7.2277                         0.956                       142.5                  7.6839                       8.3382       9.126800            0.2426              8320.980469             0.988352
2010-07-12 12:00:00+00:00                    8711.154297                    1.43629           7.3969                         0.957                       142.5                  7.8761                       8.5709       9.126800            0.2475              8815.640625             0.988148
2010-07-12 15:00:00+00:00                    9660.997070                    1.48732           7.5994                         0.958                       142.5                  8.1185                       8.8512      10.002400            0.2479              9781.847656             0.987645
2010-07-12 18:00:00+00:00                   10302.957031                    1.52340           7.3466                         0.958                       142.5                  8.1219                       8.9944      10.002400            0.2525             10438.872070             0.986980
2010-07-12 21:00:00+00:00                    9283.215820                    1.46809           6.5944                         0.953                       142.5                  7.6258                       8.7381      10.002400            0.2750              9401.180664             0.987452
2010-07-13 00:00:00+00:00                    9159.705078                    1.47518           6.3827                         0.946                       157.5                  7.3750                       8.5430      10.002400            0.2891              9267.390625             0.988380
2010-07-13 03:00:00+00:00                   10600.801758                    1.58570           6.3684                         0.951                       157.5                  7.3666                       8.5547       9.126800            0.2922             10723.583008             0.988550
2010-07-13 06:00:00+00:00                   12526.291016                    1.71286           6.5455                         0.952                       157.5                  7.4788                       8.6528      10.002400            0.2955             12664.749023             0.989067
2010-07-13 09:00:00+00:00                   14111.130859                    1.80841           6.6895                         0.951                       157.5                  7.5713                       8.7357      10.002400            0.2991             14260.806641             0.989504
2010-07-13 12:00:00+00:00                   14519.625000                    1.83839           6.7349                         0.947                       157.5                  7.5568                       8.6949      10.002400            0.3034             14664.465820             0.990123
2010-07-13 15:00:00+00:00                   13978.480469                    1.82015           6.7267                         0.943                       157.5                  7.4626                       8.5411      10.002400            0.3078             14105.197266             0.991016
2010-07-13 18:00:00+00:00                   13143.711914                    1.78574           6.6369                         0.939                       157.5                  7.3262                       8.3491      10.002400            0.3093             13253.621094             0.991707
2010-07-13 21:00:00+00:00                   11867.468750                    1.71695           6.4428                         0.935                       157.5                  7.1521                       8.1631      10.002400            0.3101             11963.423828             0.991979
2010-07-14 00:00:00+00:00                   10213.648438                    1.61537           6.3035                         0.931                       157.5                  6.9736                       7.9455      10.002400            0.3103             10291.542969             0.992431
2010-07-14 03:00:00+00:00                    8606.954102                    1.50751           6.1562                         0.927                       157.5                  6.7768                       7.6968       9.126800            0.3094              8667.254883             0.993043
2010-07-14 06:00:00+00:00                    7300.926270                    1.40977           6.0242                         0.923                       157.5                  6.6040                       7.4730       9.126800            0.3064              7347.773926             0.993624
2010-07-14 09:00:00+00:00                    6387.461914                    1.33288           5.9287                         0.919                       157.5                  6.4864                       7.3191       9.126800            0.3024              6425.878906             0.994022
2010-07-14 12:00:00+00:00                    5854.829102                    1.28345           5.8869                         0.917                       157.5                  6.4303                       7.2379       8.327900            0.2989              5888.634766             0.994259
2010-07-14 15:00:00+00:00                    5505.923828                    1.24761           5.8835                         0.915                       157.5                  6.4151                       7.2038       8.327900            0.2962              5536.803711             0.994423
2010-07-14 18:00:00+00:00                    5198.373047                    1.21305           5.8928                         0.913                       157.5                  6.4173                       7.1944       8.327900            0.2944              5227.126465             0.994499
2010-07-14 21:00:00+00:00                    4792.048340                    1.16600           5.8959                         0.910                       157.5                  6.4148                       7.1784       7.598900            0.2914              4818.222656             0.994568
2010-07-15 00:00:00+00:00                    4558.600586                    1.14198           5.8814                         0.912                       142.5                  6.3838                       7.1205       7.598900            0.2871              4582.605957             0.994762
2010-07-15 03:00:00+00:00                    4494.207520                    1.13952           5.8792                         0.918                       142.5                  6.3550                       7.0516       7.598900            0.2811              4516.540527             0.995055
2010-07-15 06:00:00+00:00                    4604.208496                    1.15663           5.9174                         0.925                       142.5                  6.3634                       7.0131       7.598900            0.2722              4626.533203             0.995175
2010-07-15 09:00:00+00:00                    4751.043457                    1.17465           5.9855                         0.931                       142.5                  6.4072                       7.0171       7.598900            0.2626              4774.671387             0.995051
2010-07-15 12:00:00+00:00                    4750.252930                    1.17322           6.0449                         0.936                       142.5                  6.4511                       7.0334       7.598900            0.2545              4774.666504             0.994887
2010-07-15 15:00:00+00:00                    4535.446289                    1.14550           6.0722                         0.938                       142.5                  6.4740                       7.0447       7.598900            0.2498              4559.380859             0.994750
2010-07-15 18:00:00+00:00                    4313.402832                    1.11499           6.1008                         0.940                       142.5                  6.5048                       7.0718       8.327900            0.2464              4337.185547             0.994517
2010-07-15 21:00:00+00:00                    4109.935547                    1.08380           6.0807                         0.942                       142.5                  6.5328                       7.1325       8.327900            0.2477              4134.869141             0.993970
2010-07-16 00:00:00+00:00                    3923.645996                    1.05260           6.0748                         0.945                       142.5                  6.5742                       7.2188       8.327900            0.2528              3949.821289             0.993373
2010-07-16 03:00:00+00:00                    3728.054688                    1.02057           6.1104                         0.946                       142.5                  6.6219                       7.2952       8.327900            0.2578              3754.415283             0.992979
2010-07-16 06:00:00+00:00                    3450.090576                    0.97810           6.1234                         0.947                       142.5                  6.6460                       7.3491       8.327900            0.2637              3475.244141             0.992762
2010-07-16 09:00:00+00:00                    3207.715088                    0.94143           6.1294                         0.948                       142.5                  6.6544                       7.3744       8.327900            0.2680              3231.207275             0.992730
2010-07-16 12:00:00+00:00                    3051.163574                    0.91467           6.1642                         0.948                       142.5                  6.6910                       7.4290       8.327900            0.2725              3073.891846             0.992606
2010-07-16 15:00:00+00:00                    3017.441650                    0.90427           6.1077                         0.949                       142.5                  6.7106                       7.5159       8.327900            0.2805              3041.396484             0.992124
2010-07-16 18:00:00+00:00                    3004.481445                    0.90837           5.2811                         0.948                       142.5                  6.2512                       7.4295       8.327900            0.3175              3031.908447             0.990954
2010-07-16 21:00:00+00:00                    2822.858643                    0.89980           4.8970                         0.946                       157.5                  5.8123                       7.1163       8.327900            0.3526              2843.271729             0.992821
2010-07-17 00:00:00+00:00                    2721.560059                    0.89949           4.8738                         0.945                       157.5                  5.6703                       6.8658       8.327900            0.3559              2736.469727             0.994551
2010-07-17 03:00:00+00:00                    2851.194580                    0.92979           4.9026                         0.946                       157.5                  5.6291                       6.7323       8.327900            0.3511              2864.393799             0.995392
2010-07-17 06:00:00+00:00                    2938.875244                    0.95321           4.9002                         0.947                       157.5                  5.5661                       6.6025       8.327900            0.3510              2949.778564             0.996304
2010-07-17 09:00:00+00:00                    3021.243408                    0.98038           4.8834                         0.947                       157.5                  5.4739                       6.4165       8.327900            0.3497              3028.479004             0.997611
2010-07-17 12:00:00+00:00                    3241.854980                    1.02556           4.9751                         0.947                       157.5                  5.4848                       6.2900       8.327900            0.3332              3245.828125             0.998776
2010-07-17 15:00:00+00:00                    3554.898926                    1.07123           5.1313                         0.951                       157.5                  5.6113                       6.3209       8.327900            0.3085              3559.517334             0.998703
2010-07-17 18:00:00+00:00                    3935.834717                    1.12528           4.9144                         0.952                       157.5                  5.5330                       6.3500       8.327900            0.3092              3946.663574             0.997256
2010-07-17 21:00:00+00:00                    4147.805176                    1.16215           4.6303                         0.951                       157.5                  5.3150                       6.2799       6.933700            0.3334              4161.013672             0.996826
2010-07-18 00:00:00+00:00                    4108.602539                    1.16100           4.6496                         0.950                       157.5                  5.2944                       6.2312       6.933700            0.3373              4119.174316             0.997434
2010-07-18 03:00:00+00:00                    3920.695312                    1.13151           4.8431                         0.954                       157.5                  5.4179                       6.2545       8.327900            0.3252              3927.843994             0.998180
2010-07-18 06:00:00+00:00                    3547.512207                    1.07745           4.9343                         0.957                       157.5                  5.4638                       6.2391       8.327900            0.3183              3552.337646             0.998642
2010-07-18 09:00:00+00:00                    3306.397217                    1.04895           4.8718                         0.956                       157.5                  5.3928                       6.1373       8.327900            0.3145              3309.601074             0.999032
2010-07-18 12:00:00+00:00                    3176.623047                    1.02802           5.0125                         0.958                       157.5                  5.4751                       6.1356       5.773000            0.2981              3177.926025             0.999590
2010-07-18 15:00:00+00:00                    3025.480957                    1.00067           5.1292                         0.959                       157.5                  5.5582                       6.1653       6.326800            0.2844              3026.284424             0.999735
2010-07-18 18:00:00+00:00                    2825.748047                    0.96160           5.2208                         0.961                       157.5                  5.6437                       6.2346       6.933700            0.2769              2827.364746             0.999428
2010-07-18 21:00:00+00:00                    2610.558594                    0.91948           5.2821                         0.961                       157.5                  5.7068                       6.2988       6.933700            0.2752              2612.894775             0.999106
2010-07-19 00:00:00+00:00                    2379.371582                    0.87481           5.3074                         0.961                       157.5                  5.7375                       6.3418       7.598900            0.2781              2382.046875             0.998877
2010-07-19 03:00:00+00:00                    2115.759033                    0.82275           5.2966                         0.961                       157.5                  5.7427                       6.3753       7.598900            0.2849              2118.597656             0.998660
2010-07-19 06:00:00+00:00                    1844.574463                    0.76447           5.2757                         0.961                       157.5                  5.7546                       6.4379       7.598900            0.2948              1847.854370             0.998225
2010-07-19 09:00:00+00:00                    1674.866699                    0.72264           5.2884                         0.962                       157.5                  5.8032                       6.5413       7.598900            0.3036              1678.902344             0.997596
2010-07-19 12:00:00+00:00                    1588.660400                    0.69385           5.3545                         0.963                       157.5                  5.9175                       6.7280       8.327900            0.3130              1594.055786             0.996615
2010-07-19 15:00:00+00:00                    1591.380615                    0.69918           4.7093                         0.963                       157.5                  5.5450                       6.6569       8.327900            0.3454              1600.735718             0.994156
2010-07-19 18:00:00+00:00                    1731.139526                    0.78554           3.7559                         0.946                       157.5                  4.4363                       5.7609       8.327900            0.4514              1737.697021             0.996226
2010-07-19 21:00:00+00:00                    1814.671021                    0.82069           3.7839                         0.933                       157.5                  4.3789                       5.5302       8.327900            0.4491              1817.807861             0.998274
2010-07-20 00:00:00+00:00                    1791.344971                    0.81182           4.0073                         0.935                       157.5                  4.5541                       5.5661       8.327900            0.4242              1790.721191             1.000348
2010-07-20 03:00:00+00:00                    1751.311035                    0.79927           4.1699                         0.942                       157.5                  4.6871                       5.6077       8.327900            0.4035              1749.262939             1.001171
2010-07-20 06:00:00+00:00                    1761.177612                    0.79824           4.3063                         0.949                       157.5                  4.7993                       5.6498       4.806500            0.3853              1758.372192             1.001595
2010-07-20 09:00:00+00:00                    1876.834351                    0.82108           4.4525                         0.953                       157.5                  4.9143                       5.6869       5.267700            0.3650              1873.137451             1.001974
2010-07-20 12:00:00+00:00                    2034.328491                    0.84643           4.6329                         0.956                       157.5                  5.0798                       5.7976       5.267700            0.3437              2030.900513             1.001688
2010-07-20 15:00:00+00:00                    2192.127686                    0.86795           4.8139                         0.959                       157.5                  5.2547                       5.9390       5.267700            0.3266              2189.725586             1.001097
2010-07-20 18:00:00+00:00                    2284.510254                    0.87438           4.9747                         0.963                       157.5                  5.4212                       6.0968       5.773000            0.3154              2283.852783             1.000288
2010-07-20 21:00:00+00:00                    2327.569336                    0.87326           5.1094                         0.966                       157.5                  5.5593                       6.2263       6.326800            0.3063              2328.500488             0.999600
2010-07-21 00:00:00+00:00                    2299.369629                    0.86332           5.1854                         0.967                       157.5                  5.6337                       6.2927       6.326800            0.3009              2301.132080             0.999234
2010-07-21 03:00:00+00:00                    2154.456055                    0.83352           5.1993                         0.968                       157.5                  5.6561                       6.3251       6.326800            0.3007              2156.546631             0.999031
2010-07-21 06:00:00+00:00                    1920.496216                    0.78573           5.1739                         0.969                       157.5                  5.6486                       6.3455       6.326800            0.3052              1922.799683             0.998802
2010-07-21 09:00:00+00:00                    1662.341675                    0.73018           5.1190                         0.969                       157.5                  5.6190                       6.3608       6.933700            0.3139              1664.714233             0.998575
2010-07-21 12:00:00+00:00                    1457.286743                    0.68265           5.0727                         0.968                       157.5                  5.5969                       6.3806       9.126800            0.3213              1459.775269             0.998295
2010-07-21 15:00:00+00:00                    1320.080200                    0.65021           4.9213                         0.968                       157.5                  5.5166                       6.3758       9.126800            0.3305              1323.291870             0.997573
2010-07-21 18:00:00+00:00                    1257.427124                    0.65052           4.0962                         0.966                       157.5                  4.8908                       6.0993       9.126800            0.3838              1264.662598             0.994279
2010-07-21 21:00:00+00:00                    1288.833984                    0.67359           3.8547                         0.960                       157.5                  4.5608                       5.8321       9.126800            0.4265              1294.133423             0.995905
2010-07-22 00:00:00+00:00                    1357.682617                    0.69628           3.8615                         0.954                       157.5                  4.5075                       5.7441       9.126800            0.4431              1361.087646             0.997498
2010-07-22 03:00:00+00:00                    1440.314331                    0.71637           3.9900                         0.953                       157.5                  4.5947                       5.7486       9.126800            0.4387              1441.938599             0.998874
2010-07-22 06:00:00+00:00                    1507.761597                    0.73482           4.1048                         0.952                       157.5                  4.6650                       5.7139       9.126800            0.4265              1507.646118             1.000077
2010-07-22 09:00:00+00:00                    1542.467285                    0.74721           4.2052                         0.954                       157.5                  4.7194                       5.6497       9.126800            0.4075              1540.711304             1.001140
2010-07-22 12:00:00+00:00                    1614.301758                    0.76874           4.3140                         0.955                       157.5                  4.7794                       5.5830       5.267700            0.3825              1610.776123             1.002189
2010-07-22 15:00:00+00:00                    1711.686890                    0.78768           4.4611                         0.958                       157.5                  4.9027                       5.6346       5.267700            0.3614              1707.369141             1.002529
2010-07-22 18:00:00+00:00                    1807.850708                    0.80054           4.6107                         0.960                       157.5                  5.0488                       5.7581       5.267700            0.3491              1803.781616             1.002256
2010-07-22 21:00:00+00:00                    1878.490234                    0.80357           4.7573                         0.962                       157.5                  5.2116                       5.9358       5.773000            0.3424              1875.875122             1.001394
2010-07-23 00:00:00+00:00                    1950.512085                    0.80350           4.9173                         0.963                       157.5                  5.4012                       6.1625       5.773000            0.3381              1950.266357             1.000126
2010-07-23 03:00:00+00:00                    1995.387451                    0.79746           5.0555                         0.963                       157.5                  5.5804                       6.3986       9.126800            0.3369              1997.955444             0.998715
2010-07-23 06:00:00+00:00                    1918.941528                    0.77383           5.1170                         0.963                       157.5                  5.6737                       6.5342       9.126800            0.3375              1923.000366             0.997889
2010-07-23 09:00:00+00:00                    1735.152466                    0.72804           5.2359                         0.962                       157.5                  5.8029                       6.6729       9.126800            0.3334              1739.976807             0.997227
2010-07-23 12:00:00+00:00                    1515.404663                    0.67598           5.3196                         0.961                       157.5                  5.8851                       6.7579       9.126800            0.3321              1520.046997             0.996946
2010-07-23 15:00:00+00:00                    1349.982910                    0.63474           5.3886                         0.960                       157.5                  5.9466                       6.8254       9.126800            0.3340              1354.264160             0.996839
2010-07-23 18:00:00+00:00                    1235.521118                    0.60998           4.6259                         0.958                       157.5                  5.5346                       6.7904       9.126800            0.3689              1243.950928             0.993223
2010-07-23 21:00:00+00:00                    1231.962280                    0.62353           3.9867                         0.950                       157.5                  4.8851                       6.4933       9.126800            0.4334              1240.370361             0.993221
2010-07-24 00:00:00+00:00                    1246.144043                    0.62146           4.2270                         0.953                       157.5                  5.0658                       6.5954       9.126800            0.4280              1252.419067             0.994990
2010-07-24 03:00:00+00:00                    1257.793091                    0.61855           4.4064                         0.959                       157.5                  5.2438                       6.7149       9.126800            0.4161              1264.257568             0.994887
2010-07-24 06:00:00+00:00                    1253.145874                    0.61822           4.5149                         0.961                       157.5                  5.2963                       6.6921      10.002400            0.4144              1258.419312             0.995809
2010-07-24 09:00:00+00:00                    1225.324219                    0.61654           4.5264                         0.962                       157.5                  5.2525                       6.5782       9.126800            0.4176              1229.304321             0.996762
2010-07-24 12:00:00+00:00                    1201.965698                    0.62052           4.4828                         0.962                       157.5                  5.1409                       6.3714       9.126800            0.4222              1204.333252             0.998034
2010-07-24 15:00:00+00:00                    1142.810547                    0.61021           4.4697                         0.963                       157.5                  5.0974                       6.2655       9.126800            0.4198              1144.439087             0.998577
2010-07-24 18:00:00+00:00                    1059.771729                    0.58826           4.4764                         0.964                       157.5                  5.1036                       6.2529       9.126800            0.4150              1061.353516             0.998510
2010-07-24 21:00:00+00:00                    1000.068054                    0.57793           3.9602                         0.964                       157.5                  4.7507                       6.1450       9.126800            0.4366              1005.968689             0.994134
2010-07-25 00:00:00+00:00                    1071.399536                    0.59244           4.0609                         0.964                       157.5                  4.8441                       6.2528       9.126800            0.4275              1076.472656             0.995287
2010-07-25 03:00:00+00:00                    1148.245728                    0.60418           4.1805                         0.965                       157.5                  5.0081                       6.4386       9.126800            0.4134              1154.326904             0.994732
2010-07-25 06:00:00+00:00                    1172.717529                    0.60739           4.2635                         0.965                       157.5                  5.0823                       6.5002       9.126800            0.4103              1178.295410             0.995266
2010-07-25 09:00:00+00:00                    1232.772217                    0.62337           4.2727                         0.967                       157.5                  5.0865                       6.4861       8.327900            0.4094              1238.296875             0.995538
2010-07-25 12:00:00+00:00                    1263.574219                    0.63862           4.1841                         0.965                       157.5                  4.9501                       6.3346       8.327900            0.4235              1267.922241             0.996571
2010-07-25 15:00:00+00:00                    1314.105469                    0.66561           4.0696                         0.959                       157.5                  4.7533                       6.0657       8.327900            0.4424              1316.412476             0.998248
2010-07-25 18:00:00+00:00                    1411.868042                    0.70135           4.0925                         0.952                       157.5                  4.6939                       5.8662       8.327900            0.4437              1411.538330             1.000234
2010-07-25 21:00:00+00:00                    1647.958618                    0.76654           4.2712                         0.944                       157.5                  4.7751                       5.7251       8.327900            0.4188              1643.960571             1.002432
2010-07-26 00:00:00+00:00                    1946.983276                    0.82978           4.5203                         0.942                       157.5                  4.9709                       5.7671       5.267700            0.3813              1941.106079             1.003028
2010-07-26 03:00:00+00:00                    2059.974854                    0.84408           4.7071                         0.942                       157.5                  5.1452                       5.8942       5.773000            0.3611              2054.675049             1.002579
2010-07-26 06:00:00+00:00                    1968.031372                    0.82076           4.7715                         0.938                       157.5                  5.2082                       5.9544       5.773000            0.3576              1963.378540             1.002370
2010-07-26 09:00:00+00:00                    1892.514771                    0.80358           4.8069                         0.934                       157.5                  5.2377                       5.9727       5.773000            0.3543              1888.070068             1.002354
2010-07-26 12:00:00+00:00                    1829.573608                    0.78836           4.8267                         0.934                       157.5                  5.2653                       5.9995       5.773000            0.3510              1825.722168             1.002110
2010-07-26 15:00:00+00:00                    1781.912476                    0.77446           4.8895                         0.933                       157.5                  5.3292                       6.0544       6.326800            0.3451              1778.714233             1.001798
2010-07-26 18:00:00+00:00                    1713.284302                    0.75511           4.9164                         0.930                       157.5                  5.3763                       6.1237       6.326800            0.3451              1711.125366             1.001262
2010-07-26 21:00:00+00:00                    1627.331787                    0.73284           4.8305                         0.925                       157.5                  5.3441                       6.1771       6.326800            0.3566              1626.344727             1.000607
2010-07-27 00:00:00+00:00                    1514.150879                    0.70815           4.6729                         0.921                       157.5                  5.2245                       6.1572       7.598900            0.3762              1513.501953             1.000429
2010-07-27 03:00:00+00:00                    1296.331665                    0.64176           4.9803                         0.915                       157.5                  5.5161                       6.4116       7.598900            0.3617              1296.684326             0.999728
2010-07-27 06:00:00+00:00                    1102.209595                    0.58089           5.2699                         0.907                       157.5                  5.7930                       6.6489       7.598900            0.3477              1103.526733             0.998806
2010-07-27 09:00:00+00:00                     970.928528                    0.53960           5.4047                         0.898                       157.5                  5.9339                       6.7848       7.598900            0.3427               972.614258             0.998267
2010-07-27 12:00:00+00:00                     885.212524                    0.51057           5.4945                         0.885                       157.5                  6.0504                       6.9074       7.598900            0.3381               887.276550             0.997674
2010-07-27 15:00:00+00:00                     842.473328                    0.49243           5.7088                         0.869                       157.5                  6.2515                       7.0634       7.598900            0.3265               844.915405             0.997110
2010-07-27 18:00:00+00:00                     836.062744                    0.48511           5.9370                         0.860                       142.5                  6.4557                       7.2179       6.933700            0.3157               838.830688             0.996700
2010-07-27 21:00:00+00:00                     856.504395                    0.48544           6.1272                         0.859                       142.5                  6.6391                       7.3789       6.933700            0.3102               859.683533             0.996302
2010-07-28 00:00:00+00:00                     878.522156                    0.48656           6.2560                         0.864                       142.5                  6.7726                       7.5286       6.933700            0.3108               882.107971             0.995935
2010-07-28 03:00:00+00:00                     890.835022                    0.48379           6.2635                         0.873                       142.5                  6.8880                       7.7200      10.961900            0.3122               895.474548             0.994819
2010-07-28 06:00:00+00:00                     893.244873                    0.48077           5.7260                         0.887                       142.5                  6.6960                       7.8462      10.961900            0.3281               899.588501             0.992948
2010-07-28 09:00:00+00:00                     884.306885                    0.48184           5.3317                         0.901                       157.5                  6.3330                       7.7343      10.961900            0.3571               890.005737             0.993597
2010-07-28 12:00:00+00:00                     839.664734                    0.46776           5.4381                         0.918                       157.5                  6.3959                       7.7918      10.961900            0.3558               845.330688             0.993297
2010-07-28 15:00:00+00:00                     813.350525                    0.49360           3.5323                         0.934                       157.5                  4.6392                       6.8728      10.002400            0.4766               824.920715             0.985974
2010-07-28 18:00:00+00:00                    1087.190063                    0.67364           3.0740                         0.894                       172.5                  3.5673                       4.9588      10.002400            0.6060              1093.847290             0.993914
2010-07-28 21:00:00+00:00                    1531.596191                    0.84178           3.1445                         0.897                       172.5                  3.5487                       4.4772       4.001900            0.5361              1537.021240             0.996470
2010-07-29 00:00:00+00:00                    2394.839600                    1.04359           3.5057                         0.888                       172.5                  3.8716                       4.5250       4.385800            0.4162              2388.350342             1.002717
2010-07-29 03:00:00+00:00                    3668.928223                    1.24594           3.8964                         0.886                       172.5                  4.2742                       4.8449       5.267700            0.3377              3653.091064             1.004335
2010-07-29 06:00:00+00:00                    4434.813477                    1.30659           4.3854                         0.903                       172.5                  4.7740                       5.3104       5.773000            0.2945              4417.642090             1.003887
2010-07-29 09:00:00+00:00                    4895.656250                    1.31870           4.8383                         0.926                       172.5                  5.2302                       5.7472       5.773000            0.2691              4884.880371             1.002206
2010-07-29 12:00:00+00:00                    5479.972168                    1.34680           5.3184                         0.934                       172.5                  5.6773                       6.1613       6.326800            0.2499              5478.229492             1.000318
2010-07-29 15:00:00+00:00                    6192.241211                    1.39435           5.6621                         0.945                       157.5                  6.0120                       6.4931       6.933700            0.2410              6202.494141             0.998347
2010-07-29 18:00:00+00:00                    6643.190918                    1.41275           5.9302                         0.953                       157.5                  6.2888                       6.7847       7.598900            0.2375              6666.848633             0.996451
2010-07-29 21:00:00+00:00                    6284.782227                    1.36393           6.0174                         0.957                       157.5                  6.3813                       6.8859       7.598900            0.2374              6311.215820             0.995812
2010-07-30 00:00:00+00:00                    5527.557129                    1.27964           5.9874                         0.960                       157.5                  6.3619                       6.8805       7.598900            0.2407              5550.693848             0.995832
2010-07-30 03:00:00+00:00                    4515.447754                    1.16089           5.8909                         0.964                       157.5                  6.2841                       6.8297       7.598900            0.2486              4532.944336             0.996140
2010-07-30 06:00:00+00:00                    3498.718262                    1.02676           5.7471                         0.968                       157.5                  6.1706                       6.7656       8.327900            0.2626              3511.116455             0.996469
2010-07-30 09:00:00+00:00                    2750.472168                    0.91733           5.5860                         0.971                       157.5                  6.0299                       6.6642       8.327900            0.2763              2758.614990             0.997048
2010-07-30 12:00:00+00:00                    2144.862549                    0.82189           5.3741                         0.970                       157.5                  5.8221                       6.4754       8.327900            0.2896              2148.873047             0.998134
2010-07-30 15:00:00+00:00                    1825.551025                    0.76724           5.2540                         0.970                       157.5                  5.6871                       6.3253       6.326800            0.2939              1827.274170             0.999057
2010-07-30 18:00:00+00:00                    1615.890137                    0.72956           5.1873                         0.968                       157.5                  5.5910                       6.1925       6.326800            0.2923              1616.011719             0.999925
2010-07-30 21:00:00+00:00                    1428.500610                    0.69387           5.1210                         0.964                       157.5                  5.4946                       6.0523       6.326800            0.2868              1427.274048             1.000859
2010-07-31 00:00:00+00:00                    1343.756714                    0.67686           5.1144                         0.961                       157.5                  5.4686                       5.9835       6.326800            0.2751              1342.069092             1.001257
2010-07-31 03:00:00+00:00                    1329.185303                    0.67392           5.1571                         0.960                       172.5                  5.4942                       5.9703       6.326800            0.2617              1327.378296             1.001361
2010-07-31 06:00:00+00:00                    1344.195435                    0.67718           5.1790                         0.964                       172.5                  5.5168                       5.9797       6.326800            0.2542              1342.449707             1.001300
2010-07-31 09:00:00+00:00                    1414.259277                    0.69389           5.1136                         0.965                       172.5                  5.4900                       5.9923       6.326800            0.2609              1412.613647             1.001165
2010-07-31 12:00:00+00:00                    1504.296753                    0.71244           5.0895                         0.959                       172.5                  5.4951                       6.0448       6.933700            0.2748              1502.749146             1.001030
2010-07-31 15:00:00+00:00                    1556.132080                    0.71860           5.1152                         0.949                       157.5                  5.5423                       6.1438       6.326800            0.2923              1554.962402             1.000752
2010-07-31 18:00:00+00:00                    1541.614014                    0.70641           5.1603                         0.937                       157.5                  5.6217                       6.2966       6.326800            0.3109              1541.673950             0.999961
2010-07-31 21:00:00+00:00                    1511.283081                    0.68607           5.2299                         0.920                       157.5                  5.7631                       6.5448       6.326800            0.3239              1514.123535             0.998124
2010-08-01 00:00:00+00:00                    1461.933838                    0.66398           5.3246                         0.911                       157.5                  5.9164                       6.7606      10.002400            0.3216              1467.172119             0.996430
2010-08-01 03:00:00+00:00                    1363.436035                    0.63852           5.3550                         0.912                       157.5                  5.9611                       6.8180       9.126800            0.3191              1368.885010             0.996019
2010-08-01 06:00:00+00:00                    1238.820923                    0.60871           5.3250                         0.913                       157.5                  5.9426                       6.8169       9.126800            0.3207              1243.842407             0.995963
2010-08-01 09:00:00+00:00                    1133.104248                    0.58319           5.2745                         0.913                       157.5                  5.9009                       6.7930       9.126800            0.3239              1137.539429             0.996101
2010-08-01 12:00:00+00:00                    1043.782959                    0.55896           5.2834                         0.914                       157.5                  5.9252                       6.8129       7.598900            0.3203              1048.187378             0.995798
2010-08-01 15:00:00+00:00                     983.669373                    0.54167           5.3807                         0.915                       157.5                  5.9986                       6.8369       7.598900            0.3112               987.978455             0.995638
2010-08-01 18:00:00+00:00                     947.369873                    0.53515           5.2856                         0.916                       142.5                  5.9207                       6.7499       7.598900            0.3066               951.484009             0.995676
2010-08-01 21:00:00+00:00                     905.457275                    0.54134           4.1477                         0.918                       142.5                  5.1110                       6.3561       6.933700            0.3508               914.291565             0.990338
2010-08-02 00:00:00+00:00                     834.040222                    0.54616           3.8316                         0.910                       157.5                  4.5371                       5.7438       6.933700            0.4006               837.402832             0.995984
2010-08-02 03:00:00+00:00                     726.779358                    0.51267           3.9521                         0.910                       157.5                  4.6018                       5.6741       6.933700            0.3845               728.546021             0.997575
2010-08-02 06:00:00+00:00                     620.479797                    0.47830           3.9722                         0.911                       157.5                  4.5791                       5.5648       6.326800            0.3759               621.446716             0.998444
2010-08-02 09:00:00+00:00                     528.763611                    0.44777           3.9033                         0.913                       157.5                  4.4775                       5.4138       6.326800            0.3746               529.308899             0.998970
2010-08-02 12:00:00+00:00                     458.161865                    0.42318           3.8299                         0.914                       157.5                  4.3682                       5.2547       6.326800            0.3747               458.368500             0.999549
2010-08-02 15:00:00+00:00                     405.257263                    0.40340           3.7057                         0.916                       157.5                  4.2441                       5.1249       6.326800            0.3788               405.865509             0.998501
2010-08-02 18:00:00+00:00                     403.865356                    0.42736           2.9558                         0.916                       157.5                  3.5193                       4.6429       6.326800            0.4655               411.292633             0.981942
2010-08-02 21:00:00+00:00                     545.996521                    0.49234           3.0693                         0.907                       157.5                  3.5675                       4.6845       5.773000            0.4969               550.924927             0.991054
2010-08-03 00:00:00+00:00                     824.700989                    0.56506           3.4980                         0.901                       142.5                  4.0949                       5.3236       7.598900            0.4621               828.360046             0.995583
2010-08-03 03:00:00+00:00                    1111.516602                    0.62854           3.8201                         0.906                       142.5                  4.5046                       5.7795       7.598900            0.4282              1116.244995             0.995764
2010-08-03 06:00:00+00:00                    1456.478271                    0.69556           4.1517                         0.911                       142.5                  4.8975                       6.1682       7.598900            0.3974              1462.885132             0.995620
2010-08-03 09:00:00+00:00                    1866.787231                    0.77220           4.3161                         0.909                       142.5                  5.1196                       6.4099       7.598900            0.3826              1876.844116             0.994642
2010-08-03 12:00:00+00:00                    2382.717529                    0.85937           4.5889                         0.902                       142.5                  5.3767                       6.5958       7.598900            0.3661              2395.031982             0.994858
2010-08-03 15:00:00+00:00                    3185.175293                    0.98065           4.7832                         0.898                       127.5                  5.5894                       6.7674       8.327900            0.3507              3203.733887             0.994207
2010-08-03 18:00:00+00:00                    3998.338867                    1.09584           4.9112                         0.891                       127.5                  5.6809                       6.7997       8.327900            0.3433              4020.583984             0.994467
2010-08-03 21:00:00+00:00                    4752.501953                    1.21923           4.5492                         0.876                       142.5                  5.3264                       6.5380       8.327900            0.3697              4776.651855             0.994944
2010-08-04 00:00:00+00:00                    5219.127930                    1.28409           4.7630                         0.874                       142.5                  5.4373                       6.4667       8.327900            0.3521              5237.981445             0.996401
2010-08-04 03:00:00+00:00                    5492.350098                    1.32225           4.8165                         0.877                       142.5                  5.4645                       6.4176       8.327900            0.3388              5509.861328             0.996822
2010-08-04 06:00:00+00:00                    5894.335938                    1.38143           4.7703                         0.872                       142.5                  5.4013                       6.3117       8.327900            0.3324              5910.480957             0.997268
2010-08-04 09:00:00+00:00                    6434.817383                    1.43893           4.9250                         0.874                       142.5                  5.5207                       6.3476       8.327900            0.3122              6450.848145             0.997515
2010-08-04 12:00:00+00:00                    6849.974609                    1.46552           5.1995                         0.883                       142.5                  5.7687                       6.5109       8.327900            0.2868              6871.465332             0.996872
2010-08-04 15:00:00+00:00                    7182.672363                    1.47935           5.4768                         0.894                       142.5                  6.0198                       6.6971       7.598900            0.2661              7211.420410             0.996014
2010-08-04 18:00:00+00:00                    7502.271484                    1.49149           5.7575                         0.905                       157.5                  6.2612                       6.8786       7.598900            0.2500              7538.529297             0.995190
2010-08-04 21:00:00+00:00                    7184.086426                    1.45449           5.6841                         0.911                       157.5                  6.2500                       6.9265       7.598900            0.2586              7221.499512             0.994819
2010-08-05 00:00:00+00:00                    6548.600098                    1.38506           5.6964                         0.912                       157.5                  6.2478                       6.9589       7.598900            0.2745              6580.650879             0.995130
2010-08-05 03:00:00+00:00                    6319.978516                    1.35920           5.6490                         0.912                       157.5                  6.2220                       6.9739       7.598900            0.2850              6351.544922             0.995030
2010-08-05 06:00:00+00:00                    6268.666016                    1.35495           5.6694                         0.912                       157.5                  6.2222                       6.9609       7.598900            0.2843              6299.543457             0.995098
2010-08-05 09:00:00+00:00                    6278.573242                    1.35821           5.7556                         0.913                       142.5                  6.2580                       6.9382       8.327900            0.2746              6308.244141             0.995296
2010-08-05 12:00:00+00:00                    6242.480957                    1.35647           5.7717                         0.916                       142.5                  6.2666                       6.9172       8.327900            0.2661              6272.121582             0.995274
2010-08-05 15:00:00+00:00                    6198.228027                    1.35928           5.4930                         0.915                       142.5                  6.1043                       6.8454       8.327900            0.2731              6229.615234             0.994962
2010-08-05 18:00:00+00:00                    6010.124023                    1.34377           5.4497                         0.910                       142.5                  6.0487                       6.7921       8.327900            0.2743              6038.594238             0.995285
2010-08-05 21:00:00+00:00                    5518.898926                    1.29325           5.4117                         0.906                       142.5                  6.0023                       6.7346       7.598900            0.2736              5543.489746             0.995564
2010-08-06 00:00:00+00:00                    4775.913574                    1.21112           5.4629                         0.902                       157.5                  5.9761                       6.6430       7.598900            0.2694              4792.541016             0.996531
2010-08-06 03:00:00+00:00                    4023.241699                    1.12546           5.3879                         0.903                       157.5                  5.8545                       6.4801       7.598900            0.2694              4032.486572             0.997707
2010-08-06 06:00:00+00:00                    3455.847656                    1.05751           5.2839                         0.906                       157.5                  5.7175                       6.3051       6.933700            0.2681              3459.868652             0.998838
2010-08-06 09:00:00+00:00                    3063.309814                    1.00508           5.2353                         0.912                       157.5                  5.6382                       6.1871       6.933700            0.2635              3064.279053             0.999684
2010-08-06 12:00:00+00:00                    2809.699951                    0.96713           5.2149                         0.921                       157.5                  5.6038                       6.1290       6.326800            0.2586              2809.460449             1.000085
2010-08-06 15:00:00+00:00                    2620.407471                    0.93642           5.1956                         0.929                       157.5                  5.5837                       6.0975       6.326800            0.2547              2619.757080             1.000248
2010-08-06 18:00:00+00:00                    2455.853760                    0.90784           5.1907                         0.935                       157.5                  5.5782                       6.0803       6.326800            0.2505              2455.044189             1.000330
2010-08-06 21:00:00+00:00                    2293.677490                    0.87696           5.2434                         0.939                       157.5                  5.6076                       6.0842       6.326800            0.2452              2292.400879             1.000557
2010-08-07 00:00:00+00:00                    2038.456055                    0.82490           5.2599                         0.942                       157.5                  5.6272                       6.1100       6.326800            0.2487              2037.275269             1.000580
2010-08-07 03:00:00+00:00                    1815.454712                    0.77481           5.2465                         0.943                       157.5                  5.6356                       6.1660       6.933700            0.2670              1814.553833             1.000497
2010-08-07 06:00:00+00:00                    1714.227417                    0.74234           5.3076                         0.943                       157.5                  5.7315                       6.3397       6.933700            0.2897              1714.661377             0.999747
2010-08-07 09:00:00+00:00                    1836.042725                    0.74737           5.5217                         0.942                       157.5                  5.9977                       6.6957       6.933700            0.3015              1840.158325             0.997763
2010-08-07 12:00:00+00:00                    2204.740967                    0.79255           5.8629                         0.941                       157.5                  6.3912                       7.1472       9.126800            0.2950              2215.929443             0.994951
2010-08-07 15:00:00+00:00                    2658.712646                    0.84593           6.2656                         0.943                       142.5                  6.8114                       7.5625       9.126800            0.2780              2679.001221             0.992427
2010-08-07 18:00:00+00:00                    2965.327393                    0.87887           6.0554                         0.948                       142.5                  6.8975                       7.8199       9.126800            0.2779              2995.570312             0.989904
2010-08-07 21:00:00+00:00                    2989.405518                    0.89425           5.0892                         0.942                       142.5                  6.1950                       7.6241       9.126800            0.3329              3019.494385             0.990035
2010-08-08 00:00:00+00:00                    2721.787842                    0.86151           5.0939                         0.937                       142.5                  6.0642                       7.4737       9.126800            0.3526              2744.243896             0.991817
2010-08-08 03:00:00+00:00                    2362.275146                    0.81788           4.9060                         0.930                       142.5                  5.7977                       7.1996       9.126800            0.3747              2378.014648             0.993381
2010-08-08 06:00:00+00:00                    2055.552979                    0.77861           4.7749                         0.924                       142.5                  5.5805                       6.9140       9.126800            0.3892              2065.491211             0.995188
2010-08-08 09:00:00+00:00                    1880.337646                    0.75968           4.6968                         0.924                       142.5                  5.4118                       6.6414       9.126800            0.3991              1885.139038             0.997453
2010-08-08 12:00:00+00:00                    1880.272583                    0.77069           4.6738                         0.935                       157.5                  5.3156                       6.4459       9.126800            0.4050              1880.485352             0.999887
2010-08-08 15:00:00+00:00                    2009.206177                    0.79093           4.6703                         0.948                       157.5                  5.3649                       6.5323       9.126800            0.4076              2008.316772             1.000443
2010-08-08 18:00:00+00:00                    2433.076660                    0.85463           4.4561                         0.956                       157.5                  5.3018                       6.7646       9.126800            0.4322              2432.183838             1.000367
2010-08-08 21:00:00+00:00                    3153.972412                    0.98138           4.0302                         0.954                       157.5                  4.8812                       6.6448       9.126800            0.4942              3147.669189             1.002002
2010-08-09 00:00:00+00:00                    4313.748047                    1.16390           4.1027                         0.937                       157.5                  4.8299                       6.4442       9.126800            0.5194              4287.677734             1.006080
2010-08-09 03:00:00+00:00                    5771.620117                    1.35222           4.2853                         0.924                       157.5                  4.9597                       6.3891      12.013500            0.4989              5735.728516             1.006258
2010-08-09 06:00:00+00:00                    7390.390625                    1.50423           4.7538                         0.926                       157.5                  5.4081                       6.6181       5.773000            0.4370              7363.990234             1.003585
2010-08-09 09:00:00+00:00                    8636.688477                    1.59696           5.1504                         0.938                       157.5                  5.8101                       6.8746       6.326800            0.3806              8637.124023             0.999950
2010-08-09 12:00:00+00:00                    9073.841797                    1.61427           5.5181                         0.947                       157.5                  6.1402                       7.0763       6.933700            0.3399              9097.214844             0.997431
2010-08-09 15:00:00+00:00                    8522.541992                    1.54987           5.8383                         0.954                       157.5                  6.3908                       7.2135       6.933700            0.3134              8556.695312             0.996009
2010-08-09 18:00:00+00:00                    7596.294922                    1.46249           5.9249                         0.958                       157.5                  6.4418                       7.2231       6.933700            0.3055              7629.714844             0.995620
2010-08-09 21:00:00+00:00                    6674.653809                    1.37596           5.8156                         0.959                       157.5                  6.3634                       7.1725       6.933700            0.3103              6703.879883             0.995640
2010-08-10 00:00:00+00:00                    5902.264160                    1.29564           5.7587                         0.959                       157.5                  6.3138                       7.1529      10.002400            0.3176              5927.000000             0.995827
2010-08-10 03:00:00+00:00                    5348.292480                    1.23403           5.7105                         0.959                       157.5                  6.2764                       7.1451      10.002400            0.3234              5370.564941             0.995853
2010-08-10 06:00:00+00:00                    5044.348145                    1.20022           5.6824                         0.958                       157.5                  6.2498                       7.1255       9.126800            0.3247              5065.675781             0.995790
2010-08-10 09:00:00+00:00                    4991.100586                    1.19722           5.7081                         0.958                       157.5                  6.2526                       7.0880       9.126800            0.3176              5012.532715             0.995724
2010-08-10 12:00:00+00:00                    5037.943848                    1.20324           5.7856                         0.959                       157.5                  6.3013                       7.0845       9.126800            0.3069              5060.444336             0.995554
2010-08-10 15:00:00+00:00                    5029.402832                    1.20049           5.8702                         0.959                       157.5                  6.3627                       7.1055       9.126800            0.2975              5053.017578             0.995327
2010-08-10 18:00:00+00:00                    4988.435547                    1.19186           5.9613                         0.960                       157.5                  6.4366                       7.1504       9.126800            0.2894              5013.687012             0.994963
2010-08-10 21:00:00+00:00                    4885.801270                    1.17188           6.0795                         0.960                       157.5                  6.5480                       7.2445       9.126800            0.2811              4914.043945             0.994253
2010-08-11 00:00:00+00:00                    4610.938965                    1.12926           6.1577                         0.955                       157.5                  6.6478                       7.3627       9.126800            0.2781              4641.423340             0.993432
2010-08-11 03:00:00+00:00                    4412.033203                    1.09712           6.1717                         0.950                       157.5                  6.7092                       7.4640       9.126800            0.2784              4444.435059             0.992710
2010-08-11 06:00:00+00:00                    4387.473145                    1.08825           6.0954                         0.945                       142.5                  6.7131                       7.5445       9.126800            0.2832              4422.535645             0.992072
2010-08-11 09:00:00+00:00                    4607.010742                    1.10950           6.0853                         0.944                       142.5                  6.7442                       7.6212       9.126800            0.2857              4646.188477             0.991568
2010-08-11 12:00:00+00:00                    5019.573242                    1.15047           6.1830                         0.943                       142.5                  6.8466                       7.7218       9.126800            0.2819              5065.202637             0.990992
2010-08-11 15:00:00+00:00                    5536.130371                    1.19902           6.3528                         0.943                       142.5                  7.0000                       7.8401       9.126800            0.2726              5590.692383             0.990241
2010-08-11 18:00:00+00:00                    6033.903809                    1.24262           6.5642                         0.944                       142.5                  7.1776                       7.9560       9.126800            0.2589              6098.441895             0.989417
2010-08-11 21:00:00+00:00                    6333.544434                    1.26786           6.7351                         0.944                       142.5                  7.3108                       8.0226       9.126800            0.2454              6404.868164             0.988864
2010-08-12 00:00:00+00:00                    6282.558594                    1.26351           6.7918                         0.944                       142.5                  7.3471                       8.0146       9.126800            0.2367              6354.289062             0.988711
2010-08-12 03:00:00+00:00                    5872.885254                    1.22773           6.7715                         0.942                       142.5                  7.2992                       7.9364       9.126800            0.2330              5937.675781             0.989088
2010-08-12 06:00:00+00:00                    5253.074219                    1.17090           6.6842                         0.940                       142.5                  7.1877                       7.8061       8.327900            0.2328              5307.136719             0.989813
2010-08-12 09:00:00+00:00                    4575.968262                    1.10327           6.5832                         0.937                       142.5                  7.0618                       7.6603       8.327900            0.2329              4619.002930             0.990683
2010-08-12 12:00:00+00:00                    3940.640625                    1.03336           6.4848                         0.935                       142.5                  6.9414                       7.5204       8.327900            0.2328              3974.237793             0.991546
2010-08-12 15:00:00+00:00                    3389.877197                    0.96619           6.4013                         0.933                       142.5                  6.8405                       7.4008       8.327900            0.2322              3416.227051             0.992287
2010-08-12 18:00:00+00:00                    2932.970215                    0.90519           6.3082                         0.931                       142.5                  6.7459                       7.2963       8.327900            0.2324              2953.963135             0.992893
2010-08-12 21:00:00+00:00                    2450.055176                    0.83482           6.1117                         0.928                       142.5                  6.5952                       7.1680       7.598900            0.2372              2466.118408             0.993486
2010-08-13 00:00:00+00:00                    2158.137451                    0.78997           5.8685                         0.926                       142.5                  6.4118                       7.0528       7.598900            0.2502              2171.004639             0.994073
2010-08-13 03:00:00+00:00                    1974.639282                    0.77120           5.2834                         0.924                       142.5                  5.9375                       6.7764       7.598900            0.2904              1984.116089             0.995224
2010-08-13 06:00:00+00:00                    1822.639526                    0.75305           5.0134                         0.922                       142.5                  5.6622                       6.5626       7.598900            0.3145              1829.388306             0.996311
2010-08-13 09:00:00+00:00                    1705.006714                    0.73892           4.8272                         0.918                       142.5                  5.4553                       6.3783       8.327900            0.3318              1709.704468             0.997252
2010-08-13 12:00:00+00:00                    1575.795776                    0.71479           4.7462                         0.915                       142.5                  5.3680                       6.3007       8.327900            0.3392              1579.541260             0.997629
2010-08-13 15:00:00+00:00                    1458.543091                    0.68916           4.7269                         0.915                       142.5                  5.3422                       6.2738       8.327900            0.3417              1461.753906             0.997803
2010-08-13 18:00:00+00:00                    1361.630249                    0.66695           4.6858                         0.915                       142.5                  5.3110                       6.2551       8.327900            0.3443              1364.794922             0.997681
2010-08-13 21:00:00+00:00                    1273.016357                    0.65100           4.3388                         0.915                       142.5                  5.0704                       6.1541       8.327900            0.3629              1278.398682             0.995790
2010-08-14 00:00:00+00:00                    1174.142700                    0.63028           4.2350                         0.915                       142.5                  4.9358                       6.0535       8.327900            0.3778              1177.898682             0.996811
2010-08-14 03:00:00+00:00                    1105.797363                    0.61140           4.3080                         0.915                       142.5                  4.9712                       6.0528       8.327900            0.3777              1108.254272             0.997783
2010-08-14 06:00:00+00:00                    1037.379639                    0.59007           4.3726                         0.916                       142.5                  5.0255                       6.0929       8.327900            0.3769              1039.405518             0.998051
2010-08-14 09:00:00+00:00                     970.154907                    0.56685           4.4270                         0.919                       142.5                  5.0871                       6.1711       8.327900            0.3795               972.053772             0.998047
2010-08-14 12:00:00+00:00                     921.260620                    0.54532           4.4914                         0.922                       142.5                  5.1821                       6.3266       8.327900            0.3865               923.288025             0.997804
2010-08-14 15:00:00+00:00                     920.247009                    0.53215           4.6208                         0.924                       142.5                  5.3775                       6.6286       8.327900            0.3917               923.152161             0.996853
2010-08-14 18:00:00+00:00                    1006.017151                    0.54325           4.4996                         0.922                       142.5                  5.4497                       6.9606       9.126800            0.3998              1012.610657             0.993489
2010-08-14 21:00:00+00:00                    1229.800293                    0.62501           3.3392                         0.903                       142.5                  4.3235                       6.5046      10.002400            0.4983              1248.533447             0.984996
2010-08-15 00:00:00+00:00                    1533.688232                    0.66461           4.2689                         0.900                       127.5                  5.2583                       7.0903       9.126800            0.4255              1545.222534             0.992536
2010-08-15 03:00:00+00:00                    1790.283325                    0.70862           4.4920                         0.903                       127.5                  5.5256                       7.2782       9.126800            0.3999              1805.586426             0.991525
2010-08-15 06:00:00+00:00                    2020.867798                    0.75533           4.4937                         0.897                       127.5                  5.5078                       7.2325       9.126800            0.4001              2037.931396             0.991627
2010-08-15 09:00:00+00:00                    2237.707031                    0.80232           4.4766                         0.887                       127.5                  5.4354                       7.0994       9.126800            0.4066              2254.952393             0.992352
2010-08-15 12:00:00+00:00                    2459.076904                    0.84377           4.5757                         0.885                       127.5                  5.4919                       7.0526       9.126800            0.4003              2476.708252             0.992881
2010-08-15 15:00:00+00:00                    2884.592529                    0.94312           4.1027                         0.875                       127.5                  4.9862                       6.6406       9.126800            0.4360              2905.100586             0.992941
2010-08-15 18:00:00+00:00                    3994.625977                    1.16957           3.9021                         0.848                       142.5                  4.5916                       5.9870       9.126800            0.4620              4009.536865             0.996281
2010-08-15 21:00:00+00:00                    4663.469727                    1.25953           4.0830                         0.851                       142.5                  4.7471                       6.0183       9.126800            0.4399              4675.395020             0.997449
2010-08-16 00:00:00+00:00                    4960.097168                    1.28220           4.3073                         0.852                       142.5                  4.9690                       6.1688       9.126800            0.4168              4971.604980             0.997685
2010-08-16 03:00:00+00:00                    4830.401367                    1.25169           4.4857                         0.859                       142.5                  5.1523                       6.3001       9.126800            0.3966              4843.110840             0.997376
2010-08-16 06:00:00+00:00                    4475.189941                    1.20886           4.5396                         0.859                       142.5                  5.1771                       6.2571       9.126800            0.3865              4485.158691             0.997777
2010-08-16 09:00:00+00:00                    4018.184082                    1.15373           4.5251                         0.861                       142.5                  5.1447                       6.1695       9.126800            0.3786              4025.731934             0.998125
2010-08-16 12:00:00+00:00                    3944.687500                    1.17976           4.1910                         0.848                       142.5                  4.7821                       5.8019       9.126800            0.3972              3948.470703             0.999042
2010-08-16 15:00:00+00:00                    4208.954590                    1.24637           4.0880                         0.826                       142.5                  4.6241                       5.5498       8.327900            0.3957              4208.036133             1.000218
2010-08-16 18:00:00+00:00                    4618.108398                    1.30262           4.2244                         0.817                       142.5                  4.7350                       5.5702       5.267700            0.3732              4613.984375             1.000894
2010-08-16 21:00:00+00:00                    4889.012695                    1.31865           4.4204                         0.829                       142.5                  4.9336                       5.7479       5.267700            0.3593              4885.128906             1.000795
2010-08-17 00:00:00+00:00                    5321.076172                    1.33827           4.7793                         0.847                       142.5                  5.2788                       6.0632       5.773000            0.3439              5319.283691             1.000337
2010-08-17 03:00:00+00:00                    6096.566406                    1.38807           5.2085                         0.864                       142.5                  5.6861                       6.4475       5.773000            0.3301              6101.630859             0.999170
2010-08-17 06:00:00+00:00                    7279.504395                    1.46930           5.6246                         0.875                       142.5                  6.1004                       6.8634       6.326800            0.3177              7298.940918             0.997337
2010-08-17 09:00:00+00:00                    8186.329102                    1.52498           5.9136                         0.881                       127.5                  6.3958                       7.1618       9.126800            0.3070              8221.703125             0.995697
2010-08-17 12:00:00+00:00                    8806.738281                    1.55986           6.1327                         0.889                       127.5                  6.6124                       7.3633       9.126800            0.2952              8856.698242             0.994359
2010-08-17 15:00:00+00:00                    8881.019531                    1.55440           6.2642                         0.892                       127.5                  6.7416                       7.4784       9.126800            0.2867              8939.538086             0.993454
2010-08-17 18:00:00+00:00                    8511.236328                    1.51903           6.1533                         0.892                       127.5                  6.7209                       7.5083       9.126800            0.2862              8573.275391             0.992764
2010-08-17 21:00:00+00:00                    7578.259277                    1.43830           5.8664                         0.890                       127.5                  6.5577                       7.4614       9.126800            0.2970              7635.685059             0.992479
2010-08-18 00:00:00+00:00                    6897.549805                    1.36970           6.0117                         0.892                       127.5                  6.6290                       7.4861       9.126800            0.2939              6948.818359             0.992622
2010-08-18 03:00:00+00:00                    6292.636230                    1.30786           6.0289                         0.894                       127.5                  6.6333                       7.4905       9.126800            0.2947              6339.445312             0.992616
2010-08-18 06:00:00+00:00                    5819.280273                    1.25757           6.0251                         0.897                       127.5                  6.6296                       7.4923       9.126800            0.2955              5862.771484             0.992582
2010-08-18 09:00:00+00:00                    5505.266113                    1.22463           6.0050                         0.899                       127.5                  6.6081                       7.4743       9.126800            0.2972              5545.600586             0.992727
2010-08-18 12:00:00+00:00                    5313.226074                    1.20436           5.9936                         0.900                       112.5                  6.5913                       7.4574       9.126800            0.2992              5350.772949             0.992983
2010-08-18 15:00:00+00:00                    5210.303711                    1.19118           6.0175                         0.901                       112.5                  6.6087                       7.4733       9.126800            0.3010              5246.049805             0.993186
2010-08-18 18:00:00+00:00                    5186.617188                    1.18424           5.9754                         0.901                       112.5                  6.6170                       7.5239       9.126800            0.3061              5222.071289             0.993211
2010-08-18 21:00:00+00:00                    5264.707520                    1.18032           6.0293                         0.902                       112.5                  6.7147                       7.6795       9.126800            0.3130              5300.664062             0.993217
2010-08-19 00:00:00+00:00                    5374.796875                    1.18034           6.0970                         0.904                       112.5                  6.8094                       7.8318       9.126800            0.3191              5411.796875             0.993163
2010-08-19 03:00:00+00:00                    5347.437500                    1.16828           6.0984                         0.906                       112.5                  6.8492                       7.9479      10.002400            0.3270              5384.790527             0.993063
2010-08-19 06:00:00+00:00                    5072.656250                    1.13491           6.0469                         0.904                       112.5                  6.8255                       7.9870      10.002400            0.3352              5107.981934             0.993084
2010-08-19 09:00:00+00:00                    4635.119141                    1.08961           5.9474                         0.900                       112.5                  6.7279                       7.9186      10.961900            0.3434              4665.766602             0.993431
2010-08-19 12:00:00+00:00                    4163.377930                    1.04428           5.8246                         0.892                       112.5                  6.5754                       7.7482      10.961900            0.3500              4188.355957             0.994036
2010-08-19 15:00:00+00:00                    3759.866211                    1.00570           5.7394                         0.883                       112.5                  6.4414                       7.5502      10.961900            0.3504              3780.040039             0.994663
2010-08-19 18:00:00+00:00                    3434.743652                    0.97218           5.6875                         0.879                       127.5                  6.3487                       7.3868      10.002400            0.3460              3451.833252             0.995049
2010-08-19 21:00:00+00:00                    3195.312012                    0.94862           5.3323                         0.878                       127.5                  6.1131                       7.2291      10.002400            0.3513              3212.817383             0.994551
2010-08-20 00:00:00+00:00                    2984.220947                    0.92990           4.9107                         0.875                       127.5                  5.7617                       7.0351      10.002400            0.3728              3000.313477             0.994636
2010-08-20 03:00:00+00:00                    2738.959717                    0.90126           4.7292                         0.867                       127.5                  5.5471                       6.8773      10.002400            0.3919              2752.073730             0.995235
2010-08-20 06:00:00+00:00                    2492.867920                    0.86853           4.6527                         0.855                       127.5                  5.4189                       6.7417      10.002400            0.4039              2503.036621             0.995937
2010-08-20 09:00:00+00:00                    2294.678711                    0.84310           4.5924                         0.844                       127.5                  5.3094                       6.5880      10.002400            0.4101              2302.350586             0.996668
2010-08-20 12:00:00+00:00                    2128.835205                    0.82033           4.5649                         0.840                       127.5                  5.2416                       6.4579       9.126800            0.4092              2134.676025             0.997264
2010-08-20 15:00:00+00:00                    2038.448730                    0.80867           4.5842                         0.838                       127.5                  5.2233                       6.3642       9.126800            0.4023              2042.983398             0.997780
2010-08-20 18:00:00+00:00                    2029.195312                    0.81117           4.6574                         0.834                       127.5                  5.2531                       6.2958       9.126800            0.3889              2032.567749             0.998341
2010-08-20 21:00:00+00:00                    2006.799072                    0.80807           4.7827                         0.831                       127.5                  5.3400                       6.2734       9.126800            0.3668              2009.570312             0.998621
2010-08-21 00:00:00+00:00                    1825.049805                    0.77111           4.8655                         0.833                       127.5                  5.4034                       6.2651       9.126800            0.3478              1827.417114             0.998705
2010-08-21 03:00:00+00:00                    1652.547729                    0.73502           4.9080                         0.835                       127.5                  5.4272                       6.2424       8.327900            0.3387              1654.085571             0.999070
2010-08-21 06:00:00+00:00                    1517.521851                    0.70274           4.9564                         0.841                       127.5                  5.4671                       6.2687       8.327900            0.3380              1518.640015             0.999264
2010-08-21 09:00:00+00:00                    1434.476929                    0.67524           5.0366                         0.856                       127.5                  5.5676                       6.4151       8.327900            0.3448              1436.325806             0.998713
2010-08-21 12:00:00+00:00                    1427.074341                    0.65909           5.1878                         0.878                       127.5                  5.7703                       6.6960       9.126800            0.3466              1431.177979             0.997133
2010-08-21 15:00:00+00:00                    1495.428101                    0.65892           5.4218                         0.897                       127.5                  6.0532                       7.0183       9.126800            0.3350              1502.691650             0.995166
2010-08-21 18:00:00+00:00                    1593.760864                    0.66863           5.4866                         0.908                       127.5                  6.2410                       7.2679       9.126800            0.3225              1605.153687             0.992902
2010-08-21 21:00:00+00:00                    1776.128662                    0.72015           4.2479                         0.905                       127.5                  5.3586                       7.0219       9.126800            0.3795              1795.908325             0.988986
2010-08-22 00:00:00+00:00                    1929.890747                    0.74487           4.8173                         0.906                       127.5                  5.7372                       7.1042       9.126800            0.3533              1944.962891             0.992251
2010-08-22 03:00:00+00:00                    1932.252808                    0.74648           5.0389                         0.907                       127.5                  5.8834                       7.0801       9.126800            0.3330              1946.423096             0.992720
2010-08-22 06:00:00+00:00                    1826.846436                    0.73749           4.9844                         0.902                       127.5                  5.7550                       6.8588       8.327900            0.3336              1837.578125             0.994160
2010-08-22 09:00:00+00:00                    1736.575684                    0.72759           4.9504                         0.901                       127.5                  5.6626                       6.6982       8.327900            0.3357              1744.725342             0.995329
2010-08-22 12:00:00+00:00                    1634.566162                    0.71251           4.9271                         0.899                       127.5                  5.5911                       6.5738       8.327900            0.3374              1640.645630             0.996294
2010-08-22 15:00:00+00:00                    1452.372437                    0.67796           4.8531                         0.899                       127.5                  5.5000                       6.4531       8.327900            0.3387              1456.885376             0.996902
2010-08-22 18:00:00+00:00                    1240.250732                    0.63817           4.4595                         0.897                       127.5                  5.1779                       6.2320       8.327900            0.3587              1244.734131             0.996398
2010-08-22 21:00:00+00:00                    1169.484009                    0.63764           4.0256                         0.877                       127.5                  4.7439                       5.9039       6.933700            0.3948              1174.547607             0.995689
2010-08-23 00:00:00+00:00                    1315.980713                    0.70404           3.6124                         0.852                       127.5                  4.2640                       5.4699       6.933700            0.4364              1322.636963             0.994967
2010-08-23 03:00:00+00:00                    1573.382568                    0.77606           3.7376                         0.843                       127.5                  4.3232                       5.3717       6.933700            0.4187              1577.147095             0.997613
2010-08-23 06:00:00+00:00                    1843.807739                    0.84659           3.7973                         0.835                       127.5                  4.3386                       5.2844       6.933700            0.4035              1845.219971             0.999235
2010-08-23 09:00:00+00:00                    2048.137695                    0.90303           3.7611                         0.835                       127.5                  4.2741                       5.1606       6.933700            0.3972              2048.505859             0.999820
2010-08-23 12:00:00+00:00                    2341.172363                    0.98348           3.6933                         0.833                       127.5                  4.1678                       4.9768       4.806500            0.3896              2340.237061             1.000400
2010-08-23 15:00:00+00:00                    2749.733643                    1.06528           3.7800                         0.838                       127.5                  4.2402                       4.9777       5.267700            0.3639              2746.234131             1.001274
2010-08-23 18:00:00+00:00                    3285.852783                    1.16052           3.8379                         0.842                       127.5                  4.2991                       5.0099       5.773000            0.3481              3281.047607             1.001464
2010-08-23 21:00:00+00:00                    3903.059814                    1.23343           4.0860                         0.859                       127.5                  4.5660                       5.2585       6.326800            0.3229              3896.897705             1.001581
2010-08-24 00:00:00+00:00                    4761.340332                    1.31244           4.4816                         0.883                       127.5                  4.9806                       5.6537       6.326800            0.2970              4756.792969             1.000956
2010-08-24 03:00:00+00:00                    5688.367188                    1.39411           4.7235                         0.897                       127.5                  5.2712                       5.9815       6.933700            0.2895              5691.412109             0.999465
2010-08-24 06:00:00+00:00                    6577.663574                    1.46629           4.9353                         0.906                       127.5                  5.5128                       6.2480       7.598900            0.2865              6588.792480             0.998311
2010-08-24 09:00:00+00:00                    7904.697266                    1.56207           5.2462                         0.915                       127.5                  5.8551                       6.6104       7.598900            0.2808              7931.523926             0.996618
2010-08-24 12:00:00+00:00                   10111.291992                    1.71259           5.5738                         0.922                       127.5                  6.2315                       7.0300       8.327900            0.2769             10168.817383             0.994343
2010-08-24 15:00:00+00:00                   11850.725586                    1.81625           5.8173                         0.928                       127.5                  6.5020                       7.3220       8.327900            0.2732             11936.653320             0.992801
2010-08-24 18:00:00+00:00                   13309.892578                    1.89061           6.1191                         0.932                       127.5                  6.7859                       7.5854       9.126800            0.2660             13424.291992             0.991478
2010-08-24 21:00:00+00:00                   15126.402344                    1.97490           6.6110                         0.936                       127.5                  7.1861                       7.8954       9.126800            0.2498             15280.073242             0.989943
2010-08-25 00:00:00+00:00                   16293.239258                    2.02391           6.9547                         0.942                       127.5                  7.4477                       8.0938       9.126800            0.2399             16474.279297             0.989011
2010-08-25 03:00:00+00:00                   17370.812500                    2.06710           7.1724                         0.946                       127.5                  7.6417                       8.2688       9.126800            0.2353             17578.273438             0.988198
2010-08-25 06:00:00+00:00                   18714.714844                    2.11940           7.3723                         0.947                       127.5                  7.8414                       8.4691      10.002400            0.2328             18953.607422             0.987396
2010-08-25 09:00:00+00:00                   20430.949219                    2.18754           7.4478                         0.950                       127.5                  7.9938                       8.6718      10.002400            0.2347             20705.046875             0.986762
2010-08-25 12:00:00+00:00                   21749.037109                    2.23713           7.3515                         0.953                       127.5                  8.0407                       8.8196      10.002400            0.2416             22046.693359             0.986499
2010-08-25 15:00:00+00:00                   22409.335938                    2.27034           6.9202                         0.954                       127.5                  7.8348                       8.8212      10.002400            0.2596             22710.494141             0.986739
2010-08-25 18:00:00+00:00                   22696.980469                    2.29467           6.6312                         0.953                       127.5                  7.6286                       8.7471      10.002400            0.2749             22992.830078             0.987133
2010-08-25 21:00:00+00:00                   22616.386719                    2.30980           6.4877                         0.950                       127.5                  7.4566                       8.6052      10.002400            0.2854             22895.953125             0.987790
2010-08-26 00:00:00+00:00                   21774.417969                    2.27904           6.7394                         0.946                       127.5                  7.5266                       8.5122      10.002400            0.2769             22034.718750             0.988187
2010-08-26 03:00:00+00:00                   20963.007812                    2.25906           6.7947                         0.942                       127.5                  7.4649                       8.3450      10.002400            0.2725             21199.597656             0.988840
2010-08-26 06:00:00+00:00                   20746.064453                    2.26561           6.9431                         0.940                       127.5                  7.4696                       8.2144      10.002400            0.2613             20969.554688             0.989342
2010-08-26 09:00:00+00:00                   22093.853516                    2.34294           7.1110                         0.940                       127.5                  7.5428                       8.1833       9.126800            0.2465             22335.623047             0.989176
2010-08-26 12:00:00+00:00                   25304.914062                    2.48564           7.3583                         0.940                       127.5                  7.7475                       8.3279       9.126800            0.2320             25609.722656             0.988098
2010-08-26 15:00:00+00:00                   28712.855469                    2.61390           7.6125                         0.939                       127.5                  7.9852                       8.5418       9.126800            0.2236             29092.464844             0.986952
2010-08-26 18:00:00+00:00                   29987.089844                    2.65284           7.7552                         0.936                       127.5                  8.1171                       8.6591       9.126800            0.2189             30402.583984             0.986334
2010-08-26 21:00:00+00:00                   29122.759766                    2.61249           7.7953                         0.939                       112.5                  8.1465                       8.6726       9.126800            0.2152             29533.570312             0.986090
2010-08-27 00:00:00+00:00                   26754.886719                    2.51169           7.7689                         0.943                       112.5                  8.1108                       8.6226       9.126800            0.2127             27131.457031             0.986121
2010-08-27 03:00:00+00:00                   23644.228516                    2.37347           7.7006                         0.944                       112.5                  8.0354                       8.5366       9.126800            0.2115             23971.191406             0.986360
2010-08-27 06:00:00+00:00                   20604.625000                    2.22865           7.6149                         0.942                       112.5                  7.9453                       8.4399       9.126800            0.2113             20881.400391             0.986745
2010-08-27 09:00:00+00:00                   18099.359375                    2.09806           7.5396                         0.936                       112.5                  7.8701                       8.3660       9.126800            0.2130             18334.292969             0.987186
2010-08-27 12:00:00+00:00                   15953.838867                    1.97516           7.4778                         0.928                       112.5                  7.8128                       8.3193       9.126800            0.2172             16153.170898             0.987660
2010-08-27 15:00:00+00:00                   14121.247070                    1.86196           7.4269                         0.922                       112.5                  7.7670                       8.2848       9.126800            0.2214             14291.665039             0.988076
2010-08-27 18:00:00+00:00                   12395.838867                    1.74887           7.3702                         0.921                       112.5                  7.7150                       8.2429       9.126800            0.2250             12540.821289             0.988439
2010-08-27 21:00:00+00:00                   10471.522461                    1.61350           7.2945                         0.922                       112.5                  7.6437                       8.1811       9.126800            0.2286             10589.856445             0.988826
2010-08-28 00:00:00+00:00                    9342.834961                    1.52746           7.2582                         0.921                       112.5                  7.6082                       8.1460       9.126800            0.2289              9447.489258             0.988923
2010-08-28 03:00:00+00:00                    8485.080078                    1.45876           7.2391                         0.920                       112.5                  7.5852                       8.1133       9.126800            0.2265              8580.188477             0.988915
2010-08-28 06:00:00+00:00                    7800.892578                    1.40162           7.2250                         0.917                       112.5                  7.5655                       8.0815       9.126800            0.2235              7888.352051             0.988913
2010-08-28 09:00:00+00:00                    7256.083496                    1.35444           7.2087                         0.912                       112.5                  7.5444                       8.0512       9.126800            0.2213              7337.034668             0.988967
2010-08-28 12:00:00+00:00                    6661.167480                    1.30130           7.1768                         0.904                       112.5                  7.5090                       8.0082       8.327900            0.2198              6734.383301             0.989128
2010-08-28 15:00:00+00:00                    5936.834961                    1.23221           7.1381                         0.893                       112.5                  7.4682                       7.9607       8.327900            0.2187              6000.434082             0.989401
2010-08-28 18:00:00+00:00                    5200.264648                    1.15600           7.1101                         0.878                       112.5                  7.4378                       7.9226       8.327900            0.2177              5254.460938             0.989686
2010-08-28 21:00:00+00:00                    4234.193359                    1.04881           7.0415                         0.857                       127.5                  7.3654                       7.8371       8.327900            0.2163              4275.933594             0.990238
2010-08-29 00:00:00+00:00                    3271.798828                    0.93365           6.7247                         0.848                       127.5                  7.1330                       7.6451       8.327900            0.2224              3300.985352             0.991158
2010-08-29 03:00:00+00:00                    2461.411621                    0.82941           5.8271                         0.837                       127.5                  6.5063                       7.2932       7.598900            0.2655              2478.963623             0.992920
2010-08-29 06:00:00+00:00                    2016.162842                    0.76162           5.4831                         0.834                       142.5                  6.1716                       7.0775       8.327900            0.3039              2025.396484             0.995441
2010-08-29 09:00:00+00:00                    1735.072876                    0.71108           5.1230                         0.849                       142.5                  5.8270                       6.9425       8.327900            0.3858              1730.190063             1.002822
2010-08-29 12:00:00+00:00                    1844.129272                    0.68668           5.0968                         0.885                       142.5                  5.9379                       7.6876       8.327900            0.5218              1796.065918             1.026760
2010-08-29 15:00:00+00:00                    3123.012695                    0.75246           5.9501                         0.930                       142.5                  7.3683                      10.3652      15.813300            0.5038              2963.923096             1.053675
2010-08-29 18:00:00+00:00                    5895.049316                    0.93128           7.5099                         0.943                       142.5                  9.5851                      12.5898      15.813300            0.3727              5604.282227             1.051883
2010-08-29 21:00:00+00:00                    9290.406250                    1.13197           9.0140                         0.943                       142.5                 11.1784                      13.4473      14.429100            0.2888              8899.824219             1.043887
2010-08-30 00:00:00+00:00                   12867.394531                    1.32261          10.1067                         0.943                       142.5                 12.0005                      13.6942      14.429100            0.2478             12395.603516             1.038061
2010-08-30 03:00:00+00:00                   16632.343750                    1.50149          10.8045                         0.943                       142.5                 12.3885                      13.7599      14.429100            0.2300             16059.731445             1.035655
2010-08-30 06:00:00+00:00                   20129.486328                    1.65574          11.2150                         0.942                       142.5                 12.5196                      13.7122      14.429100            0.2252             19454.341797             1.034704
2010-08-30 09:00:00+00:00                   22633.609375                    1.76407          11.4604                         0.940                       142.5                 12.5198                      13.6034      14.429100            0.2269             21890.490234             1.033947
2010-08-30 12:00:00+00:00                   24070.236328                    1.82832          11.5188                         0.938                       142.5                 12.4355                      13.4862      14.429100            0.2328             23291.371094             1.033440
2010-08-30 15:00:00+00:00                   25370.525391                    1.88338          11.5245                         0.936                       142.5                 12.3621                      13.4049      14.429100            0.2377             24551.625000             1.033354
2010-08-30 18:00:00+00:00                   26751.742188                    1.93910          11.5403                         0.936                       142.5                 12.3159                      13.3427      14.429100            0.2393             25893.212891             1.033157
2010-08-30 21:00:00+00:00                   27649.515625                    1.97993          11.4613                         0.934                       142.5                 12.2093                      13.2434      14.429100            0.2422             26774.632812             1.032676
2010-08-31 00:00:00+00:00                   27722.726562                    1.99411          11.3062                         0.932                       142.5                 12.0509                      13.1119      15.813300            0.2470             26863.845703             1.031972
2010-08-31 03:00:00+00:00                   27114.185547                    1.98435          11.1314                         0.930                       142.5                 11.8848                      12.9747      15.813300            0.2519             26296.642578             1.031089
2010-08-31 06:00:00+00:00                   26277.234375                    1.96364          11.0008                         0.928                       142.5                 11.7561                      12.8624      14.429100            0.2553             25506.693359             1.030209
2010-08-31 09:00:00+00:00                   25430.566406                    1.93897          10.9170                         0.927                       142.5                 11.6716                      12.7839      14.429100            0.2569             24703.806641             1.029419
2010-08-31 12:00:00+00:00                   24645.064453                    1.91444          10.8555                         0.925                       142.5                 11.6114                      12.7243      14.429100            0.2573             23959.957031             1.028594
2010-08-31 15:00:00+00:00                   24032.632812                    1.89544          10.8170                         0.922                       142.5                 11.5686                      12.6742      14.429100            0.2568             23385.666016             1.027665
2010-08-31 18:00:00+00:00                   23729.097656                    1.88766          10.7997                         0.920                       142.5                 11.5427                      12.6342      14.429100            0.2551             23114.105469             1.026607
2010-08-31 21:00:00+00:00                   23783.025391                    1.89442          10.7900                         0.918                       142.5                 11.5237                      12.5938      14.429100            0.2519             23198.648438             1.025190
2010-09-01 00:00:00+00:00                   23982.003906                    1.90903          10.7695                         0.919                       127.5                 11.4926                      12.5348      14.429100            0.2479             23437.353516             1.023239
2010-09-01 03:00:00+00:00                   24005.707031                    1.91981          10.7280                         0.922                       127.5                 11.4354                      12.4449      14.429100            0.2440             23517.326172             1.020767
2010-09-01 06:00:00+00:00                   23653.736328                    1.91925          10.6538                         0.925                       127.5                 11.3401                      12.3157      14.429100            0.2409             23237.632812             1.017906
2010-09-01 09:00:00+00:00                   22964.519531                    1.90766          10.5510                         0.927                       127.5                 11.2137                      12.1552      14.429100            0.2384             22632.087891             1.014688
2010-09-01 12:00:00+00:00                   22140.431641                    1.89164          10.4036                         0.928                       127.5                 11.0576                      11.9745      13.166000            0.2364             21893.863281             1.011262
2010-09-01 15:00:00+00:00                   21397.242188                    1.87899          10.2096                         0.929                       127.5                 10.8824                      11.7866      13.166000            0.2343             21233.962891             1.007689
2010-09-01 18:00:00+00:00                   20746.402344                    1.86801          10.0710                         0.931                       127.5                 10.7535                      11.6188      13.166000            0.2295             20662.505859             1.004060
2010-09-01 21:00:00+00:00                   19708.728516                    1.85922           7.7795                         0.930                       127.5                  9.6819                      11.2153      13.166000            0.2545             19699.869141             1.000450
2010-09-02 00:00:00+00:00                   17919.398438                    1.80480           8.0085                         0.927                       127.5                  9.4744                      10.8791      12.013500            0.2602             17963.242188             0.997559
2010-09-02 03:00:00+00:00                   16150.334961                    1.73416           8.1613                         0.924                       127.5                  9.3959                      10.6610      12.013500            0.2588             16226.516602             0.995305
2010-09-02 06:00:00+00:00                   14196.613281                    1.65196           7.9353                         0.919                       127.5                  9.1008                      10.3650      12.013500            0.2672             14285.323242             0.993790
2010-09-02 09:00:00+00:00                   12371.648438                    1.57232           7.5801                         0.917                       112.5                  8.6968                      10.0050      12.013500            0.2822             12459.354492             0.992961
2010-09-02 12:00:00+00:00                   10650.641602                    1.49206           7.2094                         0.915                       112.5                  8.2626                       9.5972      12.013500            0.2988             10731.059570             0.992506
2010-09-02 15:00:00+00:00                    8844.329102                    1.39209           6.8817                         0.908                       112.5                  7.8613                       9.1821      10.961900            0.3141              8910.707031             0.992551
2010-09-02 18:00:00+00:00                    7531.400391                    1.30853           6.3266                         0.895                       112.5                  7.3985                       8.8518      10.961900            0.3431              7572.002441             0.994638
2010-09-02 21:00:00+00:00                    6941.282227                    1.25091           6.0584                         0.884                       127.5                  7.1986                       8.8632      10.961900            0.3867              6929.307617             1.001728
2010-09-03 00:00:00+00:00                    7300.939453                    1.24017           6.1257                         0.886                       127.5                  7.3375                       9.3295      10.002400            0.4342              7193.064941             1.014997
2010-09-03 03:00:00+00:00                    8615.659180                    1.29227           6.1926                         0.890                       127.5                  7.5452                       9.9608      10.002400            0.4630              8376.436523             1.028559
2010-09-03 06:00:00+00:00                   10427.785156                    1.38468           6.2313                         0.896                       142.5                  7.6783                      10.3851      18.992800            0.4712             10057.596680             1.036807
2010-09-03 09:00:00+00:00                   12639.581055                    1.51490           6.3455                         0.910                       142.5                  7.7678                      10.4965      17.330299            0.4706             12177.155273             1.037975
2010-09-03 12:00:00+00:00                   15331.714844                    1.66689           6.5797                         0.919                       142.5                  7.9494                      10.5564      17.330299            0.4651             14833.747070             1.033570
2010-09-03 15:00:00+00:00                   18016.740234                    1.80021           6.7121                         0.925                       142.5                  8.1111                      10.6541      15.813300            0.4609             17473.925781             1.031064
2010-09-03 18:00:00+00:00                   19920.757812                    1.89811           6.3862                         0.927                       142.5                  7.8794                      10.5766      14.429100            0.4715             19274.062500             1.033553
2010-09-03 21:00:00+00:00                   19949.552734                    1.89892           6.3522                         0.927                       142.5                  7.8200                      10.5516      14.429100            0.4758             19241.449219             1.036801
2010-09-04 00:00:00+00:00                   18949.281250                    1.85197           6.5382                         0.929                       142.5                  7.9126                      10.5271      14.429100            0.4715             18256.009766             1.037975
2010-09-04 03:00:00+00:00                   17805.568359                    1.79796           6.5715                         0.932                       142.5                  7.9310                      10.5026      13.166000            0.4689             17163.642578             1.037400
2010-09-04 06:00:00+00:00                   16977.433594                    1.75053           6.5572                         0.932                       142.5                  7.9441                      10.5654      17.330299            0.4706             16374.741211             1.036806
2010-09-04 09:00:00+00:00                   16450.107422                    1.71067           6.5932                         0.931                       142.5                  7.9976                      10.6981      17.330299            0.4754             15849.096680             1.037921
2010-09-04 12:00:00+00:00                   16392.810547                    1.70607           6.6216                         0.929                       142.5                  7.9990                      10.6958      15.813300            0.4802             15760.321289             1.040132
2010-09-04 15:00:00+00:00                   16584.183594                    1.73016           6.4446                         0.928                       142.5                  7.8357                      10.5268      15.813300            0.4876             15932.988281             1.040871
2010-09-04 18:00:00+00:00                   17177.294922                    1.82267           5.5707                         0.916                       142.5                  6.9523                       9.8630      15.813300            0.5297             16488.404297             1.041780
2010-09-04 21:00:00+00:00                   17788.917969                    1.87668           5.7792                         0.914                       142.5                  7.0254                       9.6642      14.429100            0.5257             17103.322266             1.040086
2010-09-05 00:00:00+00:00                   18885.390625                    1.96827           5.5688                         0.906                       157.5                  6.7743                       9.3589      14.429100            0.5356             18179.363281             1.038837
2010-09-05 03:00:00+00:00                   20414.626953                    2.02655           5.9176                         0.911                       157.5                  7.1015                       9.5451      17.330299            0.5152             19681.517578             1.037249
2010-09-05 06:00:00+00:00                   23268.353516                    2.13724           6.1217                         0.914                       142.5                  7.3454                       9.7760      17.330299            0.5006             22456.914062             1.036133
2010-09-05 09:00:00+00:00                   28012.697266                    2.29101           6.4398                         0.922                       142.5                  7.7629                      10.2189      17.330299            0.4769             27059.687500             1.035219
2010-09-05 12:00:00+00:00                   36508.500000                    2.54395           6.9059                         0.930                       142.5                  8.3288                      10.7657      17.330299            0.4477             35288.808594             1.034563
2010-09-05 15:00:00+00:00                   49249.539062                    2.86729           7.7195                         0.937                       142.5                  9.1300                      11.3889      13.166000            0.4115             47639.027344             1.033807
2010-09-05 18:00:00+00:00                   63890.039062                    3.21642           8.1735                         0.937                       142.5                  9.6030                      11.7352      13.166000            0.3859             61925.140625             1.031730
2010-09-05 21:00:00+00:00                   74231.335938                    3.43108           9.0296                         0.935                       142.5                 10.2062                      11.9994      13.166000            0.3580             72191.843750             1.028251
2010-09-06 00:00:00+00:00                   74904.632812                    3.43623           9.7003                         0.929                       142.5                 10.5666                      12.0936      13.166000            0.3422             73027.320312             1.025707
2010-09-06 03:00:00+00:00                   63757.039062                    3.22658           9.6617                         0.913                       142.5                 10.4051                      11.7588      12.013500            0.3318             62453.027344             1.020880
2010-09-06 06:00:00+00:00                   45613.808594                    2.83442           9.2994                         0.884                       142.5                  9.9256                      11.0604      12.013500            0.3139             45102.714844             1.011332
2010-09-06 09:00:00+00:00                   29790.558594                    2.38189           8.8974                         0.854                       127.5                  9.4322                      10.3790      10.961900            0.2946             29741.609375             1.001646
2010-09-06 12:00:00+00:00                   19782.273438                    2.00967           8.5098                         0.841                       127.5                  8.9781                       9.7842      10.961900            0.2772             19873.880859             0.995391
2010-09-06 15:00:00+00:00                   13447.371094                    1.69936           8.1384                         0.831                       142.5                  8.5837                       9.3449      10.002400            0.2776             13529.647461             0.993919
2010-09-06 18:00:00+00:00                    9451.951172                    1.44673           7.5823                         0.840                       142.5                  8.1860                       9.0641      10.002400            0.2979              9492.250977             0.995754
2010-09-06 21:00:00+00:00                    7245.781250                    1.29995           6.0974                         0.851                       157.5                  7.2053                       8.6093      10.002400            0.3513              7255.759277             0.998625
2010-09-07 00:00:00+00:00                    6047.867188                    1.22937           5.4613                         0.866                       157.5                  6.5069                       8.0532       9.126800            0.3889              6046.168945             1.000281
2010-09-07 03:00:00+00:00                    5247.063477                    1.19620           5.0355                         0.880                       157.5                  5.9511                       7.4223       9.126800            0.4013              5252.366211             0.998990
2010-09-07 06:00:00+00:00                    4852.536133                    1.19155           4.8919                         0.892                       157.5                  5.6687                       6.9490       9.126800            0.3932              4863.039062             0.997840
2010-09-07 09:00:00+00:00                    4664.013672                    1.19625           4.8239                         0.903                       157.5                  5.5175                       6.6421       9.126800            0.3798              4674.915527             0.997668
2010-09-07 12:00:00+00:00                    4479.893555                    1.18225           5.0303                         0.914                       157.5                  5.6169                       6.5348       9.126800            0.3479              4488.989746             0.997974
2010-09-07 15:00:00+00:00                    4187.940918                    1.15021           5.1894                         0.922                       157.5                  5.7082                       6.4573       8.327900            0.3098              4196.304199             0.998007
2010-09-07 18:00:00+00:00                    3654.348389                    1.07804           5.3417                         0.918                       157.5                  5.7817                       6.4133       8.327900            0.2834              3659.982666             0.998461
2010-09-07 21:00:00+00:00                    3010.717773                    0.98824           5.2849                         0.900                       157.5                  5.7007                       6.2886       8.327900            0.2743              3013.195557             0.999178
2010-09-08 00:00:00+00:00                    2547.105713                    0.91799           5.1965                         0.876                       157.5                  5.6035                       6.1671       7.598900            0.2696              2547.628662             0.999795
2010-09-08 03:00:00+00:00                    2179.786865                    0.85809           5.0496                         0.853                       157.5                  5.4749                       6.0430       7.598900            0.2700              2179.318604             1.000215
2010-09-08 06:00:00+00:00                    1921.479370                    0.82147           4.7076                         0.835                       157.5                  5.1838                       5.8189       7.598900            0.2871              1920.203003             1.000665
2010-09-08 09:00:00+00:00                    1800.350586                    0.81970           4.4714                         0.847                       172.5                  4.8908                       5.4782       7.598900            0.2932              1795.723389             1.002577
2010-09-08 12:00:00+00:00                    1951.558716                    0.85842           4.4733                         0.880                       172.5                  4.8817                       5.4159       5.773000            0.2744              1946.138306             1.002785
2010-09-08 15:00:00+00:00                    2447.071045                    0.96299           4.2961                         0.905                       172.5                  4.7824                       5.4041       6.326800            0.2822              2443.625488             1.001410
2010-09-08 18:00:00+00:00                    2756.549316                    0.99883           4.5496                         0.924                       157.5                  5.0439                       5.6521       6.933700            0.2689              2754.296875             1.000818
2010-09-08 21:00:00+00:00                    2730.236328                    0.97439           4.8243                         0.944                       157.5                  5.3007                       5.8765       6.933700            0.2576              2729.491455             1.000273
2010-09-09 00:00:00+00:00                    2420.901123                    0.91534           5.0161                         0.955                       157.5                  5.4034                       5.8982       6.933700            0.2465              2417.951660             1.001220
2010-09-09 03:00:00+00:00                    2256.171143                    0.88368           5.0604                         0.962                       157.5                  5.4261                       5.8969       6.326800            0.2421              2253.061768             1.001380
2010-09-09 06:00:00+00:00                    2234.697754                    0.87176           5.1694                         0.969                       157.5                  5.5319                       6.0004       6.326800            0.2402              2232.787109             1.000856
2010-09-09 09:00:00+00:00                    2217.452393                    0.86067           5.2662                         0.974                       157.5                  5.6312                       6.1077       7.598900            0.2416              2216.918945             1.000241
2010-09-09 12:00:00+00:00                    2149.369385                    0.83776           5.3406                         0.976                       157.5                  5.7207                       6.2416       7.598900            0.2648              2148.526611             1.000392
2010-09-09 15:00:00+00:00                    1893.470825                    0.77189           5.2892                         0.964                       157.5                  5.7083                       6.4172       6.326800            0.3702              1877.569580             1.008469
2010-09-09 18:00:00+00:00                    1645.360962                    0.70422           5.1765                         0.939                       157.5                  5.6438                       6.6124       6.326800            0.4680              1612.537476             1.020355
2010-09-09 21:00:00+00:00                    1447.427368                    0.65519           5.0947                         0.913                       157.5                  5.5840                       6.6828       6.326800            0.5041              1411.371948             1.025546
2010-09-10 00:00:00+00:00                    1331.443848                    0.63823           5.1159                         0.901                       157.5                  5.5788                       6.5388       6.326800            0.4578              1309.068237             1.017093
2010-09-10 03:00:00+00:00                    1342.943726                    0.64526           5.2078                         0.902                       157.5                  5.6494                       6.5018       6.326800            0.4122              1330.148682             1.009619
2010-09-10 06:00:00+00:00                    1502.625610                    0.66202           5.3557                         0.900                       142.5                  5.8551                       6.8685       6.326800            0.4419              1482.925171             1.013285
2010-09-10 09:00:00+00:00                    1854.799316                    0.69794           5.6784                         0.905                       142.5                  6.2639                       7.5420       6.326800            0.4692              1818.438232             1.019996
2010-09-10 12:00:00+00:00                    2389.983887                    0.75602           6.1414                         0.906                       142.5                  6.7925                       8.2222      15.813300            0.4597              2337.339355             1.022523
2010-09-10 15:00:00+00:00                    2763.242432                    0.79360           6.5084                         0.904                       142.5                  7.1631                       8.6019      15.813300            0.4434              2701.697021             1.022780
2010-09-10 18:00:00+00:00                    2899.544678                    0.80685           6.7437                         0.897                       142.5                  7.3738                       8.7428      15.813300            0.4241              2841.257568             1.020514
2010-09-10 21:00:00+00:00                    2780.163574                    0.79745           6.8309                         0.890                       142.5                  7.4133                       8.6357      15.813300            0.4004              2739.351807             1.014898
2010-09-11 00:00:00+00:00                    2424.166748                    0.75793           6.9045                         0.885                       142.5                  7.4150                       8.4230       6.933700            0.3616              2409.968750             1.005891
2010-09-11 03:00:00+00:00                    2129.714600                    0.71392           7.0624                         0.886                       142.5                  7.5202                       8.3927      10.002400            0.3287              2130.069092             0.999834
2010-09-11 06:00:00+00:00                    1927.074463                    0.67792           7.2889                         0.891                       142.5                  7.6971                       8.4583      10.002400            0.2977              1936.579224             0.995092
2010-09-11 09:00:00+00:00                    1852.901367                    0.66088           7.4914                         0.901                       142.5                  7.8761                       8.5710      10.002400            0.2787              1866.466431             0.992732
2010-09-11 12:00:00+00:00                    1910.287598                    0.66425           7.6480                         0.912                       142.5                  8.0378                       8.7305      10.002400            0.2781              1922.820435             0.993482
2010-09-11 15:00:00+00:00                    2024.892578                    0.67629           7.7642                         0.921                       142.5                  8.1859                       8.9030      10.002400            0.2815              2035.038452             0.995014
2010-09-11 18:00:00+00:00                    2071.872559                    0.68116           7.8120                         0.927                       142.5                  8.2626                       8.9765      10.002400            0.2761              2082.587646             0.994855
2010-09-11 21:00:00+00:00                    1981.343872                    0.67111           7.4814                         0.929                       142.5                  8.0855                       8.8657      10.002400            0.2710              1995.057007             0.993126
2010-09-12 00:00:00+00:00                    1756.359009                    0.64208           6.8281                         0.930                       142.5                  7.7004                       8.6227       9.126800            0.2691              1773.065430             0.990578
2010-09-12 03:00:00+00:00                    1444.249023                    0.59534           6.3236                         0.929                       142.5                  7.2617                       8.2786       9.126800            0.2739              1459.916382             0.989268
2010-09-12 06:00:00+00:00                    1239.496826                    0.56507           5.6981                         0.922                       142.5                  6.7019                       7.9015       9.126800            0.3023              1251.969971             0.990037
2010-09-12 09:00:00+00:00                    1089.997925                    0.54640           5.0407                         0.905                       142.5                  6.0627                       7.4438       9.126800            0.3439              1099.235718             0.991596
2010-09-12 12:00:00+00:00                    1003.636475                    0.55381           3.8283                         0.883                       142.5                  4.8691                       6.7210       9.126800            0.4324              1014.426331             0.989364
2010-09-12 15:00:00+00:00                     943.942749                    0.55603           3.6353                         0.869                       142.5                  4.4777                       6.2691       9.126800            0.4780               950.803589             0.992784
2010-09-12 18:00:00+00:00                     873.270569                    0.54827           3.5217                         0.869                       142.5                  4.2698                       5.9724       9.126800            0.5033               878.873047             0.993625
2010-09-12 21:00:00+00:00                     847.512024                    0.55286           3.4803                         0.865                       142.5                  4.1455                       5.7025       9.126800            0.5175               851.659424             0.995130
2010-09-13 00:00:00+00:00                     852.754150                    0.56759           3.5206                         0.853                       142.5                  4.1043                       5.4412       9.126800            0.5128               854.956360             0.997424
2010-09-13 03:00:00+00:00                     902.856445                    0.58806           3.6562                         0.853                       127.5                  4.1968                       5.3588       9.126800            0.4867               903.320251             0.999487
2010-09-13 06:00:00+00:00                     995.834473                    0.61507           3.8505                         0.860                       127.5                  4.3701                       5.3944       9.126800            0.4496               995.017334             1.000821
2010-09-13 09:00:00+00:00                    1182.419678                    0.66153           4.1195                         0.862                       127.5                  4.6265                       5.5281       9.126800            0.4045              1180.640137             1.001507
2010-09-13 12:00:00+00:00                    1325.573242                    0.68974           4.3264                         0.870                       112.5                  4.8368                       5.6955       6.326800            0.3795              1323.889526             1.001272
2010-09-13 15:00:00+00:00                    1357.485352                    0.69599           4.2112                         0.869                       112.5                  4.7951                       5.7373       9.126800            0.3861              1358.279785             0.999415
2010-09-13 18:00:00+00:00                    1380.444946                    0.71308           3.8765                         0.857                       112.5                  4.5047                       5.5742       5.267700            0.4147              1383.697021             0.997650
2010-09-13 21:00:00+00:00                    1486.767822                    0.74448           3.8957                         0.843                       112.5                  4.4786                       5.5027       5.773000            0.4133              1488.153320             0.999069
2010-09-14 00:00:00+00:00                    1572.679810                    0.77123           3.9368                         0.825                       112.5                  4.4709                       5.4198       5.773000            0.4070              1572.049683             1.000401
2010-09-14 03:00:00+00:00                    1512.645996                    0.76258           3.9046                         0.811                       112.5                  4.4161                       5.3337       6.326800            0.4110              1511.661377             1.000651
2010-09-14 06:00:00+00:00                    1406.162598                    0.74376           3.7994                         0.800                       127.5                  4.2926                       5.2161       6.326800            0.4265              1405.114014             1.000746
2010-09-14 09:00:00+00:00                    1324.371094                    0.72498           3.8224                         0.795                       127.5                  4.2855                       5.1677       5.773000            0.4278              1322.218872             1.001628
2010-09-14 12:00:00+00:00                    1299.770996                    0.72102           3.9183                         0.775                       127.5                  4.3308                       5.1206       4.001900            0.4161              1295.470459             1.003320
2010-09-14 15:00:00+00:00                    1248.751831                    0.70516           3.9834                         0.771                       142.5                  4.3844                       5.1409       4.806500            0.4072              1244.193115             1.003664
2010-09-14 18:00:00+00:00                    1188.440063                    0.68477           4.0437                         0.774                       142.5                  4.4422                       5.1863       4.806500            0.4005              1184.015137             1.003737
2010-09-14 21:00:00+00:00                    1094.397461                    0.65206           4.0939                         0.778                       142.5                  4.5006                       5.2651       4.806500            0.4001              1090.510010             1.003565
2010-09-15 00:00:00+00:00                     989.286743                    0.61362           4.1270                         0.784                       142.5                  4.5564                       5.3736       9.126800            0.4053               986.370117             1.002957
2010-09-15 03:00:00+00:00                     973.150574                    0.59852           4.2183                         0.784                       142.5                  4.6767                       5.5536       9.126800            0.4066               971.072327             1.002140
2010-09-15 06:00:00+00:00                    1010.776062                    0.59738           4.3415                         0.790                       127.5                  4.8363                       5.7870       9.126800            0.4073              1009.673767             1.001092
2010-09-15 09:00:00+00:00                    1036.953369                    0.59623           4.4350                         0.806                       127.5                  4.9564                       5.9568       9.126800            0.4063              1036.529297             1.000409
2010-09-15 12:00:00+00:00                    1094.753540                    0.60336           4.5612                         0.819                       127.5                  5.1051                       6.1360       9.126800            0.4015              1094.770874             0.999984
2010-09-15 15:00:00+00:00                    1189.961914                    0.61782           4.7162                         0.835                       112.5                  5.2902                       6.3542       9.126800            0.3952              1190.509277             0.999540
2010-09-15 18:00:00+00:00                    1330.440918                    0.64009           4.8957                         0.853                       112.5                  5.5068                       6.6109       9.126800            0.3888              1331.901611             0.998903
2010-09-15 21:00:00+00:00                    1504.666382                    0.66695           5.0735                         0.865                       112.5                  5.7316                       6.8807       9.126800            0.3812              1507.896240             0.997858
2010-09-16 00:00:00+00:00                    1686.175659                    0.68938           5.3506                         0.877                       112.5                  6.0545                       7.2122       9.126800            0.3637              1692.585449             0.996213
2010-09-16 03:00:00+00:00                    1898.897827                    0.71591           5.6573                         0.889                       112.5                  6.3894                       7.5266      10.002400            0.3448              1909.168701             0.994620
2010-09-16 06:00:00+00:00                    2251.021484                    0.75908           6.0777                         0.905                       112.5                  6.8328                       7.9311      10.002400            0.3211              2268.189941             0.992431
2010-09-16 09:00:00+00:00                    2742.832520                    0.81694           6.6108                         0.925                       112.5                  7.3523                       8.3436      10.002400            0.2872              2771.885254             0.989519
2010-09-16 12:00:00+00:00                    3272.127197                    0.87896           7.1345                         0.940                       112.5                  7.7893                       8.6038      10.002400            0.2510              3314.921875             0.987090
2010-09-16 15:00:00+00:00                    3563.030273                    0.91524           7.3644                         0.948                       112.5                  7.9667                       8.6485      10.002400            0.2261              3614.046387             0.985884
2010-09-16 18:00:00+00:00                    3589.527588                    0.96803           4.8513                         0.924                       112.5                  6.0890                       7.8171       9.126800            0.3399              3632.818604             0.988083
2010-09-16 21:00:00+00:00                    3536.968018                    1.00815           4.3471                         0.886                       112.5                  5.3654                       7.1177       9.126800            0.4013              3569.985352             0.990751
2010-09-17 00:00:00+00:00                    3924.586914                    1.13472           4.0262                         0.810                       127.5                  4.7696                       6.2413       9.126800            0.4525              3941.460205             0.995719
2010-09-17 03:00:00+00:00                    4470.195801                    1.24009           4.0907                         0.774                       142.5                  4.7202                       5.9410       9.126800            0.4478              4471.559082             0.999695
2010-09-17 06:00:00+00:00                    6386.900391                    1.45420           4.8678                         0.763                       157.5                  5.3309                       6.1434       5.267700            0.3741              6367.433105             1.003057
2010-09-17 09:00:00+00:00                    8519.047852                    1.60727           5.6161                         0.812                       157.5                  6.0100                       6.6950       6.326800            0.3269              8509.695312             1.001099
2010-09-17 12:00:00+00:00                   10573.932617                    1.72617           6.1135                         0.857                       157.5                  6.5191                       7.2009       6.933700            0.3036             10594.606445             0.998049
2010-09-17 15:00:00+00:00                   12807.968750                    1.84031           6.5651                         0.878                       157.5                  6.9825                       7.6687       8.327900            0.2883             12866.736328             0.995433
2010-09-17 18:00:00+00:00                   13408.412109                    1.84898           6.7838                         0.883                       157.5                  7.2147                       7.9363       8.327900            0.2942             13466.953125             0.995653
2010-09-17 21:00:00+00:00                   13708.505859                    1.83940           6.9287                         0.890                       157.5                  7.3879                       8.1715       9.126800            0.3072             13745.643555             0.997298
2010-09-18 00:00:00+00:00                   14282.227539                    1.84497           7.0561                         0.900                       157.5                  7.5506                       8.4209       9.126800            0.3250             14276.345703             1.000412
2010-09-18 03:00:00+00:00                   14554.491211                    1.82503           7.1443                         0.910                       157.5                  7.7012                       8.7108       9.126800            0.3475             14480.167969             1.005133
2010-09-18 06:00:00+00:00                   14310.086914                    1.77076           7.1872                         0.918                       157.5                  7.8220                       9.0178       9.126800            0.3740             14143.147461             1.011804
2010-09-18 09:00:00+00:00                   13774.731445                    1.69251           7.1711                         0.926                       142.5                  7.9290                       9.3975      15.813300            0.4023             13501.416016             1.020243
2010-09-18 12:00:00+00:00                   13978.869141                    1.65111           7.2431                         0.934                       142.5                  8.1571                       9.9113      15.813300            0.4156             13601.500000             1.027745
2010-09-18 15:00:00+00:00                   15911.945312                    1.69447           7.5521                         0.938                       142.5                  8.6341                      10.6057      14.429100            0.4062             15405.746094             1.032858
2010-09-18 18:00:00+00:00                   18914.564453                    1.78318           7.9936                         0.937                       142.5                  9.2275                      11.2981      14.429100            0.3851             18266.169922             1.035497
2010-09-18 21:00:00+00:00                   22098.123047                    1.86794           8.2244                         0.935                       142.5                  9.7063                      11.9253      14.429100            0.3705             21253.351562             1.039748
2010-09-19 00:00:00+00:00                   25426.205078                    1.96325           8.3672                         0.934                       142.5                 10.0069                      12.3310      15.813300            0.3635             24348.253906             1.044272
2010-09-19 03:00:00+00:00                   27197.757812                    2.02309           8.6024                         0.931                       142.5                 10.1465                      12.3961      17.330299            0.3620             26004.013672             1.045906
2010-09-19 06:00:00+00:00                   27305.447266                    2.03577           8.6957                         0.928                       142.5                 10.1316                      12.3015      15.813300            0.3638             26111.998047             1.045705
2010-09-19 09:00:00+00:00                   27506.164062                    2.03725           8.8081                         0.928                       142.5                 10.2216                      12.3644      15.813300            0.3598             26295.777344             1.046030
2010-09-19 12:00:00+00:00                   28702.656250                    2.06590           9.0296                         0.928                       142.5                 10.4389                      12.5343      15.813300            0.3500             27446.240234             1.045777
2010-09-19 15:00:00+00:00                   30616.068359                    2.12101           9.2801                         0.927                       142.5                 10.6550                      12.6785      15.813300            0.3425             29293.830078             1.045137
2010-09-19 18:00:00+00:00                   33197.757812                    2.18528           9.5873                         0.926                       142.5                 10.9378                      12.9147      15.813300            0.3352             31730.265625             1.046249
2010-09-19 21:00:00+00:00                   36398.074219                    2.24781           9.9944                         0.927                       142.5                 11.3638                      13.3089      15.813300            0.3222             34697.250000             1.049019
2010-09-20 00:00:00+00:00                   39542.804688                    2.31567          10.3614                         0.926                       142.5                 11.7001                      13.5729      17.330299            0.3106             37627.437500             1.050903
2010-09-20 03:00:00+00:00                   41784.652344                    2.36834          10.6324                         0.926                       142.5                 11.9039                      13.6903      17.330299            0.3024             39733.417969             1.051625
2010-09-20 06:00:00+00:00                   42877.367188                    2.39473          10.8415                         0.925                       142.5                 12.0389                      13.7397      17.330299            0.2958             40785.304688             1.051295
2010-09-20 09:00:00+00:00                   44275.898438                    2.42768          10.9622                         0.926                       142.5                 12.1549                      13.8093      15.813300            0.2915             42149.375000             1.050452
2010-09-20 12:00:00+00:00                   48200.398438                    2.51081          11.1307                         0.929                       142.5                 12.3770                      14.0239      15.813300            0.2882             45858.757812             1.051062
2010-09-20 15:00:00+00:00                   54834.816406                    2.64981          11.0474                         0.930                       142.5                 12.5662                      14.2703      15.813300            0.2835             52069.226562             1.053114
2010-09-20 18:00:00+00:00                   60876.417969                    2.78929          10.5020                         0.930                       142.5                 12.4121                      14.2858      15.813300            0.2841             57764.410156             1.053874
2010-09-20 21:00:00+00:00                   64595.230469                    2.89806           9.6559                         0.927                       142.5                 11.8635                      14.0728      15.813300            0.2957             61330.750000             1.053227
2010-09-21 00:00:00+00:00                   66667.523438                    2.96212           9.2046                         0.925                       142.5                 11.6343                      13.9397      15.813300            0.2972             63403.625000             1.051478
2010-09-21 03:00:00+00:00                   67525.164062                    2.98381          10.1497                         0.924                       142.5                 12.0835                      13.9466      15.813300            0.2826             64370.683594             1.049005
2010-09-21 06:00:00+00:00                   67490.164062                    2.99512          10.5800                         0.922                       142.5                 12.1855                      13.8688      15.813300            0.2780             64460.687500             1.046997
2010-09-21 09:00:00+00:00                   67664.984375                    3.00513          10.9811                         0.922                       142.5                 12.3152                      13.8370      15.813300            0.2724             64728.269531             1.045370
2010-09-21 12:00:00+00:00                   69134.117188                    3.03570          11.4562                         0.922                       142.5                 12.4990                      13.8644      15.813300            0.2656             66196.078125             1.044384
2010-09-21 15:00:00+00:00                   72444.867188                    3.09883          11.6445                         0.923                       142.5                 12.6307                      13.9367      15.813300            0.2610             69374.695312             1.044255
2010-09-21 18:00:00+00:00                   77200.343750                    3.18151          11.8335                         0.924                       142.5                 12.7932                      14.0647      15.813300            0.2578             73867.601562             1.045118
2010-09-21 21:00:00+00:00                   82765.640625                    3.27094          12.1449                         0.926                       142.5                 13.0070                      14.2272      15.813300            0.2542             79075.945312             1.046660
2010-09-22 00:00:00+00:00                   88271.523438                    3.36289          11.2013                         0.927                       142.5                 12.8411                      14.3196      15.813300            0.2571             84184.765625             1.048545
2010-09-22 03:00:00+00:00                   94084.078125                    3.54372           8.4784                         0.919                       142.5                 10.9524                      13.7442      15.813300            0.3216             89344.117188             1.053053
2010-09-22 06:00:00+00:00                  100463.312500                    3.70430           8.1121                         0.913                       142.5                 10.4084                      13.4320      15.813300            0.3535             95187.617188             1.055424
2010-09-22 09:00:00+00:00                  106606.164062                    3.80381           8.5627                         0.914                       142.5                 10.6879                      13.5072      15.813300            0.3523            100988.320312             1.055629
2010-09-22 12:00:00+00:00                  108008.703125                    3.82594           8.9918                         0.916                       142.5                 10.9433                      13.5368      15.813300            0.3465            102413.054688             1.054638
2010-09-22 15:00:00+00:00                  103084.789062                    3.77615           9.0589                         0.915                       142.5                 10.8577                      13.3119      15.813300            0.3491             97944.906250             1.052477
2010-09-22 18:00:00+00:00                   90190.578125                    3.59052           8.9773                         0.911                       142.5                 10.6258                      12.9566      15.813300            0.3537             85963.585938             1.049172
2010-09-22 21:00:00+00:00                   75600.460938                    3.33898           9.0747                         0.905                       142.5                 10.4818                      12.6274      15.813300            0.3555             72277.265625             1.045978
2010-09-23 00:00:00+00:00                   60860.765625                    3.05408           8.9049                         0.898                       142.5                 10.1636                      12.2202      15.813300            0.3630             58345.289062             1.043114
2010-09-23 03:00:00+00:00                   47537.996094                    2.76315           8.5908                         0.887                       142.5                  9.7562                      11.7430      15.813300            0.3721             45734.468750             1.039435
2010-09-23 06:00:00+00:00                   37071.707031                    2.50559           8.2521                         0.873                       142.5                  9.3418                      11.2341      15.813300            0.3777             35843.332031             1.034271
2010-09-23 09:00:00+00:00                   27401.099609                    2.21454           7.8452                         0.859                       142.5                  8.9063                      10.7321      15.813300            0.3813             26651.632812             1.028121
2010-09-23 12:00:00+00:00                   18816.267578                    1.90608           7.3298                         0.849                       142.5                  8.3378                      10.0694      14.429100            0.3884             18436.710938             1.020587
2010-09-23 15:00:00+00:00                   13039.004883                    1.65669           6.8723                         0.842                       142.5                  7.7765                       9.3453      12.013500            0.3949             12859.320312             1.013973
2010-09-23 18:00:00+00:00                    9836.611328                    1.48497           6.6006                         0.834                       142.5                  7.4096                       8.8332      10.961900            0.3981              9729.883789             1.010969
2010-09-23 21:00:00+00:00                    8018.776855                    1.36414           6.4899                         0.834                       157.5                  7.2338                       8.5574       8.327900            0.3976              7938.914062             1.010060
2010-09-24 00:00:00+00:00                    7035.572754                    1.28690           6.4752                         0.831                       157.5                  7.1876                       8.4534       8.327900            0.3922              6974.310059             1.008784
2010-09-24 03:00:00+00:00                    5814.687988                    1.17892           6.3865                         0.824                       157.5                  7.0838                       8.3352       8.327900            0.3939              5766.340332             1.008384
2010-09-24 06:00:00+00:00                    4617.295410                    1.06425           6.2210                         0.818                       157.5                  6.8956                       8.1298       9.126800            0.4008              4576.669922             1.008877
2010-09-24 09:00:00+00:00                    3598.468262                    0.97706           5.1682                         0.824                       157.5                  6.0765                       7.5478       9.126800            0.4349              3566.617188             1.008930
2010-09-24 12:00:00+00:00                    3230.396484                    0.98895           4.3909                         0.833                       172.5                  5.1653                       6.6499       6.326800            0.4860              3198.983887             1.009820
2010-09-24 15:00:00+00:00                    3768.684082                    1.12887           4.1452                         0.816                       172.5                  4.7601                       5.9934       6.326800            0.4898              3739.496094             1.007805
2010-09-24 18:00:00+00:00                    4539.896484                    1.20821           4.6866                         0.797                       157.5                  5.2515                       6.3143      10.961900            0.4296              4523.105469             1.003712
2010-09-24 21:00:00+00:00                    4777.906738                    1.23630           4.9530                         0.813                       157.5                  5.4806                       6.3638       5.773000            0.3730              4774.648438             1.000682
2010-09-25 00:00:00+00:00                    4725.064453                    1.23556           5.0727                         0.841                       157.5                  5.5633                       6.3100       6.326800            0.3291              4726.836914             0.999625
2010-09-25 03:00:00+00:00                    4636.248047                    1.23874           4.8352                         0.853                       157.5                  5.3885                       6.1700       6.933700            0.3224              4641.234863             0.998926
2010-09-25 06:00:00+00:00                    4647.798828                    1.28300           4.4565                         0.852                       157.5                  4.9933                       5.7751       6.933700            0.3295              4647.324219             1.000102
2010-09-25 09:00:00+00:00                    4498.833496                    1.27753           4.4561                         0.871                       172.5                  4.9526                       5.6387       5.773000            0.3065              4494.676270             1.000925
2010-09-25 12:00:00+00:00                    4384.753418                    1.25175           4.6812                         0.903                       172.5                  5.1334                       5.7188       6.326800            0.2741              4378.846191             1.001349
2010-09-25 15:00:00+00:00                    4513.893066                    1.25443           4.8063                         0.921                       172.5                  5.2798                       5.8612       6.326800            0.2616              4511.599609             1.000508
2010-09-25 18:00:00+00:00                    4691.764160                    1.26262           4.9064                         0.930                       172.5                  5.4060                       6.0123       6.933700            0.2603              4693.483398             0.999634
2010-09-25 21:00:00+00:00                    4512.897949                    1.21214           5.3542                         0.943                       172.5                  5.7608                       6.2670       6.933700            0.2397              4516.979004             0.999097
2010-09-26 00:00:00+00:00                    4173.523926                    1.15529           5.5478                         0.949                       172.5                  5.9041                       6.3772       7.598900            0.2352              4178.592285             0.998787
2010-09-26 03:00:00+00:00                    3598.248779                    1.07160           5.5469                         0.953                       157.5                  5.9056                       6.3904       7.598900            0.2399              3602.894287             0.998711
2010-09-26 06:00:00+00:00                    3114.586426                    1.00001           5.5100                         0.956                       157.5                  5.8667                       6.3519       6.933700            0.2420              3117.836426             0.998958
2010-09-26 09:00:00+00:00                    2641.066650                    0.92608           5.4404                         0.959                       157.5                  5.7957                       6.2809       6.933700            0.2449              2642.676270             0.999391
2010-09-26 12:00:00+00:00                    2282.027100                    0.86393           5.3852                         0.963                       157.5                  5.7445                       6.2364       6.326800            0.2488              2282.868652             0.999631
2010-09-26 15:00:00+00:00                    2154.224854                    0.83342           5.4266                         0.970                       157.5                  5.8026                       6.3255       6.326800            0.2584              2156.171631             0.999097
2010-09-26 18:00:00+00:00                    2320.540283                    0.85081           5.5244                         0.975                       157.5                  5.9540                       6.5380       6.326800            0.2689              2326.041504             0.997635
2010-09-26 21:00:00+00:00                    2023.525024                    0.81551           4.5657                         0.973                       157.5                  5.2995                       6.2302       6.326800            0.3246              2032.036499             0.995811
2010-09-27 00:00:00+00:00                    1753.905884                    0.80574           4.1206                         0.958                       157.5                  4.6955                       5.5390       6.326800            0.3497              1755.079224             0.999331
2010-09-27 03:00:00+00:00                    1822.809204                    0.83112           4.2914                         0.938                       157.5                  4.7513                       5.4003       6.326800            0.3130              1818.869751             1.002166
2010-09-27 06:00:00+00:00                    2008.161255                    0.86906           4.4340                         0.914                       157.5                  4.8596                       5.4371       6.326800            0.2926              2002.784912             1.002684
2010-09-27 09:00:00+00:00                    2307.140381                    0.92451           4.6221                         0.894                       142.5                  5.0085                       5.5149       6.326800            0.2700              2300.189209             1.003022
2010-09-27 12:00:00+00:00                    2565.348633                    0.96194           4.7569                         0.867                       142.5                  5.1590                       5.6629       6.326800            0.2601              2559.677734             1.002216
2010-09-27 15:00:00+00:00                    2827.654541                    0.99605           4.7804                         0.837                       142.5                  5.2436                       5.8221       6.933700            0.2741              2824.714355             1.001041
2010-09-27 18:00:00+00:00                    3269.386719                    1.04896           5.0049                         0.818                       142.5                  5.4626                       6.0638       6.326800            0.2823              3268.348145             1.000318
2010-09-27 21:00:00+00:00                    3580.710449                    1.08271           5.1340                         0.811                       142.5                  5.5990                       6.2310       6.326800            0.2893              3582.246826             0.999571
2010-09-28 00:00:00+00:00                    3589.098389                    1.07666           5.1803                         0.809                       142.5                  5.6460                       6.3140       6.933700            0.3008              3591.595947             0.999305
2010-09-28 03:00:00+00:00                    3197.696533                    1.02297           5.0508                         0.821                       142.5                  5.5218                       6.2318       6.326800            0.3184              3198.270020             0.999821
2010-09-28 06:00:00+00:00                    2975.997803                    0.99819           4.9860                         0.835                       127.5                  5.4234                       6.0914       5.773000            0.3175              2973.671143             1.000782
2010-09-28 09:00:00+00:00                    3201.036865                    1.03821           5.0169                         0.857                       127.5                  5.4435                       6.0580       5.773000            0.3004              3198.509521             1.000790
2010-09-28 12:00:00+00:00                    3563.477539                    1.10486           4.7614                         0.875                       127.5                  5.2753                       5.9624       6.326800            0.3022              3562.816650             1.000185
2010-09-28 15:00:00+00:00                    3722.402100                    1.15521           4.3231                         0.877                       127.5                  4.8854                       5.7082       6.326800            0.3379              3722.276123             1.000034
2010-09-28 18:00:00+00:00                    4185.204102                    1.27189           4.0016                         0.838                       127.5                  4.5011                       5.3033       6.326800            0.3648              4180.311035             1.001171
2010-09-28 21:00:00+00:00                    4859.497559                    1.37226           4.1464                         0.821                       127.5                  4.5981                       5.2835       6.326800            0.3367              4847.278809             1.002521
2010-09-29 00:00:00+00:00                    5909.380859                    1.51302           4.2598                         0.805                       142.5                  4.6798                       5.2816       5.773000            0.3105              5890.506836             1.003204
2010-09-29 03:00:00+00:00                    7061.106445                    1.63524           4.4322                         0.800                       142.5                  4.8431                       5.3991       5.773000            0.2871              7039.421875             1.003080
2010-09-29 06:00:00+00:00                    7848.775391                    1.67657           4.8256                         0.829                       157.5                  5.2063                       5.7012       6.326800            0.2588              7830.257324             1.002365
2010-09-29 09:00:00+00:00                    7937.659180                    1.64501           5.1619                         0.856                       157.5                  5.5208                       5.9846       6.326800            0.2431              7928.617676             1.001140
2010-09-29 12:00:00+00:00                    8286.801758                    1.65137           5.3324                         0.876                       157.5                  5.7148                       6.1991       6.326800            0.2402              8288.843750             0.999754
2010-09-29 15:00:00+00:00                    8542.803711                    1.65502           5.3774                         0.887                       157.5                  5.8197                       6.3635       6.933700            0.2461              8556.158203             0.998439
2010-09-29 18:00:00+00:00                    8205.005859                    1.59870           5.6023                         0.899                       157.5                  6.0240                       6.5477       6.933700            0.2396              8225.451172             0.997514
2010-09-29 21:00:00+00:00                    7653.731934                    1.52761           5.8882                         0.907                       157.5                  6.2284                       6.6862       6.933700            0.2288              7676.500000             0.997034
2010-09-30 00:00:00+00:00                    7147.531738                    1.46662           6.0127                         0.911                       157.5                  6.3260                       6.7727       6.933700            0.2282              7171.660645             0.996635
2010-09-30 03:00:00+00:00                    6312.780762                    1.37511           6.0002                         0.915                       157.5                  6.3279                       6.8039       6.933700            0.2372              6335.059570             0.996483
2010-09-30 06:00:00+00:00                    5180.701172                    1.24980           5.8586                         0.919                       157.5                  6.2234                       6.7591       6.933700            0.2557              5196.981445             0.996867
2010-09-30 09:00:00+00:00                    4390.777344                    1.15786           5.6489                         0.921                       157.5                  6.0612                       6.6742       6.933700            0.2785              4401.834961             0.997488
2010-09-30 12:00:00+00:00                    4144.029297                    1.12688           5.5393                         0.929                       157.5                  5.9812                       6.6496       6.933700            0.2945              4153.347656             0.997756
2010-09-30 15:00:00+00:00                    4192.579590                    1.12987           5.4798                         0.936                       157.5                  5.9770                       6.6934       6.933700            0.2994              4204.212402             0.997233
2010-09-30 18:00:00+00:00                    4698.633789                    1.28504           4.1014                         0.924                       157.5                  4.7423                       5.8284       6.933700            0.3989              4706.892578             0.998245
2010-09-30 21:00:00+00:00                    6109.808105                    1.51620           4.0730                         0.896                       157.5                  4.5853                       5.4432       6.326800            0.3851              6103.137695             1.001093
2010-10-01 00:00:00+00:00                    9043.630859                    1.80520           4.5048                         0.883                       157.5                  4.9765                       5.6717       5.773000            0.3251              9029.025391             1.001618
2010-10-01 03:00:00+00:00                   14621.757812                    2.23423           4.8177                         0.880                       172.5                  5.3074                       5.9822       6.326800            0.2975             14619.573242             1.000149
2010-10-01 06:00:00+00:00                   19313.710938                    2.43758           5.5649                         0.891                       157.5                  6.0226                       6.6293       7.598900            0.2614             19371.845703             0.996999
2010-10-01 09:00:00+00:00                   20991.824219                    2.46205           6.0363                         0.907                       157.5                  6.4782                       7.0597       7.598900            0.2447             21109.552734             0.994423
2010-10-01 12:00:00+00:00                   21995.121094                    2.48013           6.1891                         0.920                       157.5                  6.6747                       7.2894       7.598900            0.2425             22153.503906             0.992851
2010-10-01 15:00:00+00:00                   25697.908203                    2.74139           5.5297                         0.911                       157.5                  6.1581                       6.9761       8.327900            0.2848             25846.277344             0.994260
2010-10-01 18:00:00+00:00                   26505.832031                    2.72765           6.2381                         0.913                       157.5                  6.6657                       7.2603       8.327900            0.2468             26683.607422             0.993338
2010-10-01 21:00:00+00:00                   24674.044922                    2.57495           6.7806                         0.924                       157.5                  7.1015                       7.5808       8.327900            0.2211             24885.564453             0.991500
2010-10-02 00:00:00+00:00                   23194.593750                    2.46747           6.9788                         0.931                       157.5                  7.2907                       7.7589       8.327900            0.2164             23417.769531             0.990470
2010-10-02 03:00:00+00:00                   22462.242188                    2.40225           7.1187                         0.933                       157.5                  7.4393                       7.9243       8.327900            0.2190             22695.894531             0.989705
2010-10-02 06:00:00+00:00                   20637.164062                    2.28538           7.1758                         0.935                       142.5                  7.5177                       8.0399       8.327900            0.2267             20858.021484             0.989411
2010-10-02 09:00:00+00:00                   18973.601562                    2.18276           7.1832                         0.938                       142.5                  7.5441                       8.0996       8.327900            0.2338             19176.308594             0.989429
2010-10-02 12:00:00+00:00                   17963.525391                    2.11365           7.2139                         0.941                       142.5                  7.5905                       8.1739       9.126800            0.2392             18155.730469             0.989414
2010-10-02 15:00:00+00:00                   17797.191406                    2.08992           7.2900                         0.945                       142.5                  7.6766                       8.2781       9.126800            0.2419             17989.927734             0.989286
2010-10-02 18:00:00+00:00                   18121.509766                    2.09103           7.3975                         0.947                       142.5                  7.7937                       8.4130       9.126800            0.2442             18320.062500             0.989162
2010-10-02 21:00:00+00:00                   19216.615234                    2.12517           7.5731                         0.950                       142.5                  7.9836                       8.6257       9.126800            0.2458             19430.953125             0.988969
2010-10-03 00:00:00+00:00                   20894.386719                    2.17964           7.7993                         0.952                       142.5                  8.2263                       8.8972      10.002400            0.2483             21123.957031             0.989132
2010-10-03 03:00:00+00:00                   21635.304688                    2.18491           7.9764                         0.950                       142.5                  8.4252                       9.1414      10.002400            0.2553             21846.865234             0.990316
2010-10-03 06:00:00+00:00                   22127.271484                    2.17658           8.1381                         0.946                       142.5                  8.6117                       9.3848      10.002400            0.2647             22296.628906             0.992404
2010-10-03 09:00:00+00:00                   24145.652344                    2.23779           8.3693                         0.943                       142.5                  8.8571                       9.6562      10.961900            0.2656             24297.087891             0.993767
2010-10-03 12:00:00+00:00                   25703.843750                    2.28253           8.5499                         0.939                       142.5                  9.0425                       9.8548      10.961900            0.2654             25835.021484             0.994922
2010-10-03 15:00:00+00:00                   25477.964844                    2.25956           8.6144                         0.935                       142.5                  9.1171                       9.9518      10.961900            0.2675             25584.677734             0.995829
2010-10-03 18:00:00+00:00                   24239.988281                    2.20418           8.6133                         0.931                       142.5                  9.1190                       9.9543      10.961900            0.2661             24352.478516             0.995381
2010-10-03 21:00:00+00:00                   22129.175781                    2.11708           8.5530                         0.926                       142.5                  9.0520                       9.8698      10.961900            0.2630             22261.662109             0.994049
2010-10-04 00:00:00+00:00                   19275.976562                    1.99601           8.4223                         0.920                       142.5                  8.9071                       9.6983      10.961900            0.2605             19420.542969             0.992556
2010-10-04 03:00:00+00:00                   15622.724609                    1.82470           8.1604                         0.915                       142.5                  8.6528                       9.4335      10.961900            0.2617             15756.950195             0.991481
2010-10-04 06:00:00+00:00                   12382.552734                    1.65492           7.2193                         0.910                       142.5                  8.1121                       9.1131      10.002400            0.2788             12492.277344             0.991217
2010-10-04 09:00:00+00:00                   10736.302734                    1.59337           5.8112                         0.902                       142.5                  7.0166                       8.5447      10.002400            0.3356             10814.145508             0.992802
2010-10-04 12:00:00+00:00                    9840.513672                    1.57834           5.3114                         0.888                       142.5                  6.3727                       7.9939      10.002400            0.3764              9888.353516             0.995162
2010-10-04 15:00:00+00:00                    9139.186523                    1.55907           5.1366                         0.880                       142.5                  6.0955                       7.6206      10.002400            0.3886              9173.549805             0.996254
2010-10-04 18:00:00+00:00                    8553.399414                    1.53330           5.0429                         0.875                       142.5                  5.9452                       7.3824       9.126800            0.3904              8581.011719             0.996782
2010-10-04 21:00:00+00:00                    7985.812012                    1.49244           5.1402                         0.874                       142.5                  5.9793                       7.2786       9.126800            0.3790              8009.591309             0.997031
2010-10-05 00:00:00+00:00                    7599.037598                    1.47027           5.1147                         0.866                       142.5                  5.9173                       7.1414       9.126800            0.3742              7619.500488             0.997314
2010-10-05 03:00:00+00:00                    7219.290527                    1.43786           5.1852                         0.862                       127.5                  5.9507                       7.0953       9.126800            0.3651              7237.889648             0.997430
2010-10-05 06:00:00+00:00                    7113.118652                    1.42517           5.2159                         0.866                       127.5                  5.9848                       7.1151       7.598900            0.3617              7131.530762             0.997418
2010-10-05 09:00:00+00:00                    7776.847168                    1.46654           5.3435                         0.869                       127.5                  6.1506                       7.3344       7.598900            0.3642              7796.361328             0.997497
2010-10-05 12:00:00+00:00                    9386.360352                    1.56060           5.6109                         0.872                       127.5                  6.4982                       7.7926      10.961900            0.3656              9410.458008             0.997439
2010-10-05 15:00:00+00:00                   11561.945312                    1.68137           5.9586                         0.875                       127.5                  6.8973                       8.2450      10.961900            0.3571             11594.569336             0.997186
2010-10-05 18:00:00+00:00                   13382.750000                    1.77807           6.3182                         0.883                       127.5                  7.2306                       8.5211      10.961900            0.3427             13427.113281             0.996696
2010-10-05 21:00:00+00:00                   14955.036133                    1.86657           6.6702                         0.894                       127.5                  7.4928                       8.6449      10.961900            0.3227             15025.203125             0.995330
2010-10-06 00:00:00+00:00                   16455.085938                    1.95406           6.8879                         0.904                       127.5                  7.6531                       8.6939      10.002400            0.3033             16565.849609             0.993314
2010-10-06 03:00:00+00:00                   17467.013672                    2.00587           7.0679                         0.909                       127.5                  7.7999                       8.7695      10.002400            0.2876             17617.224609             0.991474
2010-10-06 06:00:00+00:00                   18280.402344                    2.04269           7.2972                         0.911                       127.5                  7.9707                       8.8586      10.002400            0.2722             18467.275391             0.989881
2010-10-06 09:00:00+00:00                   18713.384766                    2.06960           7.0899                         0.912                       127.5                  7.8981                       8.8457      10.002400            0.2694             18927.707031             0.988677
2010-10-06 12:00:00+00:00                   18705.210938                    2.07879           6.8472                         0.912                       127.5                  7.7454                       8.7733      10.002400            0.2734             18930.105469             0.988120
2010-10-06 15:00:00+00:00                   18509.544922                    2.08968           6.3613                         0.907                       127.5                  7.4058                       8.6012      10.002400            0.2888             18730.755859             0.988190
2010-10-06 18:00:00+00:00                   18129.970703                    2.11771           5.6959                         0.901                       112.5                  6.7905                       8.2139      10.002400            0.3260             18319.935547             0.989631
2010-10-06 21:00:00+00:00                   18355.066406                    2.22885           5.1200                         0.879                       112.5                  6.0538                       7.5184      10.002400            0.3757             18483.771484             0.993037
2010-10-07 00:00:00+00:00                   18459.644531                    2.25470           5.3616                         0.872                       112.5                  6.1655                       7.3897      10.002400            0.3555             18574.335938             0.993825
2010-10-07 03:00:00+00:00                   18417.166016                    2.23397           6.0992                         0.875                       112.5                  6.6629                       7.5071       9.126800            0.3005             18539.398438             0.993407
2010-10-07 06:00:00+00:00                   18844.664062                    2.23400           6.5188                         0.881                       127.5                  6.9835                       7.6817       9.126800            0.2702             18994.515625             0.992111
2010-10-07 09:00:00+00:00                   20933.021484                    2.32009           6.9009                         0.893                       127.5                  7.3073                       7.9128       9.126800            0.2451             21137.542969             0.990324
2010-10-07 12:00:00+00:00                   22432.982422                    2.37165           7.1812                         0.904                       127.5                  7.5581                       8.1154       9.126800            0.2298             22685.542969             0.988867
2010-10-07 15:00:00+00:00                   23343.812500                    2.39512           7.3859                         0.911                       127.5                  7.7478                       8.2794       9.126800            0.2210             23631.800781             0.987814
2010-10-07 18:00:00+00:00                   25080.410156                    2.45587           7.6010                         0.918                       127.5                  7.9492                       8.4587       9.126800            0.2133             25416.222656             0.986787
2010-10-07 21:00:00+00:00                   24103.880859                    2.40422           7.6345                         0.919                       127.5                  7.9754                       8.4818       9.126800            0.2133             24428.927734             0.986694
2010-10-08 00:00:00+00:00                   19870.779297                    2.19219           7.5395                         0.912                       112.5                  7.8859                       8.4101       9.126800            0.2190             20128.160156             0.987213
2010-10-08 03:00:00+00:00                   18109.267578                    2.08592           7.5499                         0.910                       112.5                  7.9072                       8.4604       9.126800            0.2265             18339.523438             0.987445
2010-10-08 06:00:00+00:00                   19190.474609                    2.11273           7.7659                         0.907                       112.5                  8.1402                       8.7255       9.126800            0.2308             19440.140625             0.987157
2010-10-08 09:00:00+00:00                   19305.404297                    2.09577           8.0237                         0.900                       112.5                  8.3754                       8.9169       9.126800            0.2190             19575.574219             0.986199
2010-10-08 12:00:00+00:00                   16053.094727                    1.92676           7.9915                         0.881                       112.5                  8.3050                       8.7830       9.126800            0.2074             16281.597656             0.985966
2010-10-08 15:00:00+00:00                   13846.426758                    1.79511           7.9749                         0.868                       112.5                  8.2750                       8.7295       9.126800            0.2033             14041.220703             0.986127
2010-10-08 18:00:00+00:00                   12687.171875                    1.71029           7.9715                         0.863                       112.5                  8.3327                       8.8088       9.126800            0.2036             12868.708008             0.985893
2010-10-08 21:00:00+00:00                   12697.574219                    1.70197           7.7427                         0.869                       112.5                  8.2742                       8.8982       9.126800            0.2179             12881.352539             0.985733
2010-10-09 00:00:00+00:00                   12689.586914                    1.70708           7.4993                         0.869                       112.5                  8.0986                       8.8388       9.126800            0.2365             12866.863281             0.986222
2010-10-09 03:00:00+00:00                   11419.416016                    1.62654           7.4336                         0.868                       127.5                  8.0089                       8.7615       9.126800            0.2437             11572.850586             0.986742
2010-10-09 06:00:00+00:00                    9456.784180                    1.48979           7.3381                         0.865                       127.5                  7.8897                       8.6485       9.126800            0.2514              9575.771484             0.987574
2010-10-09 09:00:00+00:00                    7382.347168                    1.33093           7.1035                         0.857                       127.5                  7.6574                       8.4588       9.126800            0.2664              7464.764160             0.988959
2010-10-09 12:00:00+00:00                    5686.773438                    1.17598           6.9309                         0.848                       127.5                  7.5137                       8.3454       9.126800            0.2739              5745.052734             0.989856
2010-10-09 15:00:00+00:00                    4597.678711                    1.06165           6.7875                         0.839                       127.5                  7.4147                       8.2766       9.126800            0.2784              4641.405762             0.990579
2010-10-09 18:00:00+00:00                    3811.004150                    0.96411           6.7886                         0.838                       142.5                  7.4476                       8.3124       9.126800            0.2775              3845.251953             0.991093
2010-10-09 21:00:00+00:00                    3386.527344                    0.90272           6.9264                         0.856                       142.5                  7.5745                       8.4170       9.126800            0.2747              3416.105713             0.991341
2010-10-10 00:00:00+00:00                    3125.886963                    0.85771           7.2146                         0.871                       142.5                  7.8086                       8.5999       9.126800            0.2664              3155.055908             0.990755
2010-10-10 03:00:00+00:00                    2712.513428                    0.78826           7.5357                         0.877                       142.5                  8.0967                       8.8325       9.126800            0.2534              2741.414551             0.989458
2010-10-10 06:00:00+00:00                    2348.263184                    0.72735           7.7975                         0.880                       142.5                  8.3097                       8.9831      10.002400            0.2412              2376.466064             0.988132
2010-10-10 09:00:00+00:00                    2129.253662                    0.69024           7.7822                         0.887                       142.5                  8.3510                       9.0496      10.002400            0.2376              2157.020508             0.987127
2010-10-10 12:00:00+00:00                    2024.222656                    0.67247           7.3994                         0.905                       157.5                  8.2130                       9.0692      10.002400            0.2439              2052.107666             0.986412
2010-10-10 15:00:00+00:00                    1961.064697                    0.66086           7.3147                         0.923                       157.5                  8.1960                       9.0987      10.002400            0.2450              1988.726562             0.986091
2010-10-10 18:00:00+00:00                    1897.695435                    0.64785           7.2490                         0.938                       157.5                  8.2059                       9.1582      10.961900            0.2461              1924.511108             0.986066
2010-10-10 21:00:00+00:00                    1897.776489                    0.64314           7.0997                         0.949                       157.5                  8.2232                       9.2839      10.961900            0.2476              1924.390137             0.986170
2010-10-11 00:00:00+00:00                    2123.431641                    0.68414           6.4450                         0.956                       157.5                  7.7818                       9.1700      10.961900            0.2803              2149.103760             0.988055
2010-10-11 03:00:00+00:00                    2464.406738                    0.73386           6.4198                         0.961                       157.5                  7.7310                       9.2232      10.961900            0.2982              2488.119141             0.990470
2010-10-11 06:00:00+00:00                    2875.317139                    0.78231           6.4090                         0.965                       157.5                  7.7721                       9.4281      10.961900            0.3144              2894.552734             0.993355
2010-10-11 09:00:00+00:00                    3347.341064                    0.83725           6.3825                         0.966                       157.5                  7.7542                       9.5436      10.961900            0.3320              3358.778076             0.996595
2010-10-11 12:00:00+00:00                    3952.910889                    0.89904           6.4976                         0.966                       157.5                  7.8848                       9.7311      10.961900            0.3389              3954.234131             0.999665
2010-10-11 15:00:00+00:00                    4624.741211                    0.95369           6.8308                         0.967                       157.5                  8.2628                      10.0731      12.013500            0.3276              4617.286621             1.001614
2010-10-11 18:00:00+00:00                    5310.564941                    0.99802           7.3750                         0.968                       157.5                  8.8497                      10.5217      12.013500            0.3015              5298.791016             1.002222
2010-10-11 21:00:00+00:00                    6110.859375                    1.05557           7.7640                         0.966                       157.5                  9.2251                      10.7990      12.013500            0.2854              6095.926270             1.002450
2010-10-12 00:00:00+00:00                    6907.998535                    1.11018           8.2523                         0.965                       157.5                  9.6682                      11.0366      12.013500            0.2595              6903.203613             1.000695
2010-10-12 03:00:00+00:00                    7605.030273                    1.15935           8.7222                         0.963                       157.5                 10.0132                      11.1645      12.013500            0.2350              7622.534180             0.997704
2010-10-12 06:00:00+00:00                    7928.063477                    1.17934           9.1662                         0.960                       157.5                 10.3250                      11.2751      12.013500            0.2097              7972.190430             0.994465
2010-10-12 09:00:00+00:00                    7973.602051                    1.18212           9.5414                         0.958                       157.5                 10.5357                      11.3125      12.013500            0.1906              8038.569824             0.991918
2010-10-12 12:00:00+00:00                    7676.088867                    1.16516           9.7918                         0.956                       157.5                 10.5994                      11.2463      12.013500            0.1775              7760.135254             0.989169
2010-10-12 15:00:00+00:00                    7001.407227                    1.12336           9.6991                         0.954                       157.5                 10.4311                      11.0705      12.013500            0.1790              7091.537109             0.987291
2010-10-12 18:00:00+00:00                    6298.314453                    1.07940           9.3206                         0.953                       157.5                 10.0733                      10.8135      12.013500            0.1954              6383.497070             0.986656
2010-10-12 21:00:00+00:00                    5519.415039                    1.02659           8.8618                         0.952                       157.5                  9.6485                      10.5030      12.013500            0.2149              5595.786621             0.986352
2010-10-13 00:00:00+00:00                    4749.018066                    0.96511           8.4973                         0.951                       157.5                  9.3366                      10.2495      10.961900            0.2248              4817.444824             0.985796
2010-10-13 03:00:00+00:00                    4047.474365                    0.90084           8.3387                         0.950                       157.5                  9.1494                      10.0472      10.961900            0.2269              4108.361816             0.985180
2010-10-13 06:00:00+00:00                    3327.288574                    0.82945           8.0115                         0.949                       157.5                  8.8528                       9.7636      10.961900            0.2329              3377.801758             0.985046
2010-10-13 09:00:00+00:00                    2836.353760                    0.77928           7.4036                         0.947                       157.5                  8.3962                       9.4440      10.961900            0.2504              2877.345947             0.985753
2010-10-13 12:00:00+00:00                    2403.219482                    0.72544           7.2102                         0.947                       157.5                  8.1928                       9.2425      10.002400            0.2555              2436.775146             0.986229
2010-10-13 15:00:00+00:00                    2037.656250                    0.67565           6.8007                         0.944                       157.5                  7.8708                       9.0412      10.002400            0.2686              2064.753418             0.986876
2010-10-13 18:00:00+00:00                    1634.829834                    0.61433           6.3267                         0.940                       157.5                  7.4750                       8.7841      10.002400            0.2855              1655.400146             0.987574
2010-10-13 21:00:00+00:00                    1365.182617                    0.57475           6.0191                         0.933                       157.5                  7.0598                       8.3876       9.126800            0.3090              1379.662598             0.989505
2010-10-14 00:00:00+00:00                    1226.939453                    0.56116           5.8990                         0.904                       157.5                  6.7180                       7.9120       9.126800            0.3308              1236.436890             0.992319
2010-10-14 03:00:00+00:00                    1193.446777                    0.56824           5.7470                         0.892                       142.5                  6.4282                       7.5120       9.126800            0.3427              1200.336548             0.994260
2010-10-14 06:00:00+00:00                    1056.264404                    0.54118           5.6498                         0.886                       142.5                  6.3230                       7.3388       9.126800            0.3358              1062.335449             0.994285
2010-10-14 09:00:00+00:00                     881.784607                    0.50064           5.5280                         0.883                       142.5                  6.2014                       7.1670       8.327900            0.3285               886.779602             0.994367
2010-10-14 12:00:00+00:00                     733.538391                    0.46534           5.1011                         0.879                       142.5                  5.8851                       6.9160       8.327900            0.3340               737.999084             0.993956
2010-10-14 15:00:00+00:00                     655.653870                    0.44786           5.2461                         0.881                       142.5                  5.8775                       6.6736       8.327900            0.3084               658.514404             0.995656
2010-10-14 18:00:00+00:00                     698.291443                    0.50576           3.3296                         0.885                       142.5                  4.2109                       5.6860       6.326800            0.4201               710.585205             0.982699
2010-10-14 21:00:00+00:00                     722.624756                    0.55688           3.1777                         0.885                       142.5                  3.6939                       4.8283       6.326800            0.4848               727.191772             0.993720
2010-10-15 00:00:00+00:00                     811.034058                    0.63546           3.0103                         0.857                       142.5                  3.3873                       4.1847       3.331900            0.4764               817.033081             0.992658
2010-10-15 03:00:00+00:00                     966.350281                    0.69950           3.1457                         0.844                       142.5                  3.4837                       4.0982       4.001900            0.4097               968.965698             0.997301
2010-10-15 06:00:00+00:00                    1224.090454                    0.79481           3.1243                         0.812                       142.5                  3.4609                       4.0256       4.385800            0.3755              1228.230103             0.996630
2010-10-15 09:00:00+00:00                    2189.787598                    1.09151           3.0485                         0.764                       112.5                  3.3510                       3.8270       4.385800            0.3422              2199.087402             0.995771
2010-10-15 12:00:00+00:00                    5130.616211                    1.54179           3.7316                         0.791                        97.5                  4.0340                       4.4315       4.806500            0.2622              5101.996582             1.005610
2010-10-15 15:00:00+00:00                    7363.333008                    1.68356           4.4799                         0.834                       112.5                  4.8381                       5.3098       5.773000            0.2574              7333.618652             1.004052
2010-10-15 18:00:00+00:00                   11019.177734                    1.88599           5.5388                         0.890                       127.5                  5.8627                       6.3172       6.933700            0.2338             11026.530273             0.999333
2010-10-15 21:00:00+00:00                   14715.347656                    2.08477           6.1585                         0.898                       127.5                  6.4614                       6.9014       7.598900            0.2203             14779.813477             0.995638
2010-10-16 00:00:00+00:00                   19652.023438                    2.31721           6.6773                         0.915                       127.5                  6.9912                       7.4578       8.327900            0.2186             19808.845703             0.992083
2010-10-16 03:00:00+00:00                   23805.568359                    2.49324           7.0190                         0.903                       112.5                  7.3253                       7.8002       8.327900            0.2183             24043.761719             0.990093
2010-10-16 06:00:00+00:00                   29904.771484                    2.73674           7.4293                         0.873                       127.5                  7.7024                       8.1294       9.126800            0.2045             30262.640625             0.988175
2010-10-16 09:00:00+00:00                   30245.246094                    2.68903           7.7909                         0.869                       112.5                  8.0696                       8.5083       9.126800            0.2033             30660.824219             0.986446
2010-10-16 12:00:00+00:00                   30331.339844                    2.64754           8.0467                         0.882                       112.5                  8.3344                       8.7915       9.126800            0.2051             30773.244141             0.985640
2010-10-16 15:00:00+00:00                   33167.964844                    2.69540           8.4540                         0.904                       112.5                  8.7660                       9.2532      10.002400            0.2048             33681.746094             0.984746
2010-10-16 18:00:00+00:00                   34952.890625                    2.71590           8.7275                         0.910                       112.5                  9.0743                       9.5836      10.002400            0.2025             35500.902344             0.984563
2010-10-16 21:00:00+00:00                   37259.082031                    2.75581           8.8827                         0.922                       112.5                  9.3422                       9.8988      10.002400            0.1995             37839.582031             0.984659
2010-10-17 00:00:00+00:00                   34805.886719                    2.63634           9.2128                         0.934                       112.5                  9.5821                      10.0862      10.002400            0.1944             35332.992188             0.985082
2010-10-17 03:00:00+00:00                   31830.363281                    2.49585           9.4535                         0.942                       112.5                  9.7790                      10.2687      10.961900            0.1940             32282.925781             0.985981
2010-10-17 06:00:00+00:00                   30106.630859                    2.39987           9.6522                         0.949                       112.5                  9.9803                      10.4783      10.961900            0.1937             30503.003906             0.987005
2010-10-17 09:00:00+00:00                   28532.195312                    2.31839           9.7999                         0.952                       112.5                 10.1290                      10.6249      10.961900            0.1911             28895.728516             0.987419
2010-10-17 12:00:00+00:00                   24763.994141                    2.16033           9.7967                         0.951                       112.5                 10.1261                      10.6221      10.961900            0.1909             25082.894531             0.987286
2010-10-17 15:00:00+00:00                   18324.189453                    1.87955           9.5639                         0.938                       112.5                  9.8948                      10.4045      10.961900            0.1971             18568.392578             0.986848
2010-10-17 18:00:00+00:00                   12779.544922                    1.60086           9.1234                         0.914                       112.5                  9.4949                      10.0356      10.961900            0.2055             12958.123047             0.986219
2010-10-17 21:00:00+00:00                    9254.562500                    1.39034           8.4187                         0.879                       112.5                  8.9955                       9.6641      10.002400            0.2178              9387.224609             0.985868
2010-10-18 00:00:00+00:00                    7333.020508                    1.25104           8.2003                         0.853                       112.5                  8.7979                       9.4752      10.002400            0.2184              7441.778320             0.985386
2010-10-18 03:00:00+00:00                    6237.463379                    1.16372           7.9538                         0.842                       112.5                  8.5994                       9.3258      10.002400            0.2235              6330.889648             0.985243
2010-10-18 06:00:00+00:00                    5201.383301                    1.07542           7.5718                         0.832                       112.5                  8.3075                       9.1165      10.002400            0.2336              5277.355957             0.985604
2010-10-18 09:00:00+00:00                    4235.044434                    0.98827           6.9962                         0.815                       112.5                  7.8362                       8.7978      10.002400            0.2571              4291.113281             0.986934
2010-10-18 12:00:00+00:00                    3302.544922                    0.88606           6.7039                         0.795                       112.5                  7.5417                       8.5401      10.002400            0.2705              3342.236572             0.988124
2010-10-18 15:00:00+00:00                    2502.225830                    0.78099           6.5836                         0.776                       112.5                  7.3715                       8.3331      10.002400            0.2748              2529.918701             0.989054
2010-10-18 18:00:00+00:00                    1802.003174                    0.68957           5.6191                         0.735                       112.5                  6.5162                       7.7119       9.126800            0.3208              1817.252930             0.991608
2010-10-18 21:00:00+00:00                    1296.586426                    0.61812           4.8417                         0.679                       112.5                  5.6741                       6.9234       9.126800            0.3590              1303.610229             0.994612
2010-10-19 00:00:00+00:00                    1000.705200                    0.55348           4.9973                         0.679                        97.5                  5.6904                       6.6653       6.933700            0.3237              1004.428040             0.996294
2010-10-19 03:00:00+00:00                     802.843933                    0.50564           5.0176                         0.715                        67.5                  5.6088                       6.4091       6.933700            0.3001               804.627319             0.997784
2010-10-19 06:00:00+00:00                     588.047363                    0.44223           4.8853                         0.731                        67.5                  5.4095                       6.1387       6.933700            0.2977               588.390686             0.999417
2010-10-19 09:00:00+00:00                     398.408417                    0.36703           4.7912                         0.720                        67.5                  5.3228                       6.0412       6.326800            0.2960               398.587158             0.999552
2010-10-19 12:00:00+00:00                     289.623077                    0.31429           4.7171                         0.693                        67.5                  5.2582                       5.9908       6.326800            0.2995               289.727661             0.999639
2010-10-19 15:00:00+00:00                     208.879440                    0.26527           4.7867                         0.684                        67.5                  5.3538                       6.0662       6.326800            0.2868               209.105698             0.998918
2010-10-19 18:00:00+00:00                     146.078964                    0.22194           4.7912                         0.664                        67.5                  5.3714                       6.0626       6.326800            0.2790               146.282379             0.998609
2010-10-19 21:00:00+00:00                      99.470284                    0.18573           4.5601                         0.629                        97.5                  5.1594                       5.9005       6.326800            0.2929                99.591682             0.998781
2010-10-20 00:00:00+00:00                      68.624977                    0.15645           4.3019                         0.608                        97.5                  4.9352                       5.7464       6.326800            0.3106                68.746437             0.998233
2010-10-20 03:00:00+00:00                      46.191521                    0.12882           4.1043                         0.591                       127.5                  4.8037                       5.7175       6.933700            0.3284                46.364811             0.996262
2010-10-20 06:00:00+00:00                      55.970718                    0.13976           4.0000                         0.675                       172.5                  4.8500                       5.9040       6.933700            0.3224                56.427769             0.991900
2010-10-20 09:00:00+00:00                     131.050247                    0.25727           2.6266                         0.738                       172.5                  3.0678                       4.2003       6.933700            0.5358               134.432495             0.974841
2010-10-20 12:00:00+00:00                     195.925598                    0.30783           3.1458                         0.681                       172.5                  3.5182                       4.2826       6.933700            0.4344               196.345825             0.997860
2010-10-20 15:00:00+00:00                     250.269684                    0.35724           3.0392                         0.681                       187.5                  3.4173                       4.0931       3.651600            0.4100               252.404480             0.991542
2010-10-20 18:00:00+00:00                     358.260498                    0.45114           2.8147                         0.775                       187.5                  3.1234                       3.7001       4.001900            0.4183               362.898804             0.987219
2010-10-20 21:00:00+00:00                     339.128906                    0.43964           2.8191                         0.810                       187.5                  3.1267                       3.6902       3.331900            0.4143               343.687836             0.986735
2010-10-21 00:00:00+00:00                     358.856354                    0.46230           2.7523                         0.849                       172.5                  3.0371                       3.5443       3.331900            0.4012               364.638641             0.984142
2010-10-21 03:00:00+00:00                     495.445068                    0.54339           2.8406                         0.879                       187.5                  3.1088                       3.5255       3.651600            0.3425               501.039948             0.988833
2010-10-21 06:00:00+00:00                     598.809875                    0.56950           3.1938                         0.894                       172.5                  3.4608                       3.8256       4.001900            0.2846               598.427307             1.000639
2010-10-21 09:00:00+00:00                     682.327820                    0.59132           3.3516                         0.915                       172.5                  3.6472                       4.0324       4.385800            0.2708               681.007019             1.001940
2010-10-21 12:00:00+00:00                     976.909973                    0.68515           3.4775                         0.923                       157.5                  3.8263                       4.2928       4.806500            0.2836               975.067993             1.001889
2010-10-21 15:00:00+00:00                    1837.467041                    0.94852           3.3242                         0.902                       157.5                  3.6840                       4.2242       5.267700            0.3275              1838.039062             0.999689
2010-10-21 18:00:00+00:00                    3059.397949                    1.17646           3.7421                         0.868                       172.5                  4.0744                       4.5382       4.806500            0.2942              3044.368652             1.004937
2010-10-21 21:00:00+00:00                    2911.268066                    1.10157           4.0892                         0.865                       172.5                  4.4347                       4.9114       5.267700            0.2895              2896.083496             1.005243
2010-10-22 00:00:00+00:00                    2347.900146                    0.96652           4.2474                         0.904                       157.5                  4.6326                       5.1437       5.267700            0.2906              2338.724121             1.003924
2010-10-22 03:00:00+00:00                    2236.007568                    0.92371           4.5084                         0.925                       157.5                  4.8731                       5.3541       5.773000            0.2795              2226.765381             1.004151
2010-10-22 06:00:00+00:00                    2064.170898                    0.87497           4.5865                         0.934                       157.5                  4.9756                       5.4997       5.773000            0.2994              2054.386230             1.004763
2010-10-22 09:00:00+00:00                    1768.957397                    0.81051           4.1877                         0.928                       157.5                  4.7346                       5.4929       5.773000            0.3666              1760.575073             1.004761
2010-10-22 12:00:00+00:00                    1473.337036                    0.77533           3.4981                         0.858                       157.5                  4.0259                       5.0134       5.773000            0.4754              1465.528809             1.005328
2010-10-22 15:00:00+00:00                    1325.904297                    0.76855           3.2381                         0.778                       172.5                  3.6866                       4.6191       5.773000            0.4980              1323.134399             1.002093
2010-10-22 18:00:00+00:00                    1270.898438                    0.78144           3.0681                         0.717                       187.5                  3.4553                       4.3137       5.267700            0.5038              1274.755249             0.996974
2010-10-22 21:00:00+00:00                     997.088196                    0.67772           3.0956                         0.747                       187.5                  3.5231                       4.5016       8.327900            0.5097              1001.882751             0.995214
2010-10-23 00:00:00+00:00                     711.691589                    0.54691           3.0442                         0.812                       172.5                  3.6345                       4.9646       8.327900            0.5183               721.867920             0.985903
2010-10-23 03:00:00+00:00                     610.845886                    0.48244           3.2961                         0.815                       172.5                  3.9642                       5.4321       8.327900            0.4970               616.604492             0.990661
2010-10-23 06:00:00+00:00                     601.327820                    0.46448           3.4607                         0.822                       157.5                  4.1933                       5.7510       8.327900            0.4832               606.449341             0.991555
2010-10-23 09:00:00+00:00                     684.350525                    0.48955           3.4324                         0.828                       157.5                  4.2426                       5.9046       9.126800            0.4813               692.416077             0.988352
2010-10-23 12:00:00+00:00                     758.632751                    0.51720           3.3134                         0.833                       157.5                  4.1146                       5.8744       9.126800            0.5017               768.726013             0.986870
2010-10-23 15:00:00+00:00                     951.781250                    0.61114           3.0633                         0.797                       157.5                  3.6894                       5.2999       9.126800            0.5622               964.499756             0.986813
2010-10-23 18:00:00+00:00                     870.617859                    0.52736           3.8079                         0.852                       157.5                  4.6977                       6.4324       9.126800            0.4554               878.563904             0.990956
2010-10-23 21:00:00+00:00                     727.990295                    0.44726           4.8831                         0.882                       157.5                  5.9139                       7.4289       9.126800            0.3536               734.976929             0.990494
2010-10-24 00:00:00+00:00                     581.137939                    0.39026           5.2597                         0.900                       142.5                  6.3817                       7.7848       9.126800            0.3120               587.863831             0.988559
2010-10-24 03:00:00+00:00                     425.257294                    0.33193           5.4261                         0.914                       157.5                  6.5858                       7.8762       9.126800            0.2882               430.538330             0.987734
2010-10-24 06:00:00+00:00                     331.446045                    0.29340           5.5813                         0.924                       157.5                  6.7087                       7.8581       9.126800            0.2702               335.570831             0.987708
2010-10-24 09:00:00+00:00                     298.985199                    0.27785           5.8166                         0.926                       157.5                  6.8953                       7.9027       8.327900            0.2501               302.747009             0.987574
2010-10-24 12:00:00+00:00                     282.876556                    0.26999           6.0252                         0.923                       157.5                  7.0195                       7.9157       8.327900            0.2372               286.357239             0.987845
2010-10-24 15:00:00+00:00                     271.597626                    0.26330           6.4291                         0.919                       157.5                  7.2492                       7.9856       8.327900            0.2200               274.882965             0.988048
2010-10-24 18:00:00+00:00                     259.886566                    0.25643           6.6375                         0.918                       157.5                  7.3846                       8.0527       8.327900            0.2110               263.041504             0.988006
2010-10-24 21:00:00+00:00                     256.159393                    0.25410           6.2918                         0.927                       157.5                  7.2823                       8.0879       8.327900            0.2191               259.476807             0.987215
2010-10-25 00:00:00+00:00                     257.791260                    0.25363           6.2712                         0.944                       157.5                  7.3489                       8.1713       8.327900            0.2152               261.338104             0.986428
2010-10-25 03:00:00+00:00                     248.751663                    0.24705           6.6805                         0.957                       157.5                  7.6389                       8.3071       8.327900            0.1955               252.317871             0.985866
2010-10-25 06:00:00+00:00                     235.727631                    0.23948           7.1900                         0.963                       157.5                  7.8909                       8.3743       8.327900            0.1767               239.124008             0.985797
2010-10-25 09:00:00+00:00                     216.923630                    0.23063           7.3112                         0.965                       157.5                  7.8992                       8.3111       8.327900            0.1679               220.004333             0.985997
2010-10-25 12:00:00+00:00                     197.527832                    0.22171           7.3936                         0.963                       157.5                  7.8368                       8.1890       8.327900            0.1620               200.154892             0.986875
2010-10-25 15:00:00+00:00                     185.054306                    0.21675           7.0978                         0.964                       172.5                  7.6357                       8.0308       8.327900            0.1628               187.393539             0.987517
2010-10-25 18:00:00+00:00                     177.287918                    0.21510           6.1858                         0.967                       172.5                  7.1521                       7.8240       8.327900            0.1873               179.535889             0.987479
2010-10-25 21:00:00+00:00                     204.073761                    0.26897           3.5322                         0.947                       157.5                  4.2514                       5.8066       8.327900            0.4605               205.406998             0.993509
2010-10-26 00:00:00+00:00                     272.059967                    0.34248           3.3415                         0.955                       157.5                  3.7919                       4.7870       7.598900            0.4782               272.609589             0.997984
2010-10-26 03:00:00+00:00                     336.770538                    0.38860           3.4571                         0.947                       157.5                  3.8485                       4.5950       4.001900            0.4222               336.450317             1.000952
2010-10-26 06:00:00+00:00                     386.700134                    0.41954           3.5656                         0.930                       157.5                  3.9123                       4.5177       4.385800            0.3793               385.355743             1.003489
2010-10-26 09:00:00+00:00                     388.326508                    0.42349           3.5649                         0.922                       142.5                  3.8947                       4.4522       4.385800            0.3664               386.778229             1.004003
2010-10-26 12:00:00+00:00                     378.356720                    0.42332           3.4867                         0.915                       142.5                  3.8039                       4.3452       4.385800            0.3706               376.901062             1.003862
2010-10-26 15:00:00+00:00                     567.808716                    0.51434           3.6507                         0.912                       142.5                  3.9468                       4.4075       4.385800            0.3258               564.624634             1.005639
2010-10-26 18:00:00+00:00                    1676.278687                    0.79667           4.6259                         0.951                       157.5                  4.9508                       5.3938       6.326800            0.2558              1669.123291             1.004287
2010-10-26 21:00:00+00:00                    2874.231445                    0.98051           5.2756                         0.962                       157.5                  5.6307                       6.0992       6.933700            0.2394              2873.094727             1.000396
2010-10-27 00:00:00+00:00                    3379.075195                    1.03950           5.4828                         0.964                       157.5                  5.8737                       6.3791       7.598900            0.2404              3384.013184             0.998541
2010-10-27 03:00:00+00:00                    3323.680420                    1.02376           5.3987                         0.964                       157.5                  5.8824                       6.4722       7.598900            0.2527              3332.385498             0.997388
2010-10-27 06:00:00+00:00                    2899.652100                    0.96114           5.1782                         0.964                       157.5                  5.7300                       6.4097       7.598900            0.2717              2907.553955             0.997282
2010-10-27 09:00:00+00:00                    2268.521240                    0.89277           4.1481                         0.959                       157.5                  4.8307                       5.8381       8.327900            0.3525              2275.787598             0.996807
2010-10-27 12:00:00+00:00                    2482.438232                    1.02111           3.5436                         0.919                       172.5                  4.0292                       4.9062       6.326800            0.4116              2485.743408             0.998670
2010-10-27 15:00:00+00:00                    4306.246094                    1.35528           3.8471                         0.890                       172.5                  4.2341                       4.8109       5.267700            0.3250              4291.049316             1.003541
2010-10-27 18:00:00+00:00                    5866.705078                    1.51374           4.3286                         0.893                       172.5                  4.7166                       5.2374       5.773000            0.2796              5844.974609             1.003718
2010-10-27 21:00:00+00:00                    6950.294922                    1.60257           4.5578                         0.904                       172.5                  4.9757                       5.5311       5.773000            0.2760              6932.615723             1.002550
2010-10-28 00:00:00+00:00                    7829.133789                    1.62996           5.1253                         0.915                       172.5                  5.5066                       6.0127       6.326800            0.2537              7822.290527             1.000875
2010-10-28 03:00:00+00:00                    8712.491211                    1.65957           5.6543                         0.926                       157.5                  5.9873                       6.4488       6.933700            0.2375              8723.802734             0.998703
2010-10-28 06:00:00+00:00                    9112.392578                    1.66071           5.9548                         0.936                       157.5                  6.2718                       6.7328       6.933700            0.2348              9138.699219             0.997121
2010-10-28 09:00:00+00:00                    9113.483398                    1.64020           6.1005                         0.940                       157.5                  6.4246                       6.9018       6.933700            0.2367              9148.980469             0.996120
2010-10-28 12:00:00+00:00                    8956.244141                    1.61391           6.1586                         0.942                       157.5                  6.5069                       7.0056       7.598900            0.2382              8997.828125             0.995378
2010-10-28 15:00:00+00:00                    8736.590820                    1.61408           5.4401                         0.939                       157.5                  6.0738                       6.8423       7.598900            0.2744              8779.853516             0.995072
2010-10-28 18:00:00+00:00                    8285.760742                    1.57748           5.4276                         0.936                       157.5                  6.0308                       6.7938       7.598900            0.2785              8323.913086             0.995417
2010-10-28 21:00:00+00:00                    7586.870605                    1.49409           5.7792                         0.949                       157.5                  6.2857                       6.9306       7.598900            0.2585              7624.810059             0.995024
2010-10-29 00:00:00+00:00                    6942.065918                    1.42015           5.9995                         0.957                       157.5                  6.4311                       7.0164       7.598900            0.2510              6978.298828             0.994808
2010-10-29 03:00:00+00:00                    6109.892090                    1.32678           6.0473                         0.962                       157.5                  6.4710                       7.0732       8.327900            0.2587              6142.626953             0.994671
2010-10-29 06:00:00+00:00                    5192.615234                    1.22563           5.9645                         0.962                       157.5                  6.4009                       7.0430       8.327900            0.2732              5218.246582             0.995088
2010-10-29 09:00:00+00:00                    4331.963867                    1.12737           5.8534                         0.961                       157.5                  6.2900                       6.9440       6.933700            0.2816              4349.989258             0.995856
2010-10-29 12:00:00+00:00                    4027.138916                    1.08802           5.8745                         0.960                       157.5                  6.2971                       6.9302       6.933700            0.2785              4043.179199             0.996033
2010-10-29 15:00:00+00:00                    3923.260986                    1.06949           5.9577                         0.960                       157.5                  6.3700                       6.9863       6.933700            0.2733              3939.811279             0.995799
2010-10-29 18:00:00+00:00                    3652.656006                    1.03045           5.9855                         0.959                       157.5                  6.3920                       7.0052       7.598900            0.2730              3667.810547             0.995868
2010-10-29 21:00:00+00:00                    3352.594971                    0.98667           5.9967                         0.957                       157.5                  6.4004                       7.0121       7.598900            0.2732              3366.244141             0.995945
2010-10-30 00:00:00+00:00                    3326.318848                    0.97759           6.0960                         0.957                       157.5                  6.4920                       7.0849       7.598900            0.2696              3340.591797             0.995727
2010-10-30 03:00:00+00:00                    3575.731934                    1.00335           5.8839                         0.958                       157.5                  6.5053                       7.2254       7.598900            0.2851              3592.301025             0.995388
2010-10-30 06:00:00+00:00                    3772.287109                    1.05650           4.6690                         0.940                       157.5                  5.6123                       6.8897       7.598900            0.3537              3788.951416             0.995602
2010-10-30 09:00:00+00:00                    3570.764648                    1.00780           5.3417                         0.952                       157.5                  6.1833                       7.1610       7.598900            0.3072              3590.303467             0.994558
2010-10-30 12:00:00+00:00                    3316.600586                    0.97711           4.8755                         0.950                       157.5                  5.8946                       7.0943       7.598900            0.3232              3341.960938             0.992412
2010-10-30 15:00:00+00:00                    3236.149658                    1.02488           4.0382                         0.903                       172.5                  4.8440                       6.3081       8.327900            0.4267              3251.265869             0.995351
2010-10-30 18:00:00+00:00                    3385.632080                    1.06210           4.2034                         0.892                       172.5                  4.9007                       6.1376       8.327900            0.4191              3393.275146             0.997748
2010-10-30 21:00:00+00:00                    3340.675537                    1.01961           5.0174                         0.911                       172.5                  5.6177                       6.5504       8.327900            0.3523              3347.196045             0.998052
2010-10-31 00:00:00+00:00                    2842.739014                    0.92265           4.9775                         0.905                       172.5                  5.7226                       6.8101       8.327900            0.3538              2854.724854             0.995801
2010-10-31 03:00:00+00:00                    2569.108154                    0.87434           4.7416                         0.906                       157.5                  5.5481                       6.8542       9.126800            0.3862              2581.005127             0.995391
2010-10-31 06:00:00+00:00                    3038.877197                    0.96255           4.6389                         0.904                       157.5                  5.4076                       6.6910       9.126800            0.3982              3050.079834             0.996327
2010-10-31 09:00:00+00:00                    3452.144043                    1.01749           4.8576                         0.910                       157.5                  5.5976                       6.7952      10.002400            0.3836              3463.808838             0.996632
2010-10-31 12:00:00+00:00                    3642.292236                    1.03840           4.9823                         0.915                       157.5                  5.7150                       6.8787      10.002400            0.3762              3654.113037             0.996765
2010-10-31 15:00:00+00:00                    3634.580811                    1.02500           5.2019                         0.920                       157.5                  5.9044                       7.0340      10.002400            0.3711              3644.773926             0.997203
2010-10-31 18:00:00+00:00                    3535.575439                    0.99916           5.3237                         0.921                       157.5                  6.0303                       7.1901      10.002400            0.3757              3544.075195             0.997602
2010-10-31 21:00:00+00:00                    3408.415039                    0.95705           5.5946                         0.927                       157.5                  6.3398                       7.5401      10.002400            0.3697              3418.349365             0.997094
2010-11-01 00:00:00+00:00                    3250.432861                    0.89608           6.1234                         0.934                       157.5                  6.9383                       8.1814      10.002400            0.3477              3266.349365             0.995127
2010-11-01 03:00:00+00:00                    3241.156250                    0.85752           6.8080                         0.935                       142.5                  7.6769                       8.8932      10.961900            0.3115              3268.033936             0.991776
2010-11-01 06:00:00+00:00                    3266.890137                    0.83810           7.5076                         0.944                       142.5                  8.3414                       9.3822      10.961900            0.2696              3304.861572             0.988510
2010-11-01 09:00:00+00:00                    3315.299561                    0.83178           8.2712                         0.948                       142.5                  8.9248                       9.6757      10.002400            0.2255              3364.102783             0.985493
2010-11-01 12:00:00+00:00                    3356.892822                    0.84384           8.4337                         0.944                       142.5                  8.9174                       9.5354      10.002400            0.2151              3408.728271             0.984793
2010-11-01 15:00:00+00:00                    3268.652832                    0.84176           8.3143                         0.940                       142.5                  8.7705                       9.3458      10.002400            0.2117              3319.990723             0.984537
2010-11-01 18:00:00+00:00                    3091.038086                    0.82525           8.1791                         0.938                       142.5                  8.6496                       9.2059      10.002400            0.2081              3140.123779             0.984368
2010-11-01 21:00:00+00:00                    2886.760254                    0.80263           8.0202                         0.937                       142.5                  8.5480                       9.0968      10.002400            0.2047              2932.853516             0.984284
2010-11-02 00:00:00+00:00                    2623.153076                    0.76949           7.9976                         0.939                       157.5                  8.4865                       8.9986      10.002400            0.2004              2664.694580             0.984410
2010-11-02 03:00:00+00:00                    2312.756348                    0.72702           7.9507                         0.945                       157.5                  8.4066                       8.8920      10.002400            0.1970              2348.705322             0.984694
2010-11-02 06:00:00+00:00                    2071.390381                    0.69354           7.7189                         0.947                       157.5                  8.2354                       8.7556      10.002400            0.2007              2102.533936             0.985188
2010-11-02 09:00:00+00:00                    1821.518677                    0.65498           7.5551                         0.948                       157.5                  8.1017                       8.6355       9.126800            0.2026              1847.933350             0.985706
2010-11-02 12:00:00+00:00                    1546.973267                    0.60543           7.5009                         0.948                       157.5                  8.0527                       8.5844       9.126800            0.2025              1568.999023             0.985962
2010-11-02 15:00:00+00:00                    1277.802368                    0.55081           7.3254                         0.945                       157.5                  7.9676                       8.5669       9.126800            0.2096              1295.859985             0.986065
2010-11-02 18:00:00+00:00                    1052.649292                    0.50039           7.1578                         0.940                       157.5                  7.8722                       8.5507       9.126800            0.2192              1067.332153             0.986243
2010-11-02 21:00:00+00:00                     867.497253                    0.45547           6.9929                         0.935                       157.5                  7.7580                       8.5054       9.126800            0.2287               879.336487             0.986536
2010-11-03 00:00:00+00:00                     721.097168                    0.41695           6.7982                         0.932                       172.5                  7.6237                       8.4383       9.126800            0.2374               730.729248             0.986819
2010-11-03 03:00:00+00:00                     610.822571                    0.38691           6.4699                         0.927                       172.5                  7.3751                       8.3040       9.126800            0.2531               618.623657             0.987390
2010-11-03 06:00:00+00:00                     530.084290                    0.36527           6.0496                         0.915                       172.5                  7.0146                       8.0901       9.126800            0.2769               536.342346             0.988332
2010-11-03 09:00:00+00:00                     475.003235                    0.35332           5.6054                         0.891                       157.5                  6.5448                       7.7526       9.126800            0.3109               479.740204             0.990126
2010-11-03 12:00:00+00:00                     436.629608                    0.34787           5.1791                         0.859                       157.5                  6.0567                       7.3560       9.126800            0.3465               440.029114             0.992274
2010-11-03 15:00:00+00:00                     398.254089                    0.33957           4.8505                         0.830                       157.5                  5.6991                       7.0480       9.126800            0.3706               400.855499             0.993510
2010-11-03 18:00:00+00:00                     365.679779                    0.33400           4.5594                         0.789                       157.5                  5.3463                       6.6952       9.126800            0.3947               367.487732             0.995080
2010-11-03 21:00:00+00:00                     335.788849                    0.32894           4.3545                         0.750                       142.5                  5.0618                       6.3430       9.126800            0.4104               336.854218             0.996837
2010-11-04 00:00:00+00:00                     327.356232                    0.33660           4.1525                         0.712                       127.5                  4.7640                       5.9109       9.126800            0.4198               327.705383             0.998935
2010-11-04 03:00:00+00:00                     342.360199                    0.35403           4.0900                         0.721                       112.5                  4.6253                       5.5912       5.773000            0.4017               342.151581             1.000610
2010-11-04 06:00:00+00:00                     314.896423                    0.34420           4.0024                         0.743                       112.5                  4.5116                       5.4430       6.326800            0.4014               314.517853             1.001204
2010-11-04 09:00:00+00:00                     314.735626                    0.38787           2.9265                         0.735                       112.5                  3.3611                       4.3672       6.326800            0.5099               318.069122             0.989520
2010-11-04 12:00:00+00:00                     344.577454                    0.43947           2.7920                         0.642                       142.5                  3.0855                       3.7402       3.040300            0.4907               348.194946             0.989611
2010-11-04 15:00:00+00:00                     445.099518                    0.51402           2.7744                         0.723                       157.5                  3.0418                       3.5437       3.331900            0.4337               450.712585             0.987546
2010-11-04 18:00:00+00:00                     681.469482                    0.61601           3.0097                         0.791                       142.5                  3.2870                       3.7392       4.001900            0.3730               683.943848             0.996382
2010-11-04 21:00:00+00:00                    1267.329224                    0.83345           3.0587                         0.770                       127.5                  3.3414                       3.7922       4.385800            0.3521              1270.208130             0.997734
2010-11-05 00:00:00+00:00                    2083.099121                    1.02561           3.3238                         0.764                       112.5                  3.6368                       4.0926       4.806500            0.3187              2080.112305             1.001436
2010-11-05 03:00:00+00:00                    2396.952393                    1.01760           4.0752                         0.823                       127.5                  4.3526                       4.7350       5.267700            0.2646              2379.715088             1.007243
2010-11-05 06:00:00+00:00                    3147.679688                    1.10899           4.5968                         0.861                       127.5                  4.8629                       5.2244       5.773000            0.2381              3129.080566             1.005944
2010-11-05 09:00:00+00:00                    3966.453369                    1.19714           4.9934                         0.884                       127.5                  5.2678                       5.6455       5.773000            0.2311              3951.754883             1.003719
2010-11-05 12:00:00+00:00                    4842.439453                    1.28450           5.3094                         0.896                       127.5                  5.5878                       5.9836       6.326800            0.2312              4833.402344             1.001870
2010-11-05 15:00:00+00:00                    8797.308594                    1.62158           6.0638                         0.913                       127.5                  6.3672                       6.8157       7.598900            0.2305              8825.537109             0.996801
2010-11-05 18:00:00+00:00                   15907.368164                    2.06192           6.6080                         0.924                       142.5                  7.0494                       7.6188       8.327900            0.2334             16041.376953             0.991646
2010-11-05 21:00:00+00:00                   20107.476562                    2.30667           6.0532                         0.912                       142.5                  6.8029                       7.6969       8.327900            0.2727             20292.613281             0.990877
2010-11-06 00:00:00+00:00                   21614.048828                    2.35960           6.5872                         0.910                       127.5                  7.1483                       7.8976       9.126800            0.2609             21819.250000             0.990595
2010-11-06 03:00:00+00:00                   22654.535156                    2.37520           7.0975                         0.914                       127.5                  7.5294                       8.1627       9.126800            0.2448             22893.806641             0.989549
2010-11-06 06:00:00+00:00                   25191.513672                    2.45944           7.4754                         0.911                       127.5                  7.8627                       8.4581       9.126800            0.2362             25488.250000             0.988358
2010-11-06 09:00:00+00:00                   27786.822266                    2.54281           7.7277                         0.909                       127.5                  8.1109                       8.7131       9.126800            0.2369             28117.917969             0.988225
2010-11-06 12:00:00+00:00                   30508.257812                    2.61433           7.9704                         0.905                       127.5                  8.3719                       9.0201      10.002400            0.2454             30836.517578             0.989355
2010-11-06 15:00:00+00:00                   36836.292969                    2.77857           8.4030                         0.912                       142.5                  8.8534                       9.5826      10.002400            0.2522             37154.039062             0.991448
2010-11-06 18:00:00+00:00                   47875.597656                    3.04730           8.9790                         0.929                       142.5                  9.4775                      10.2692      10.961900            0.2502             48127.031250             0.994776
2010-11-06 21:00:00+00:00                   55839.808594                    3.20015           9.3876                         0.936                       142.5                  9.9239                      10.7721      12.013500            0.2511             55877.718750             0.999322
2010-11-07 00:00:00+00:00                   56120.507812                    3.16115           9.5569                         0.936                       142.5                 10.1233                      11.0295      12.013500            0.2569             55930.960938             1.003389
2010-11-07 03:00:00+00:00                   52376.121094                    3.04056           9.5797                         0.932                       142.5                 10.1584                      11.0980      12.013500            0.2624             52092.304688             1.005448
2010-11-07 06:00:00+00:00                   50089.882812                    2.96817           9.6116                         0.927                       142.5                 10.1874                      11.1280      12.013500            0.2636             49786.402344             1.006096
2010-11-07 09:00:00+00:00                   50293.640625                    2.96548           9.7061                         0.923                       142.5                 10.2725                      11.1909      12.013500            0.2595             49999.894531             1.005875
2010-11-07 12:00:00+00:00                   51060.628906                    2.97721           9.8127                         0.921                       142.5                 10.3707                      11.2676      12.013500            0.2549             50769.867188             1.005727
2010-11-07 15:00:00+00:00                   51577.628906                    2.97767           9.9251                         0.923                       142.5                 10.4798                      11.3653      13.166000            0.2514             51262.230469             1.006153
2010-11-07 18:00:00+00:00                   51092.609375                    2.95844           9.9669                         0.926                       142.5                 10.5205                      11.4013      13.166000            0.2498             50775.812500             1.006239
2010-11-07 21:00:00+00:00                   50873.089844                    2.94797           9.9997                         0.926                       142.5                 10.5586                      11.4327      13.166000            0.2475             50567.429688             1.006045
2010-11-08 00:00:00+00:00                   50548.972656                    2.93964           9.6091                         0.925                       142.5                 10.4724                      11.4311      13.166000            0.2472             50274.445312             1.005461
2010-11-08 03:00:00+00:00                   48836.410156                    2.96076           7.0979                         0.910                       142.5                  8.9122                      10.9134      12.013500            0.3081             48507.386719             1.006783
2010-11-08 06:00:00+00:00                   53226.816406                    3.43180           4.9526                         0.803                       142.5                  6.2192                       8.9083      12.013500            0.4839             52435.515625             1.015091
2010-11-08 09:00:00+00:00                   59508.367188                    3.64102           5.5410                         0.751                       142.5                  6.6450                       8.8521      12.013500            0.4616             58628.019531             1.015016
2010-11-08 12:00:00+00:00                   54392.792969                    3.43302           5.8350                         0.779                       142.5                  6.9790                       9.1049      13.166000            0.4355             53706.144531             1.012785
2010-11-08 15:00:00+00:00                   43140.195312                    3.00370           6.4156                         0.814                       127.5                  7.5797                       9.4553      12.013500            0.3871             42802.839844             1.007882
2010-11-08 18:00:00+00:00                   34053.382812                    2.66725           7.0221                         0.815                       127.5                  8.0128                       9.5097      12.013500            0.3476             33958.425781             1.002796
2010-11-08 21:00:00+00:00                   27178.552734                    2.41189           7.0861                         0.800                       127.5                  7.9939                       9.3269      12.013500            0.3327             27198.027344             0.999284
2010-11-09 00:00:00+00:00                   24403.333984                    2.31621           6.7775                         0.794                       127.5                  7.7733                       9.1170      12.013500            0.3286             24481.693359             0.996799
2010-11-09 03:00:00+00:00                   27440.845703                    2.44896           6.9491                         0.813                       112.5                  7.9488                       9.1943      10.961900            0.3058             27615.664062             0.993670
2010-11-09 06:00:00+00:00                   34159.273438                    2.70378           7.5969                         0.846                       127.5                  8.4234                       9.4080      10.961900            0.2687             34496.664062             0.990220
2010-11-09 09:00:00+00:00                   42293.492188                    2.98745           7.9166                         0.878                       127.5                  8.6858                       9.5484      10.961900            0.2477             42786.378906             0.988480
2010-11-09 12:00:00+00:00                   41117.015625                    2.94468           8.0164                         0.875                       127.5                  8.7336                       9.5569      10.961900            0.2432             41609.582031             0.988162
2010-11-09 15:00:00+00:00                   36609.089844                    2.79171           7.8524                         0.869                       127.5                  8.6213                       9.4746      10.961900            0.2456             37054.890625             0.987969
2010-11-09 18:00:00+00:00                   30437.056641                    2.57512           7.4482                         0.869                       127.5                  8.3206                       9.2713      10.961900            0.2568             30806.902344             0.987995
2010-11-09 21:00:00+00:00                   24978.429688                    2.37666           6.7482                         0.867                       127.5                  7.7824                       8.9474      10.002400            0.2822             25266.136719             0.988613
2010-11-10 00:00:00+00:00                   20910.007812                    2.21815           6.1913                         0.866                       127.5                  7.2822                       8.6118      10.002400            0.3080             21132.226562             0.989484
2010-11-10 03:00:00+00:00                   18196.160156                    2.11868           5.6803                         0.862                       127.5                  6.7589                       8.2258      10.002400            0.3376             18364.833984             0.990815
2010-11-10 06:00:00+00:00                   16318.146484                    2.06088           5.2672                         0.860                       112.5                  6.2862                       7.8080      10.002400            0.3643             16445.142578             0.992278
2010-11-10 09:00:00+00:00                   15396.794922                    2.03384           5.0952                         0.857                       112.5                  6.0570                       7.5694      10.002400            0.3777             15500.830078             0.993288
2010-11-10 12:00:00+00:00                   14664.083008                    2.02140           4.9372                         0.852                       112.5                  5.8377                       7.3041       9.126800            0.3884             14747.486328             0.994345
2010-11-10 15:00:00+00:00                   14482.841797                    2.01820           4.9145                         0.858                       112.5                  5.8089                       7.2396       9.126800            0.3849             14564.391602             0.994401
2010-11-10 18:00:00+00:00                   14905.759766                    2.05975           4.9093                         0.859                       112.5                  5.7736                       7.1549       9.126800            0.3831             14983.830078             0.994790
2010-11-10 21:00:00+00:00                   15099.837891                    2.04406           5.1881                         0.873                       112.5                  6.0604                       7.3554       9.126800            0.3592             15191.389648             0.993973
2010-11-11 00:00:00+00:00                   15891.187500                    2.06754           5.4207                         0.889                        97.5                  6.3111                       7.5621       9.126800            0.3420             16002.496094             0.993044
2010-11-11 03:00:00+00:00                   17381.984375                    2.14471           5.4749                         0.902                        97.5                  6.3975                       7.6847       9.126800            0.3401             17513.697266             0.992479
2010-11-11 06:00:00+00:00                   18808.763672                    2.21039           5.5658                         0.911                        97.5                  6.5181                       7.8255      10.002400            0.3366             18962.525391             0.991891
2010-11-11 09:00:00+00:00                   19946.832031                    2.25667           5.6752                         0.918                        97.5                  6.6455                       7.9580      10.002400            0.3323             20118.412109             0.991471
2010-11-11 12:00:00+00:00                   21139.343750                    2.29409           5.9129                         0.928                        97.5                  6.8864                       8.1551      10.002400            0.3207             21335.878906             0.990789
2010-11-11 15:00:00+00:00                   22318.187500                    2.33018           6.1732                         0.935                        97.5                  7.1302                       8.3397      10.002400            0.3083             22540.248047             0.990148
2010-11-11 18:00:00+00:00                   23552.876953                    2.36280           6.5494                         0.940                        97.5                  7.4467                       8.5529      10.002400            0.2925             23804.265625             0.989439
2010-11-11 21:00:00+00:00                   25045.357422                    2.40211           7.0811                         0.944                        97.5                  7.8457                       8.7922      10.002400            0.2716             25334.406250             0.988591
2010-11-12 00:00:00+00:00                   26659.593750                    2.45056           7.3562                         0.946                        97.5                  8.0873                       8.9837      10.002400            0.2623             26977.785156             0.988205
2010-11-12 03:00:00+00:00                   28780.623047                    2.51478           7.6675                         0.949                        97.5                  8.3516                       9.1973      10.002400            0.2537             29130.175781             0.988000
2010-11-12 06:00:00+00:00                   30726.294922                    2.56710           7.9549                         0.952                        97.5                  8.5956                       9.4071      10.002400            0.2481             31093.927734             0.988177
2010-11-12 09:00:00+00:00                   31680.662109                    2.58392           8.1578                         0.954                        97.5                  8.7643                       9.5587      10.002400            0.2461             32045.173828             0.988625
2010-11-12 12:00:00+00:00                   32034.916016                    2.57970           8.3376                         0.956                        97.5                  8.9003                       9.6813      10.961900            0.2460             32378.701172             0.989382
2010-11-12 15:00:00+00:00                   33567.390625                    2.61130           8.5307                         0.956                        97.5                  9.0787                       9.8702      10.961900            0.2487             33870.023438             0.991065
2010-11-12 18:00:00+00:00                   36599.144531                    2.67734           8.7696                         0.951                        97.5                  9.3293                      10.1737      10.961900            0.2577             36779.808594             0.995088
2010-11-12 21:00:00+00:00                   40438.273438                    2.75487           9.0008                         0.945                        97.5                  9.5987                      10.5291      10.961900            0.2694             40404.433594             1.000838
2010-11-13 00:00:00+00:00                   43645.304688                    2.81785           9.1675                         0.943                        97.5                  9.7979                      10.7936      10.961900            0.2762             43417.738281             1.005241
2010-11-13 03:00:00+00:00                   43897.675781                    2.80493           9.2177                         0.941                        97.5                  9.8727                      10.9177      10.961900            0.2816             43554.195312             1.007886
2010-11-13 06:00:00+00:00                   42515.148438                    2.74700           9.2108                         0.936                        97.5                  9.8922                      10.9917      12.013500            0.2884             42079.402344             1.010355
2010-11-13 09:00:00+00:00                   42739.765625                    2.73103           9.2750                         0.931                        97.5                  9.9851                      11.1360      12.013500            0.2930             42181.636719             1.013232
2010-11-13 12:00:00+00:00                   46001.242188                    2.79234           9.4630                         0.929                       112.5                 10.2032                      11.4008      15.813300            0.2945             45232.160156             1.017003
2010-11-13 15:00:00+00:00                   51233.617188                    2.89612           9.7123                         0.930                       112.5                 10.4808                      11.7239      15.813300            0.2952             50153.421875             1.021538
2010-11-13 18:00:00+00:00                   56811.531250                    3.00601           9.9620                         0.933                       112.5                 10.7462                      12.0053      15.813300            0.2918             55442.074219             1.024701
2010-11-13 21:00:00+00:00                   61124.890625                    3.09451          10.1581                         0.936                       112.5                 10.9361                      12.1679      14.429100            0.2843             59621.140625             1.025222
2010-11-14 00:00:00+00:00                   63238.730469                    3.13659          10.2864                         0.938                       112.5                 11.0544                      12.2520      14.429100            0.2768             61714.902344             1.024691
2010-11-14 03:00:00+00:00                   62349.625000                    3.11825          10.3156                         0.939                       112.5                 11.0752                      12.2408      14.429100            0.2710             60934.558594             1.023223
2010-11-14 06:00:00+00:00                   59721.664062                    3.06945          10.2089                         0.939                       112.5                 10.9908                      12.1388      14.429100            0.2674             58506.679688             1.020767
2010-11-14 09:00:00+00:00                   55645.234375                    2.98800           9.9127                         0.939                       112.5                 10.8107                      11.9832      13.166000            0.2663             54670.066406             1.017837
2010-11-14 12:00:00+00:00                   51333.285156                    2.89857           9.4743                         0.939                       112.5                 10.5613                      11.7995      13.166000            0.2670             50590.097656             1.014690
2010-11-14 15:00:00+00:00                   47371.945312                    2.81300           9.2358                         0.940                       112.5                 10.3661                      11.6148      13.166000            0.2661             46838.378906             1.011392
2010-11-14 18:00:00+00:00                   42989.910156                    2.70762           9.2463                         0.941                       112.5                 10.2596                      11.4317      13.166000            0.2620             42653.925781             1.007877
2010-11-14 21:00:00+00:00                   38310.945312                    2.58683           9.1903                         0.941                       112.5                 10.1096                      11.2180      13.166000            0.2592             38146.140625             1.004320
2010-11-15 00:00:00+00:00                   33948.019531                    2.46431           9.0627                         0.939                       112.5                  9.9268                      11.0027      12.013500            0.2589             33900.949219             1.001388
2010-11-15 03:00:00+00:00                   30774.136719                    2.36986           8.8887                         0.938                       112.5                  9.7413                      10.8200      12.013500            0.2612             30790.771484             0.999460
2010-11-15 06:00:00+00:00                   28607.031250                    2.30639           8.7092                         0.937                       112.5                  9.5501                      10.6442      12.013500            0.2662             28653.314453             0.998385
2010-11-15 09:00:00+00:00                   27106.521484                    2.26393           8.5724                         0.936                       112.5                  9.3926                      10.4876      12.013500            0.2703             27171.132812             0.997622
2010-11-15 12:00:00+00:00                   26322.376953                    2.24818           8.4745                         0.936                       112.5                  9.2623                      10.3448      12.013500            0.2733             26402.353516             0.996971
2010-11-15 15:00:00+00:00                   25814.539062                    2.24233           8.4142                         0.938                       112.5                  9.1633                      10.2175      10.961900            0.2737             25918.152344             0.996002
2010-11-15 18:00:00+00:00                   24879.199219                    2.22093           8.3485                         0.941                       112.5                  9.0531                      10.0639      10.961900            0.2720             25015.923828             0.994534
2010-11-15 21:00:00+00:00                   23300.832031                    2.17553           8.2404                         0.943                       112.5                  8.8945                       9.8540      10.961900            0.2704             23467.574219             0.992895
2010-11-16 00:00:00+00:00                   20849.148438                    2.08520           8.1030                         0.945                       112.5                  8.7176                       9.6292      10.961900            0.2679             21033.464844             0.991237
2010-11-16 03:00:00+00:00                   17610.544922                    1.94485           7.9191                         0.945                       112.5                  8.5071                       9.3801      10.961900            0.2657             17792.216797             0.989789
2010-11-16 06:00:00+00:00                   15091.206055                    1.82248           7.7403                         0.944                       112.5                  8.3181                       9.1733      10.961900            0.2658             15256.657227             0.989155
2010-11-16 09:00:00+00:00                   13291.084961                    1.73123           7.5715                         0.943                       112.5                  8.1378                       8.9696      10.002400            0.2650             13441.856445             0.988783
2010-11-16 12:00:00+00:00                   12463.369141                    1.69123           7.4855                         0.944                       112.5                  8.0325                       8.8263      10.002400            0.2602             12610.053711             0.988368
2010-11-16 15:00:00+00:00                   11881.609375                    1.65885           7.4570                         0.946                       112.5                  7.9897                       8.7538      10.002400            0.2551             12025.948242             0.987998
2010-11-16 18:00:00+00:00                   10833.163086                    1.59167           7.3909                         0.946                       112.5                  7.9186                       8.6731      10.002400            0.2546             10963.252930             0.988134
2010-11-16 21:00:00+00:00                    9940.286133                    1.52854           7.3146                         0.945                       112.5                  7.8582                       8.6297       9.126800            0.2572             10057.130859             0.988382
2010-11-17 00:00:00+00:00                    9162.627930                    1.47231           7.1816                         0.946                       112.5                  7.7553                       8.5728       9.126800            0.2657              9265.527344             0.988894
2010-11-17 03:00:00+00:00                    8529.700195                    1.43342           6.9008                         0.948                       112.5                  7.5428                       8.4231       9.126800            0.2769              8619.965820             0.989528
2010-11-17 06:00:00+00:00                    8170.611816                    1.43297           6.1038                         0.948                       112.5                  6.9958                       8.0871       9.126800            0.3016              8251.216797             0.990231
2010-11-17 09:00:00+00:00                    8618.458984                    1.59803           4.4300                         0.938                       112.5                  5.3335                       6.8901       9.126800            0.4137              8669.146484             0.994153
2010-11-17 12:00:00+00:00                   11777.329102                    1.99315           4.4128                         0.909                       112.5                  5.0057                       6.0545       9.126800            0.4048             11781.365234             0.999657
2010-11-17 15:00:00+00:00                   14841.404297                    2.19362           4.9663                         0.871                       127.5                  5.4853                       6.2902       6.326800            0.3366             14850.482422             0.999389
2010-11-17 18:00:00+00:00                   17975.376953                    2.33035           5.6942                         0.855                       127.5                  6.1063                       6.7423       6.933700            0.2866             18021.060547             0.997465
2010-11-17 21:00:00+00:00                   22559.429688                    2.51254           6.2983                         0.869                       127.5                  6.6895                       7.2758       7.598900            0.2577             22691.693359             0.994171
2010-11-18 00:00:00+00:00                   27350.482422                    2.68434           6.7472                         0.882                       127.5                  7.1510                       7.7262       8.327900            0.2408             27591.935547             0.991249
2010-11-18 03:00:00+00:00                   28974.457031                    2.73336           6.6295                         0.882                       127.5                  7.2003                       7.8951       9.126800            0.2474             29269.244141             0.989928
2010-11-18 06:00:00+00:00                   28507.687500                    2.68159           6.9832                         0.883                       127.5                  7.4585                       8.0685       9.126800            0.2337             28825.126953             0.988987
2010-11-18 09:00:00+00:00                   26791.396484                    2.59031           7.2176                         0.873                       127.5                  7.5964                       8.1257       9.126800            0.2236             27097.802734             0.988693
2010-11-18 12:00:00+00:00                   23856.470703                    2.43589           7.4260                         0.870                       127.5                  7.7189                       8.1812       9.126800            0.2143             24136.437500             0.988401
2010-11-18 15:00:00+00:00                   20932.376953                    2.27862           7.4844                         0.868                       127.5                  7.7608                       8.2034       9.126800            0.2105             21181.019531             0.988261
2010-11-18 18:00:00+00:00                   17825.224609                    2.09608           7.5629                         0.870                       112.5                  7.8282                       8.2549       9.126800            0.2067             18042.449219             0.987960
2010-11-18 21:00:00+00:00                   14975.886719                    1.91289           7.6407                         0.877                       112.5                  7.9038                       8.3261       9.126800            0.2047             15163.834961             0.987606
2010-11-19 00:00:00+00:00                   12452.434570                    1.73064           7.7513                         0.886                       112.5                  8.0257                       8.4553       9.126800            0.2031             12616.203125             0.987019
2010-11-19 03:00:00+00:00                   11064.990234                    1.61019           7.9587                         0.889                       112.5                  8.2412                       8.6731       9.126800            0.2000             11219.865234             0.986196
2010-11-19 06:00:00+00:00                    9778.103516                    1.48767           8.2096                         0.888                       127.5                  8.5159                       8.9667       9.126800            0.1993              9922.325195             0.985465
2010-11-19 09:00:00+00:00                    8345.603516                    1.36167           8.3528                         0.894                       127.5                  8.6694                       9.1260       9.126800            0.1988              8470.045898             0.985308
2010-11-19 12:00:00+00:00                    6911.382812                    1.23796           8.3562                         0.891                       127.5                  8.6746                       9.1390       9.126800            0.2025              7011.544922             0.985715
2010-11-19 15:00:00+00:00                    5760.924316                    1.13358           8.2984                         0.885                       127.5                  8.6093                       9.0820       9.126800            0.2088              5839.973633             0.986464
2010-11-19 18:00:00+00:00                    4945.185059                    1.05719           8.1685                         0.872                       127.5                  8.4751                       8.9629       9.126800            0.2172              5008.533203             0.987352
2010-11-19 21:00:00+00:00                    4521.665039                    1.01886           8.0408                         0.854                       127.5                  8.3398                       8.8275       9.126800            0.2212              4577.236816             0.987859
2010-11-20 00:00:00+00:00                    4406.534668                    1.01219           7.9683                         0.847                       142.5                  8.2558                       8.7236       9.126800            0.2185              4461.028320             0.987785
2010-11-20 03:00:00+00:00                    4345.127441                    1.00547           7.9425                         0.843                       142.5                  8.2523                       8.7216       9.126800            0.2148              4400.919434             0.987323
2010-11-20 06:00:00+00:00                    4025.354248                    0.96292           7.9711                         0.839                       142.5                  8.3349                       8.8119       9.126800            0.2089              4080.734131             0.986429
2010-11-20 09:00:00+00:00                    3350.712891                    0.91394           4.6689                         0.827                       142.5                  6.2109                       8.1870       9.126800            0.3337              3400.312256             0.985413
2010-11-20 12:00:00+00:00                    4256.455078                    1.24751           3.6634                         0.746                       172.5                  4.2606                       5.6096       9.126800            0.5139              4262.938477             0.998479
2010-11-20 15:00:00+00:00                    5218.441406                    1.40740           3.9410                         0.809                       187.5                  4.4564                       5.3963       5.267700            0.4275              5211.651367             1.001303
2010-11-20 18:00:00+00:00                    5099.591309                    1.38165           4.0917                         0.843                       187.5                  4.6186                       5.4713       5.773000            0.3793              5095.155273             1.000871
2010-11-20 21:00:00+00:00                    3713.783203                    1.14439           4.3298                         0.901                       187.5                  4.9294                       5.8036       6.933700            0.3438              3716.396729             0.999297
2010-11-21 00:00:00+00:00                    2110.348389                    0.87054           4.0466                         0.920                       187.5                  4.7304                       5.7186       6.933700            0.3590              2117.805908             0.996479
2010-11-21 03:00:00+00:00                    1395.199463                    0.68960           4.8659                         0.945                       187.5                  5.3517                       5.9928       5.773000            0.2939              1395.322021             0.999912
2010-11-21 06:00:00+00:00                     877.374207                    0.54708           5.0379                         0.949                       187.5                  5.4344                       5.9825       5.773000            0.2813               876.603516             1.000879
2010-11-21 09:00:00+00:00                     374.870117                    0.35689           4.8816                         0.938                       187.5                  5.3398                       6.0085       8.327900            0.3135               374.742126             1.000342
2010-11-21 12:00:00+00:00                     186.473038                    0.24822           4.5817                         0.928                       172.5                  5.2453                       6.1892       8.327900            0.3474               186.962479             0.997382
2010-11-21 15:00:00+00:00                     117.358040                    0.18956           4.5473                         0.943                       172.5                  5.4753                       6.6878       8.327900            0.3426               118.233482             0.992596
2010-11-21 18:00:00+00:00                      84.375732                    0.15590           4.5550                         0.954                       172.5                  5.7241                       7.1141       8.327900            0.3231                85.325264             0.988872
2010-11-21 21:00:00+00:00                      68.985832                    0.15240           3.1170                         0.907                       172.5                  4.0869                       6.1911       7.598900            0.4747                70.500137             0.978521
2010-11-22 00:00:00+00:00                      57.346489                    0.13588           3.4137                         0.913                       172.5                  4.5059                       6.4434       7.598900            0.4192                58.431290             0.981435
2010-11-22 03:00:00+00:00                      59.689991                    0.13372           4.8670                         0.917                       172.5                  5.7646                       6.8256       7.598900            0.3129                60.105980             0.993079
2010-11-22 06:00:00+00:00                      70.645317                    0.15037           4.2786                         0.894                       157.5                  5.1696                       6.4063       6.933700            0.3598                71.127274             0.993224
2010-11-22 09:00:00+00:00                      84.579803                    0.16846           4.0802                         0.883                       157.5                  4.8985                       6.1156       6.326800            0.3761                85.046310             0.994515
2010-11-22 12:00:00+00:00                      92.305847                    0.17394           4.3013                         0.907                       157.5                  5.1590                       6.2561       6.326800            0.3438                92.843674             0.994207
2010-11-22 15:00:00+00:00                     349.803070                    0.48638           2.4642                         0.793                       217.5                  2.6953                       3.1838       3.040300            0.4877               361.665985             0.967199
2010-11-22 18:00:00+00:00                     957.006592                    0.72048           3.1296                         0.866                       202.5                  3.4068                       3.8256       4.001900            0.3301               957.784424             0.999188
2010-11-22 21:00:00+00:00                    1008.719666                    0.68914           3.4882                         0.910                       187.5                  3.8330                       4.3760       4.385800            0.3450              1006.154541             1.002549
2010-11-23 00:00:00+00:00                    1362.322876                    0.75358           4.0005                         0.942                       172.5                  4.3622                       4.9143       4.806500            0.3213              1356.159302             1.004545
2010-11-23 03:00:00+00:00                    1856.104614                    0.84952           4.4181                         0.949                       172.5                  4.7626                       5.2564       5.267700            0.2851              1847.810181             1.004489
2010-11-23 06:00:00+00:00                    1863.759277                    0.83827           4.5641                         0.949                       172.5                  4.9175                       5.4182       5.267700            0.2795              1856.663574             1.003822
2010-11-23 09:00:00+00:00                    1823.065186                    0.82230           4.6728                         0.949                       172.5                  5.0200                       5.5058       6.326800            0.2708              1816.586914             1.003566
2010-11-23 12:00:00+00:00                    1841.269653                    0.82392           4.7690                         0.950                       172.5                  5.0944                       5.5373       5.773000            0.2537              1834.588013             1.003642
2010-11-23 15:00:00+00:00                    1780.369629                    0.81063           4.7988                         0.950                       172.5                  5.1123                       5.5306       5.773000            0.2426              1773.649292             1.003789
2010-11-23 18:00:00+00:00                    1653.689575                    0.77587           4.8243                         0.950                       157.5                  5.1624                       5.6081       6.326800            0.2440              1648.459595             1.003173
2010-11-23 21:00:00+00:00                    1622.433838                    0.75831           4.9165                         0.959                       157.5                  5.2788                       5.7593       6.933700            0.2487              1618.846191             1.002216
2010-11-24 00:00:00+00:00                    1413.074341                    0.70357           4.8775                         0.963                       157.5                  5.2762                       5.8280       7.598900            0.2692              1410.862305             1.001568
2010-11-24 03:00:00+00:00                    1140.577515                    0.63450           4.7658                         0.964                       157.5                  5.1848                       5.7858       7.598900            0.2880              1138.804565             1.001557
2010-11-24 06:00:00+00:00                     929.433105                    0.58879           4.4813                         0.961                       157.5                  4.9102                       5.4837       5.773000            0.2853               927.476379             1.002110
2010-11-24 09:00:00+00:00                     937.972595                    0.63788           3.4874                         0.944                       157.5                  4.0206                       4.7730       5.773000            0.3346               942.832397             0.994846
2010-11-24 12:00:00+00:00                    1075.930054                    0.67204           3.8292                         0.939                       172.5                  4.3064                       4.9031       5.773000            0.2864              1076.013184             0.999923
2010-11-24 15:00:00+00:00                     937.149780                    0.64163           3.2735                         0.929                       172.5                  3.8602                       4.7418       6.326800            0.3543               947.509827             0.989066
2010-11-24 18:00:00+00:00                     815.106201                    0.64302           2.8490                         0.721                       172.5                  3.2507                       4.1262       6.326800            0.4551               824.561157             0.988533
2010-11-24 21:00:00+00:00                     581.714355                    0.54018           2.6857                         0.755                       172.5                  3.1414                       4.2203       6.326800            0.4990               595.560608             0.976751
2010-11-25 00:00:00+00:00                     424.108765                    0.47879           2.4417                         0.724                       172.5                  2.8562                       3.9893       6.933700            0.5582               441.571106             0.960454
2010-11-25 03:00:00+00:00                     315.876251                    0.44481           2.1650                         0.688                       172.5                  2.5150                       3.5942       6.933700            0.6189               342.440125             0.922428
2010-11-25 06:00:00+00:00                     187.918381                    0.32860           2.2335                         0.742                       172.5                  2.6472                       3.8772       6.933700            0.6032               201.990936             0.930331
2010-11-25 09:00:00+00:00                     133.622131                    0.30187           2.0961                         0.582                       172.5                  2.3914                       3.3417       6.933700            0.6766               146.382065             0.912831
2010-11-25 12:00:00+00:00                      93.374901                    0.24382           2.0679                         0.550                       142.5                  2.3594                       3.5162       6.326800            0.8564               100.603447             0.928148
2010-11-25 15:00:00+00:00                     135.343567                    0.28482           1.9732                         0.594                       127.5                  2.2467                       3.7094      13.166000            1.0354               145.017960             0.933288
2010-11-25 18:00:00+00:00                     204.836609                    0.25289           2.3553                         0.812                       112.5                  3.0127                       6.4876      13.166000            0.8349               203.845535             1.004862
2010-11-25 21:00:00+00:00                     304.722137                    0.25880           3.0968                         0.879                       112.5                  4.4510                       8.9421      12.013500            0.5907               299.405273             1.017758
2010-11-26 00:00:00+00:00                     394.362091                    0.26994           5.1972                         0.879                       112.5                  7.3135                      10.5150      14.429100            0.3975               387.378143             1.018029
2010-11-26 03:00:00+00:00                     432.048523                    0.29084           5.4959                         0.831                       112.5                  7.4504                      10.0172      14.429100            0.3816               426.863739             1.012146
2010-11-26 06:00:00+00:00                     398.150391                    0.28945           5.9157                         0.803                       127.5                  7.5732                       9.4515      13.166000            0.3484               397.301422             1.002137
2010-11-26 09:00:00+00:00                     300.216187                    0.26390           6.1114                         0.777                       142.5                  7.3718                       8.6961       7.598900            0.3121               302.227112             0.993346
2010-11-26 12:00:00+00:00                     211.274414                    0.23173           5.7973                         0.776                       142.5                  6.8364                       7.9960       8.327900            0.3001               213.210159             0.990921
2010-11-26 15:00:00+00:00                     154.086197                    0.20831           4.3364                         0.797                       157.5                  5.5842                       7.2741       8.327900            0.3566               155.938873             0.988119
2010-11-26 18:00:00+00:00                     171.984009                    0.27379           2.7951                         0.857                       172.5                  3.2791                       4.7852       8.327900            0.6149               174.155426             0.987532
2010-11-26 21:00:00+00:00                     176.642776                    0.28731           2.9781                         0.889                       172.5                  3.3669                       4.4395       8.327900            0.5706               177.500061             0.995170
2010-11-27 00:00:00+00:00                     308.480713                    0.38993           3.3353                         0.903                       157.5                  3.6249                       4.1804       3.651600            0.4114               307.310333             1.003808
2010-11-27 03:00:00+00:00                     403.406952                    0.43303           3.6587                         0.911                       157.5                  3.9463                       4.4144       4.385800            0.3367               400.862366             1.006348
2010-11-27 06:00:00+00:00                     420.378998                    0.42948           3.7877                         0.903                       157.5                  4.1397                       4.6762       4.806500            0.3251               418.458954             1.004588
2010-11-27 09:00:00+00:00                     513.708801                    0.47199           3.6328                         0.881                       157.5                  4.0822                       4.7500       5.773000            0.3384               513.635498             1.000143
2010-11-27 12:00:00+00:00                     690.845642                    0.52831           3.8901                         0.896                       157.5                  4.3724                       5.0828       6.326800            0.3307               690.205872             1.000927
2010-11-27 15:00:00+00:00                     696.081421                    0.56403           3.1423                         0.861                       157.5                  3.6318                       4.5511       6.326800            0.4232               701.808655             0.991839
2010-11-27 18:00:00+00:00                    1100.412476                    0.75109           3.0534                         0.753                       172.5                  3.4110                       4.0630       3.651600            0.4077              1107.299683             0.993780
2010-11-27 21:00:00+00:00                    1928.799561                    0.96403           3.3555                         0.729                       187.5                  3.7119                       4.2872       4.806500            0.3560              1927.795410             1.000521
2010-11-28 00:00:00+00:00                    1858.309082                    0.87111           3.7415                         0.800                       172.5                  4.2345                       5.0303       5.267700            0.3760              1856.434814             1.001010
2010-11-28 03:00:00+00:00                    1683.405884                    0.77496           3.7834                         0.849                       172.5                  4.5354                       5.7634       6.326800            0.4281              1691.967651             0.994940
2010-11-28 06:00:00+00:00                    1436.929077                    0.64206           5.0551                         0.894                       157.5                  5.8545                       7.0889      10.961900            0.3826              1441.844482             0.996591
2010-11-28 09:00:00+00:00                    1193.077026                    0.56173           5.2541                         0.902                       157.5                  6.2329                       7.6776      10.961900            0.3732              1200.252686             0.994022
2010-11-28 12:00:00+00:00                     962.856812                    0.50911           5.3017                         0.894                       157.5                  6.1786                       7.5416      10.961900            0.3755               967.523071             0.995177
2010-11-28 15:00:00+00:00                     795.635559                    0.45995           5.4953                         0.908                       157.5                  6.3933                       7.6381      10.002400            0.3475               800.345093             0.994116
2010-11-28 18:00:00+00:00                     729.876343                    0.43153           5.9360                         0.929                       157.5                  6.8558                       7.9558      10.002400            0.3110               735.449280             0.992422
2010-11-28 21:00:00+00:00                     826.441711                    0.44919           6.3587                         0.941                       157.5                  7.2936                       8.3102       9.126800            0.2852               834.468628             0.990381
2010-11-29 00:00:00+00:00                     994.227478                    0.48346           6.7318                         0.947                       157.5                  7.6906                       8.6306       9.126800            0.2582              1006.212402             0.988089
2010-11-29 03:00:00+00:00                    1091.753906                    0.50154           6.8937                         0.951                       157.5                  7.9038                       8.8089       9.126800            0.2407              1106.654175             0.986536
2010-11-29 06:00:00+00:00                    1050.596069                    0.48984           6.8863                         0.952                       157.5                  7.9853                       8.8900       9.126800            0.2321              1065.958618             0.985588
2010-11-29 09:00:00+00:00                     975.610779                    0.47060           7.1414                         0.953                       157.5                  8.1528                       8.9448       9.126800            0.2212               990.317200             0.985150
2010-11-29 12:00:00+00:00                     893.491821                    0.45055           7.4377                         0.952                       157.5                  8.2582                       8.9357       9.126800            0.2156               906.747192             0.985381
2010-11-29 15:00:00+00:00                     811.999817                    0.43117           7.4108                         0.952                       157.5                  8.1833                       8.8675       9.126800            0.2208               823.680298             0.985819
2010-11-29 18:00:00+00:00                     757.037964                    0.41755           7.2924                         0.954                       157.5                  8.1022                       8.8169       9.126800            0.2250               767.779846             0.986009
2010-11-29 21:00:00+00:00                     740.185852                    0.41402           7.2218                         0.957                       157.5                  8.0408                       8.7705       9.126800            0.2285               750.632324             0.986083
2010-11-30 00:00:00+00:00                     752.037537                    0.41979           7.1477                         0.959                       157.5                  7.9259                       8.6695      10.002400            0.2346               762.265137             0.986583
2010-11-30 03:00:00+00:00                     764.644287                    0.42475           7.2272                         0.961                       157.5                  7.9514                       8.6157       9.126800            0.2233               775.244812             0.986326
2010-11-30 06:00:00+00:00                     809.655579                    0.43815           7.5327                         0.963                       157.5                  8.0972                       8.5800       9.126800            0.1954               821.304321             0.985817
2010-11-30 09:00:00+00:00                     819.861877                    0.44375           7.7368                         0.963                       157.5                  8.1165                       8.4738       8.327900            0.1789               831.377319             0.986149
2010-11-30 12:00:00+00:00                     709.161255                    0.41422           7.6382                         0.963                       157.5                  8.0449                       8.4143       8.327900            0.1766               719.017822             0.986292
2010-11-30 15:00:00+00:00                     584.693481                    0.37933           6.8715                         0.963                       157.5                  7.7041                       8.2820       8.327900            0.1893               592.954102             0.986069
2010-11-30 18:00:00+00:00                     474.548981                    0.35144           4.8859                         0.964                       157.5                  6.4642                       7.8786       8.327900            0.2563               482.792969             0.982924
2010-11-30 21:00:00+00:00                     463.110138                    0.41750           3.0021                         0.934                       157.5                  3.6801                       5.5225       8.327900            0.5483               469.758087             0.985848
2010-12-01 00:00:00+00:00                     428.217346                    0.42432           2.9466                         0.917                       172.5                  3.4656                       4.9396       8.327900            0.5843               432.260315             0.990647
2010-12-01 03:00:00+00:00                     639.038940                    0.51038           2.9829                         0.866                       157.5                  3.4260                       4.9334       7.598900            0.7695               624.570618             1.023165
2010-12-01 06:00:00+00:00                    1743.740723                    0.70733           3.3708                         0.872                       142.5                  4.0425                       6.6996      15.813300            0.7913              1649.274170             1.057278
2010-12-01 09:00:00+00:00                    4402.224609                    1.03670           3.8473                         0.881                       127.5                  4.7629                       7.8752      14.429100            0.6781              4199.202148             1.048348
2010-12-01 12:00:00+00:00                    7276.392090                    1.34628           4.2016                         0.866                       127.5                  5.1243                       7.8255      14.429100            0.6199              7034.434082             1.034396
2010-12-01 15:00:00+00:00                   10678.148438                    1.69210           4.3418                         0.845                       127.5                  5.1726                       7.3612      13.166000            0.5890             10418.912109             1.024881
2010-12-01 18:00:00+00:00                   15429.506836                    2.07565           4.6672                         0.831                       142.5                  5.4176                       7.1248      13.166000            0.5336             15148.829102             1.018528
2010-12-01 21:00:00+00:00                   21711.072266                    2.48524           4.9376                         0.836                       142.5                  5.6341                       7.0298       6.326800            0.4800             21413.484375             1.013897
2010-12-02 00:00:00+00:00                   30437.615234                    2.93285           5.3604                         0.845                       142.5                  5.9895                       7.1082       6.933700            0.4154             30170.791016             1.008844
2010-12-02 03:00:00+00:00                   40790.484375                    3.34786           5.7937                         0.861                       142.5                  6.3912                       7.3401       7.598900            0.3567             40662.457031             1.003149
2010-12-02 06:00:00+00:00                   51740.023438                    3.65948           6.5846                         0.870                       142.5                  7.0564                       7.8091       8.327900            0.3000             51860.371094             0.997679
2010-12-02 09:00:00+00:00                   55732.371094                    3.68113           7.3408                         0.873                       142.5                  7.6995                       8.3153       8.327900            0.2637             56078.234375             0.993832
2010-12-02 12:00:00+00:00                   57251.277344                    3.66153           7.7005                         0.878                       142.5                  8.0447                       8.6316       9.126800            0.2499             57722.777344             0.991832
2010-12-02 15:00:00+00:00                   58292.500000                    3.64531           7.9311                         0.885                       142.5                  8.2784                       8.8632       9.126800            0.2433             58844.597656             0.990618
2010-12-02 18:00:00+00:00                   58538.046875                    3.61805           8.0937                         0.890                       142.5                  8.4451                       9.0312       9.126800            0.2392             59137.390625             0.989865
2010-12-02 21:00:00+00:00                   56435.085938                    3.52797           8.1959                         0.891                       142.5                  8.5553                       9.1520       9.126800            0.2383             57030.601562             0.989558
2010-12-03 00:00:00+00:00                   53588.683594                    3.41929           8.2718                         0.897                       127.5                  8.6398                       9.2473      10.002400            0.2378             54165.753906             0.989346
2010-12-03 03:00:00+00:00                   50087.992188                    3.29739           8.2990                         0.900                       127.5                  8.6743                       9.2920      10.002400            0.2382             50632.171875             0.989252
2010-12-03 06:00:00+00:00                   45900.375000                    3.15471           8.2948                         0.903                       127.5                  8.6770                       9.3033      10.002400            0.2386             46405.312500             0.989119
2010-12-03 09:00:00+00:00                   41326.925781                    2.99927           8.2679                         0.905                       127.5                  8.6503                       9.2731      10.002400            0.2372             41799.792969             0.988687
2010-12-03 12:00:00+00:00                   36069.675781                    2.81984           8.1924                         0.904                       127.5                  8.5652                       9.1686       9.126800            0.2339             36504.433594             0.988090
2010-12-03 15:00:00+00:00                   30547.103516                    2.62176           8.0688                         0.899                       127.5                  8.4251                       8.9979       9.126800            0.2295             30930.812500             0.987595
2010-12-03 18:00:00+00:00                   25284.246094                    2.41546           7.9037                         0.889                       127.5                  8.2434                       8.7878       9.126800            0.2262             25603.164062             0.987544
2010-12-03 21:00:00+00:00                   21094.613281                    2.23205           7.7406                         0.876                       127.5                  8.0684                       8.5944       9.126800            0.2252             21352.027344             0.987944
2010-12-04 00:00:00+00:00                   17638.466797                    2.06135           7.5824                         0.865                       112.5                  7.9049                       8.4282       9.126800            0.2287             17837.779297             0.988826
2010-12-04 03:00:00+00:00                   14805.706055                    1.90418           7.4306                         0.851                       112.5                  7.7545                       8.2898       8.327900            0.2360             14956.692383             0.989905
2010-12-04 06:00:00+00:00                   12845.064453                    1.78269           7.3224                         0.836                       112.5                  7.6522                       8.2043       8.327900            0.2429             12965.974609             0.990675
2010-12-04 09:00:00+00:00                   11175.540039                    1.67164           7.2168                         0.824                       127.5                  7.5530                       8.1185       8.327900            0.2480             11274.802734             0.991196
2010-12-04 12:00:00+00:00                    9788.502930                    1.57102           7.1252                         0.816                       127.5                  7.4722                       8.0525       8.327900            0.2521              9872.760742             0.991466
2010-12-04 15:00:00+00:00                    8842.335938                    1.49438           7.1050                         0.807                       127.5                  7.4538                       8.0397       8.327900            0.2538              8917.989258             0.991517
2010-12-04 18:00:00+00:00                    8255.558594                    1.43730           7.1806                         0.801                       127.5                  7.5236                       8.1102       9.126800            0.2547              8326.231445             0.991512
2010-12-04 21:00:00+00:00                    7823.331055                    1.38284           7.3187                         0.804                       127.5                  7.6749                       8.2895       9.126800            0.2602              7887.635254             0.991847
2010-12-05 00:00:00+00:00                    7746.967773                    1.33393           7.6298                         0.832                       112.5                  8.0578                       8.7847      10.002400            0.2721              7805.436035             0.992509
2010-12-05 03:00:00+00:00                    8467.026367                    1.34399           8.1331                         0.873                       112.5                  8.6469                       9.4296      12.013500            0.2587              8544.555664             0.990926
2010-12-05 06:00:00+00:00                    8155.592773                    1.30120           8.3622                         0.888                       112.5                  8.9083                       9.6773      12.013500            0.2487              8234.122070             0.990463
2010-12-05 09:00:00+00:00                    7672.600586                    1.24541           8.5414                         0.901                       112.5                  9.1292                       9.9151      12.013500            0.2459              7741.726562             0.991071
2010-12-05 12:00:00+00:00                    7674.505859                    1.23391           8.7231                         0.919                       112.5                  9.3213                      10.0962      12.013500            0.2387              7748.295898             0.990477
2010-12-05 15:00:00+00:00                    7310.150391                    1.20698           8.7108                         0.932                       112.5                  9.3015                      10.0649      12.013500            0.2352              7389.127930             0.989312
2010-12-05 18:00:00+00:00                    6678.895020                    1.16181           8.5704                         0.938                       112.5                  9.1651                       9.9398      10.961900            0.2372              6755.243652             0.988698
2010-12-05 21:00:00+00:00                    6431.055176                    1.14303           8.5363                         0.943                       112.5                  9.1280                       9.8943      10.961900            0.2361              6506.562012             0.988395
2010-12-06 00:00:00+00:00                    6426.366211                    1.14071           8.5602                         0.948                       112.5                  9.1623                       9.9257      10.961900            0.2341              6502.207520             0.988336
2010-12-06 03:00:00+00:00                    6669.536133                    1.15874           8.6587                         0.952                       112.5                  9.2594                       9.9902      10.961900            0.2251              6756.107910             0.987186
2010-12-06 06:00:00+00:00                    6802.750977                    1.17791           8.6522                         0.956                        97.5                  9.2191                       9.8874      10.961900            0.2140              6904.558594             0.985255
2010-12-06 09:00:00+00:00                    6281.561035                    1.14004           8.5419                         0.959                        97.5                  9.0876                       9.7480      10.961900            0.2188              6370.167969             0.986090
2010-12-06 12:00:00+00:00                    8054.060547                    1.25671           8.9755                         0.960                        97.5                  9.5217                      10.2090      10.961900            0.2253              8133.682129             0.990211
2010-12-06 15:00:00+00:00                   12970.130859                    1.57907           6.5874                         0.957                       112.5                  8.7106                      10.3900      10.961900            0.2586             13086.341797             0.991120
2010-12-06 18:00:00+00:00                   17488.574219                    1.89272           5.8226                         0.916                       112.5                  7.4389                       9.7286      10.961900            0.3553             17520.953125             0.998152
2010-12-06 21:00:00+00:00                   19255.869141                    2.02469           5.7492                         0.873                       112.5                  7.1691                       9.3619      10.961900            0.3833             19243.095703             1.000664
2010-12-07 00:00:00+00:00                   19459.710938                    2.06635           5.6758                         0.830                       112.5                  6.9886                       9.0882      10.961900            0.3979             19419.136719             1.002089
2010-12-07 03:00:00+00:00                   18837.386719                    2.06664           5.5177                         0.792                       127.5                  6.7423                       8.8008      10.961900            0.4146             18771.792969             1.003494
2010-12-07 06:00:00+00:00                   17412.591797                    1.96941           5.7374                         0.797                       127.5                  6.9614                       8.9462      10.961900            0.4033             17346.628906             1.003803
2010-12-07 09:00:00+00:00                   16292.994141                    1.88523           5.8599                         0.805                       127.5                  7.1236                       9.1180      13.166000            0.3969             16220.526367             1.004468
2010-12-07 12:00:00+00:00                   15413.834961                    1.81932           5.9593                         0.811                       127.5                  7.2334                       9.2418      13.166000            0.3963             15324.827148             1.005808
2010-12-07 15:00:00+00:00                   14755.885742                    1.78280           5.7472                         0.808                       127.5                  7.0504                       9.1986      13.166000            0.4118             14642.448242             1.007747
2010-12-07 18:00:00+00:00                   14080.204102                    1.73437           5.7327                         0.811                       127.5                  7.0446                       9.2567      13.166000            0.4178             13951.044922             1.009258
2010-12-07 21:00:00+00:00                   13765.498047                    1.68162           6.1053                         0.827                       127.5                  7.4638                       9.6041      13.166000            0.3967             13641.415039             1.009096
2010-12-08 00:00:00+00:00                   14829.901367                    1.70367           6.7495                         0.851                       127.5                  8.0969                      10.0670      13.166000            0.3613             14725.199219             1.007110
2010-12-08 03:00:00+00:00                   18059.832031                    1.82846           7.6140                         0.881                       112.5                  8.9571                      10.6515      13.166000            0.3066             18021.914062             1.002104
2010-12-08 06:00:00+00:00                   19129.912109                    1.87371           8.1025                         0.900                       112.5                  9.3671                      10.7938      12.013500            0.2707             19197.509766             0.996479
2010-12-08 09:00:00+00:00                   14973.330078                    1.68296           7.7040                         0.893                       112.5                  9.0289                      10.5155      12.013500            0.2788             15058.111328             0.994370
2010-12-08 12:00:00+00:00                   10806.379883                    1.45100           7.2923                         0.887                       112.5                  8.6400                      10.2343      12.013500            0.2948             10871.910156             0.993973
2010-12-08 15:00:00+00:00                    7823.851074                    1.25949           6.6897                         0.874                       112.5                  8.0988                       9.8622      10.961900            0.3187              7872.529297             0.993817
2010-12-08 18:00:00+00:00                    5869.853027                    1.11053           6.4672                         0.863                       112.5                  7.7894                       9.5498      10.961900            0.3291              5913.340820             0.992646
2010-12-08 21:00:00+00:00                    4464.563965                    0.99748           6.0665                         0.832                       112.5                  7.2714                       9.0377      10.961900            0.3526              4498.358398             0.992487
2010-12-09 00:00:00+00:00                    3097.144043                    0.85629           5.7213                         0.786                       112.5                  6.8094                       8.5308      10.961900            0.3730              3117.817383             0.993369
2010-12-09 03:00:00+00:00                    2149.518311                    0.74562           5.2745                         0.728                       127.5                  6.1896                       7.8188      10.961900            0.4094              2155.762207             0.997104
2010-12-09 06:00:00+00:00                    1617.271484                    0.66587           5.0834                         0.723                       142.5                  5.8846                       7.3765      10.002400            0.4246              1616.954468             1.000196
2010-12-09 09:00:00+00:00                    1353.168457                    0.61802           5.0265                         0.788                       172.5                  5.7603                       7.1665      10.002400            0.4282              1351.256714             1.001415
2010-12-09 12:00:00+00:00                    1099.274780                    0.55152           5.0944                         0.858                       172.5                  5.8668                       7.3133      10.002400            0.4188              1099.286499             0.999989
2010-12-09 15:00:00+00:00                     929.243408                    0.50428           5.1536                         0.905                       172.5                  5.9422                       7.4027      10.002400            0.4094               930.855835             0.998268
2010-12-09 18:00:00+00:00                     787.625488                    0.46189           5.2044                         0.931                       172.5                  6.0257                       7.4888      10.002400            0.3948               790.500366             0.996363
2010-12-09 21:00:00+00:00                     672.326355                    0.42549           5.2260                         0.944                       172.5                  6.0760                       7.5398      10.002400            0.3838               675.627930             0.995113
2010-12-10 00:00:00+00:00                     573.260925                    0.38935           5.2913                         0.953                       172.5                  6.2089                       7.6826      10.002400            0.3671               577.026672             0.993474
2010-12-10 03:00:00+00:00                     485.957703                    0.35562           5.4003                         0.956                       172.5                  6.3755                       7.8119      10.002400            0.3467               489.929382             0.991893
2010-12-10 06:00:00+00:00                     416.209900                    0.32673           5.5467                         0.955                       172.5                  6.5639                       7.9296       9.126800            0.3240               420.141541             0.990642
2010-12-10 09:00:00+00:00                     373.411438                    0.30743           5.7566                         0.951                       172.5                  6.7805                       8.0358       9.126800            0.3027               377.237305             0.989858
2010-12-10 12:00:00+00:00                     339.212646                    0.29099           6.0274                         0.948                       172.5                  7.0130                       8.1453       9.126800            0.2836               342.841522             0.989415
2010-12-10 15:00:00+00:00                     312.259583                    0.27614           6.5118                         0.947                       172.5                  7.4018                       8.3223       9.126800            0.2545               315.847748             0.988640
2010-12-10 18:00:00+00:00                     290.746277                    0.26539           6.8364                         0.948                       172.5                  7.6028                       8.3886       9.126800            0.2398               294.197449             0.988269
2010-12-10 21:00:00+00:00                     262.619812                    0.25157           7.0959                         0.949                       172.5                  7.7429                       8.4321       9.126800            0.2285               265.807922             0.988006
2010-12-11 00:00:00+00:00                     232.198807                    0.23621           7.1564                         0.950                       172.5                  7.8052                       8.4592       8.327900            0.2204               235.138611             0.987498
2010-12-11 03:00:00+00:00                     212.604950                    0.23420           4.4990                         0.955                       172.5                  6.1284                       7.9490       8.327900            0.3047               216.427399             0.982338
2010-12-11 06:00:00+00:00                     293.158752                    0.35587           2.7776                         0.913                       172.5                  3.2683                       4.8376       8.327900            0.6296               297.558411             0.985214
2010-12-11 09:00:00+00:00                     353.449005                    0.41872           2.7529                         0.924                       187.5                  3.1491                       4.2384       8.327900            0.5970               359.425781             0.983371
2010-12-11 12:00:00+00:00                     516.221558                    0.52588           2.8732                         0.918                       187.5                  3.2119                       3.9136       3.651600            0.4842               522.320557             0.988323
2010-12-11 15:00:00+00:00                     674.879822                    0.57176           3.3341                         0.942                       187.5                  3.6969                       4.2707       4.385800            0.3678               675.434387             0.999179
2010-12-11 18:00:00+00:00                     650.505066                    0.54304           3.6676                         0.953                       187.5                  4.0148                       4.5347       4.385800            0.3298               648.128235             1.003667
2010-12-11 21:00:00+00:00                     523.780457                    0.48123           3.7511                         0.952                       187.5                  4.0989                       4.6428       5.267700            0.3347               521.505493             1.004362
2010-12-12 00:00:00+00:00                     402.029816                    0.42384           3.6977                         0.946                       172.5                  4.0394                       4.5955       4.385800            0.3471               400.283844             1.004362
2010-12-12 03:00:00+00:00                     321.431824                    0.38256           3.6595                         0.952                       172.5                  3.9861                       4.5115       4.385800            0.3418               319.962585             1.004592
2010-12-12 06:00:00+00:00                     253.196503                    0.34194           3.6238                         0.958                       172.5                  3.9444                       4.4500       4.385800            0.3339               252.031158             1.004624
2010-12-12 09:00:00+00:00                     189.168243                    0.29846           3.5302                         0.962                       172.5                  3.8516                       4.3692       4.385800            0.3442               188.419678             1.003973
2010-12-12 12:00:00+00:00                     136.376923                    0.25702           3.3460                         0.961                       172.5                  3.6894                       4.2634       4.385800            0.3699               136.246292             1.000959
2010-12-12 15:00:00+00:00                     184.303741                    0.40667           1.9929                         0.912                       157.5                  2.2018                       2.6823       2.309700            0.5112               212.281616             0.868204
2010-12-12 18:00:00+00:00                    1374.403687                    0.90816           2.9222                         0.867                       157.5                  3.1660                       3.4857       3.651600            0.2641              1383.325562             0.993550
2010-12-12 21:00:00+00:00                    7034.940918                    1.73840           4.0036                         0.839                       157.5                  4.3433                       4.7705       5.267700            0.2510              6998.756348             1.005170
2010-12-13 00:00:00+00:00                   16957.191406                    2.43795           4.9498                         0.833                       172.5                  5.3382                       5.8249       6.326800            0.2424             16930.861328             1.001555
2010-12-13 03:00:00+00:00                   32144.757812                    3.18800           5.3185                         0.844                       172.5                  5.8227                       6.4554       6.933700            0.2603             32226.683594             0.997458
2010-12-13 06:00:00+00:00                   54942.148438                    3.90826           6.3516                         0.861                       172.5                  6.7711                       7.3311       7.598900            0.2353             55343.367188             0.992750
2010-12-13 09:00:00+00:00                   67818.375000                    4.15746           7.1018                         0.877                       172.5                  7.4657                       7.9896       8.327900            0.2213             68569.671875             0.989043
2010-12-13 12:00:00+00:00                   67986.531250                    4.02758           7.7801                         0.889                       157.5                  8.0760                       8.5262       9.126800            0.2024             68936.445312             0.986220
2010-12-13 15:00:00+00:00                   67229.546875                    3.93092           8.1030                         0.899                       157.5                  8.3951                       8.8419       9.126800            0.1987             68251.960938             0.985020
2010-12-13 18:00:00+00:00                   64410.253906                    3.80869           8.2361                         0.899                       157.5                  8.5436                       9.0145       9.126800            0.2021             65404.652344             0.984796
2010-12-13 21:00:00+00:00                   59617.687500                    3.64921           8.2695                         0.905                       142.5                  8.5905                       9.0833      10.002400            0.2062             60529.968750             0.984928
2010-12-14 00:00:00+00:00                   55879.019531                    3.52264           8.2527                         0.907                       142.5                  8.6033                       9.1318      10.002400            0.2112             56724.726562             0.985091
2010-12-14 03:00:00+00:00                   52864.039062                    3.42573           8.1650                         0.898                       142.5                  8.5580                       9.1318      10.002400            0.2177             53646.589844             0.985413
2010-12-14 06:00:00+00:00                   50365.863281                    3.32729           8.2662                         0.887                       127.5                  8.6453                       9.2161      10.002400            0.2181             51105.726562             0.985523
2010-12-14 09:00:00+00:00                   51494.238281                    3.32500           8.4649                         0.887                       127.5                  8.8427                       9.4196      10.002400            0.2183             52238.285156             0.985757
2010-12-14 12:00:00+00:00                   56103.039062                    3.40895           8.7212                         0.890                       127.5                  9.1216                       9.7316      10.961900            0.2213             56855.117188             0.986772
2010-12-14 15:00:00+00:00                   62020.488281                    3.51143           9.0280                         0.894                       127.5                  9.4429                      10.0888      10.961900            0.2260             62699.746094             0.989166
2010-12-14 18:00:00+00:00                   68568.789062                    3.60636           9.3323                         0.897                       142.5                  9.7816                      10.4953      10.961900            0.2352             69002.156250             0.993720
2010-12-14 21:00:00+00:00                   75280.984375                    3.69132           9.6294                         0.905                       142.5                 10.1204                      10.9071      12.013500            0.2425             75351.898438             0.999059
2010-12-15 00:00:00+00:00                   81819.007812                    3.77365           9.9090                         0.912                       142.5                 10.4318                      11.2643      13.166000            0.2440             81540.367188             1.003417
2010-12-15 03:00:00+00:00                   89024.703125                    3.86957          10.1889                         0.916                       142.5                 10.7310                      11.5859      13.166000            0.2425             88392.343750             1.007154
2010-12-15 06:00:00+00:00                   97213.718750                    3.97475          10.4783                         0.916                       142.5                 11.0374                      11.9122      13.166000            0.2410             96117.507812             1.011405
2010-12-15 09:00:00+00:00                  105186.343750                    4.07463          10.7419                         0.916                       142.5                 11.3120                      12.1956      13.166000            0.2382            103625.851562             1.015059
2010-12-15 12:00:00+00:00                  107485.757812                    4.08380          10.9005                         0.916                       142.5                 11.4766                      12.3642      14.429100            0.2362            105661.937500             1.017261
2010-12-15 15:00:00+00:00                  104753.726562                    4.01657          10.9623                         0.917                       142.5                 11.5426                      12.4365      14.429100            0.2361            102863.695312             1.018374
2010-12-15 18:00:00+00:00                  103351.203125                    3.97112          11.0476                         0.917                       142.5                 11.6309                      12.5282      13.166000            0.2358            101358.335938             1.019662
2010-12-15 21:00:00+00:00                  104920.507812                    3.97311          11.1914                         0.917                       142.5                 11.7746                      12.6698      14.429100            0.2344            102713.140625             1.021491
2010-12-16 00:00:00+00:00                  104598.390625                    3.94848          11.2864                         0.914                       142.5                 11.8678                      12.7631      14.429100            0.2343            102260.554688             1.022862
2010-12-16 03:00:00+00:00                   99196.757812                    3.85130          11.2540                         0.910                       142.5                 11.8319                      12.7289      14.429100            0.2357             97003.812500             1.022607
2010-12-16 06:00:00+00:00                   90870.757812                    3.70670          11.1445                         0.905                       142.5                 11.7196                      12.6164      14.429100            0.2370             88988.835938             1.021148
2010-12-16 09:00:00+00:00                   82761.000000                    3.56144          11.0314                         0.904                       127.5                 11.6005                      12.4859      13.166000            0.2362             81223.445312             1.018930
2010-12-16 12:00:00+00:00                   73680.421875                    3.39043          10.8993                         0.906                       127.5                 11.4564                      12.3182      13.166000            0.2340             72532.804688             1.015822
2010-12-16 15:00:00+00:00                   61334.410156                    3.13893          10.6794                         0.908                       127.5                 11.2172                      12.0443      13.166000            0.2307             60667.199219             1.010998
2010-12-16 18:00:00+00:00                   47283.300781                    2.80757          10.3635                         0.907                       127.5                 10.8839                      11.6916      13.166000            0.2320             46992.480469             1.006189
2010-12-16 21:00:00+00:00                   35331.691406                    2.47381          10.0393                         0.905                       127.5                 10.5428                      11.3324      13.166000            0.2339             35270.722656             1.001729
2010-12-17 00:00:00+00:00                   26815.396484                    2.19181           9.7373                         0.900                       127.5                 10.2355                      11.0187      12.013500            0.2366             26860.144531             0.998334
2010-12-17 03:00:00+00:00                   21903.337891                    2.00603           9.4985                         0.894                       127.5                 10.0014                      10.7867      12.013500            0.2389             21989.072266             0.996101
2010-12-17 06:00:00+00:00                   17673.994141                    1.82972           9.1767                         0.883                       127.5                  9.7007                      10.5053      12.013500            0.2435             17780.285156             0.994022
2010-12-17 09:00:00+00:00                   14406.262695                    1.67787           8.8256                         0.869                       127.5                  9.3817                      10.2183      12.013500            0.2502             14513.030273             0.992643
2010-12-17 12:00:00+00:00                   10663.734375                    1.47593           8.3249                         0.849                       112.5                  8.9244                       9.8129      10.961900            0.2623             10752.915039             0.991706
2010-12-17 15:00:00+00:00                    7419.113281                    1.26117           7.7735                         0.829                       112.5                  8.4202                       9.3763      10.961900            0.2798              7478.549316             0.992052
2010-12-17 18:00:00+00:00                    5055.729004                    1.06723           7.2352                         0.803                       112.5                  7.9239                       8.9427      10.961900            0.2980              5091.878418             0.992901
2010-12-17 21:00:00+00:00                    3425.660156                    0.90202           6.7481                         0.778                       127.5                  7.4549                       8.5025      10.961900            0.3126              3447.551514             0.993650
2010-12-18 00:00:00+00:00                    2239.094971                    0.75161           6.2727                         0.753                       127.5                  6.9677                       8.0188      10.961900            0.3287              2249.754883             0.995262
2010-12-18 03:00:00+00:00                    1605.986084                    0.65059           5.9548                         0.734                       127.5                  6.6366                       7.6848       9.126800            0.3401              1611.615479             0.996507
2010-12-18 06:00:00+00:00                    1072.202759                    0.54288           5.6138                         0.716                       127.5                  6.3072                       7.3790       8.327900            0.3517              1075.180542             0.997230
2010-12-18 09:00:00+00:00                     785.126221                    0.47027           5.3161                         0.707                       127.5                  6.0637                       7.2103       8.327900            0.3622               787.422119             0.997084
2010-12-18 12:00:00+00:00                     548.474243                    0.40066           4.8898                         0.713                       142.5                  5.6888                       6.9552       8.327900            0.3818               550.353088             0.996586
2010-12-18 15:00:00+00:00                     404.589691                    0.35001           4.5962                         0.732                       142.5                  5.4050                       6.7367       8.327900            0.3951               406.182343             0.996079
2010-12-18 18:00:00+00:00                     277.976196                    0.28606           4.7268                         0.757                       157.5                  5.6238                       6.9354       8.327900            0.3652               279.708160             0.993808
2010-12-18 21:00:00+00:00                     195.452927                    0.23670           4.8069                         0.785                       157.5                  5.7753                       7.1178       8.327900            0.3533               196.797272             0.993169
2010-12-19 00:00:00+00:00                     169.393463                    0.21056           4.9781                         0.843                       157.5                  6.1185                       7.7333       8.327900            0.3782               169.933716             0.996821
2010-12-19 03:00:00+00:00                     290.517639                    0.25006           5.9198                         0.923                       157.5                  7.4412                       9.2953      10.961900            0.3402               291.298828             0.997318
2010-12-19 06:00:00+00:00                     616.685669                    0.35212           7.2018                         0.956                       142.5                  8.5805                       9.9447      10.961900            0.2773               620.842529             0.993304
2010-12-19 09:00:00+00:00                     977.943237                    0.44787           7.7412                         0.961                       142.5                  8.7243                       9.7703      10.961900            0.2670               985.544922             0.992287
2010-12-19 12:00:00+00:00                    1247.232910                    0.51333           7.8847                         0.934                       142.5                  8.6029                       9.5078      10.961900            0.2688              1257.536743             0.991806
2010-12-19 15:00:00+00:00                    1629.303467                    0.58850           8.0742                         0.905                       127.5                  8.6769                       9.4829      10.961900            0.2515              1648.177856             0.988548
2010-12-19 18:00:00+00:00                    2195.971924                    0.69224           8.1326                         0.902                       112.5                  8.6336                       9.2778      10.961900            0.2254              2227.875732             0.985680
2010-12-19 21:00:00+00:00                    2973.707764                    0.83125           7.8650                         0.915                       112.5                  8.2368                       8.7400      10.002400            0.2136              3014.675781             0.986410
2010-12-20 00:00:00+00:00                    3590.892822                    0.92583           7.7599                         0.914                       112.5                  8.0765                       8.5158       9.126800            0.2051              3637.985107             0.987055
2010-12-20 03:00:00+00:00                    3681.866943                    0.93582           7.8031                         0.906                       112.5                  8.1129                       8.5441       9.126800            0.2037              3730.020752             0.987090
2010-12-20 06:00:00+00:00                    3485.110596                    0.90347           7.8890                         0.900                       112.5                  8.2161                       8.6700       8.327900            0.2080              3530.985596             0.987008
2010-12-20 09:00:00+00:00                    3403.823975                    0.88515           7.9336                         0.903                       112.5                  8.3327                       8.8192       9.126800            0.2076              3451.229492             0.986264
2010-12-20 12:00:00+00:00                    3462.034668                    0.90910           5.5047                         0.908                       112.5                  7.0757                       8.5389       9.126800            0.2718              3517.786621             0.984151
2010-12-20 15:00:00+00:00                    3516.129395                    0.98039           4.2691                         0.893                        97.5                  5.4395                       7.4728       9.126800            0.4045              3553.405518             0.989510
2010-12-20 18:00:00+00:00                    3212.509521                    0.95159           4.1097                         0.883                        97.5                  5.1495                       7.1972       9.126800            0.4654              3217.976807             0.998301
2010-12-20 21:00:00+00:00                    3312.659424                    0.92361           4.1148                         0.901                       112.5                  5.2536                       7.7415       9.126800            0.5238              3273.334961             1.012014
2010-12-21 00:00:00+00:00                    4445.973633                    1.10592           3.5452                         0.869                       112.5                  4.4346                       7.2210      13.166000            0.6345              4361.512695             1.019365
2010-12-21 03:00:00+00:00                    5663.250488                    1.25586           3.7096                         0.838                       112.5                  4.5407                       7.1437      13.166000            0.6311              5561.111328             1.018367
2010-12-21 06:00:00+00:00                    6033.303711                    1.30096           3.7493                         0.829                       112.5                  4.5883                       7.1147      13.166000            0.6176              5942.260254             1.015321
2010-12-21 09:00:00+00:00                    7634.073242                    1.60749           3.4888                         0.692                       112.5                  4.0985                       5.9615      12.013500            0.6538              7540.624512             1.012393
2010-12-21 12:00:00+00:00                    8439.666992                    1.68395           3.6119                         0.704                        97.5                  4.2431                       6.0186      12.013500            0.6192              8357.612305             1.009818
2010-12-21 15:00:00+00:00                   10353.246094                    1.87871           3.7221                         0.660                        97.5                  4.3340                       5.9466      12.013500            0.5891             10273.021484             1.007809
2010-12-21 18:00:00+00:00                   12238.334961                    1.99264           4.0694                         0.653                        97.5                  4.6990                       6.2349      12.013500            0.5470             12141.502930             1.007975
2010-12-21 21:00:00+00:00                   12880.062500                    1.96351           4.1612                         0.701                       112.5                  4.9202                       6.7358      12.013500            0.5417             12781.022461             1.007749
2010-12-22 00:00:00+00:00                   15018.119141                    2.04718           4.3256                         0.729                       112.5                  5.1779                       7.1911      12.013500            0.5342             14880.183594             1.009270
2010-12-22 03:00:00+00:00                   17487.203125                    2.13434           4.4831                         0.768                       112.5                  5.4578                       7.6782      12.013500            0.5166             17329.275391             1.009113
2010-12-22 06:00:00+00:00                   19119.244141                    2.14538           4.7787                         0.822                       112.5                  5.9335                       8.2920      12.013500            0.4760             18991.095703             1.006748
2010-12-22 09:00:00+00:00                   21250.306641                    2.18321           5.1732                         0.869                       112.5                  6.5154                       8.8884      12.013500            0.4290             21170.921875             1.003750
2010-12-22 12:00:00+00:00                   25289.335938                    2.27447           6.2404                         0.915                       112.5                  7.6822                       9.7174      12.013500            0.3568             25270.294922             1.000754
2010-12-22 15:00:00+00:00                   29630.880859                    2.41528           6.7745                         0.934                       112.5                  8.2385                      10.0832      13.166000            0.3250             29646.548828             0.999471
2010-12-22 18:00:00+00:00                   32368.849609                    2.50050           7.1863                         0.942                       112.5                  8.6221                      10.2775      13.166000            0.3019             32433.150391             0.998017
2010-12-22 21:00:00+00:00                   33086.843750                    2.53211           7.1243                         0.939                        97.5                  8.5841                      10.2529      12.013500            0.3010             33172.859375             0.997407
2010-12-23 00:00:00+00:00                   32366.736328                    2.51077           7.0524                         0.945                        97.5                  8.5274                      10.2079      12.013500            0.3015             32462.400391             0.997053
2010-12-23 03:00:00+00:00                   31468.798828                    2.48492           6.9059                         0.947                        97.5                  8.3972                      10.1334      12.013500            0.3082             31548.416016             0.997476
2010-12-23 06:00:00+00:00                   33192.816406                    2.56500           6.4964                         0.942                        97.5                  8.0501                      10.0238      12.013500            0.3292             33224.800781             0.999037
2010-12-23 09:00:00+00:00                   32668.150391                    2.55717           6.2879                         0.937                        97.5                  7.8314                       9.9146      12.013500            0.3466             32636.896484             1.000958
2010-12-23 12:00:00+00:00                   30644.349609                    2.55725           5.4459                         0.909                        97.5                  6.8711                       9.2924      12.013500            0.4151             30454.554688             1.006232
2010-12-23 15:00:00+00:00                   29689.865234                    2.55683           5.1709                         0.893                        97.5                  6.5032                       9.0021      12.013500            0.4458             29432.343750             1.008750
2010-12-23 18:00:00+00:00                   27340.052734                    2.47623           5.1409                         0.894                        97.5                  6.4206                       8.8510      12.013500            0.4505             27113.373047             1.008360
2010-12-23 21:00:00+00:00                   24525.685547                    2.32471           5.2835                         0.913                        97.5                  6.6315                       9.0141      12.013500            0.4312             24365.451172             1.006576
2010-12-24 00:00:00+00:00                   21251.888672                    2.15100           5.5196                         0.928                        97.5                  6.8761                       9.1334      12.013500            0.4111             21154.257812             1.004615
2010-12-24 03:00:00+00:00                   17712.890625                    1.99092           5.5558                         0.933                        97.5                  6.8282                       8.9203      12.013500            0.4054             17673.029297             1.002255
2010-12-24 06:00:00+00:00                   14722.208008                    1.84496           5.5483                         0.935                        97.5                  6.7354                       8.6650      12.013500            0.4007             14715.545898             1.000453
2010-12-24 09:00:00+00:00                   12782.978516                    1.75283           5.4529                         0.931                        97.5                  6.5566                       8.3604      12.013500            0.4013             12787.920898             0.999614
2010-12-24 12:00:00+00:00                   11946.226562                    1.69583           5.7055                         0.938                        97.5                  6.7557                       8.3584      10.961900            0.3783             11966.711914             0.998288
2010-12-24 15:00:00+00:00                   12570.109375                    1.73341           5.7788                         0.939                        97.5                  6.8532                       8.4261      10.961900            0.3659             12610.291992             0.996814
2010-12-24 18:00:00+00:00                   13864.115234                    1.78800           6.2099                         0.949                        97.5                  7.2976                       8.7396      10.961900            0.3341             13947.334961             0.994033
2010-12-24 21:00:00+00:00                   14268.128906                    1.80418           6.3758                         0.952                        97.5                  7.4738                       8.8426      10.961900            0.3177             14378.813477             0.992302
2010-12-25 00:00:00+00:00                   14154.987305                    1.79701           6.6021                         0.957                        82.5                  7.6372                       8.8546      10.961900            0.2989             14285.333008             0.990876
2010-12-25 03:00:00+00:00                   13985.958008                    1.79679           6.4816                         0.962                        82.5                  7.5632                       8.7655      10.961900            0.2918             14129.152344             0.989865
2010-12-25 06:00:00+00:00                   13096.581055                    1.74745           6.3867                         0.963                        82.5                  7.4800                       8.6863      10.002400            0.2906             13235.614258             0.989496
2010-12-25 09:00:00+00:00                   11675.184570                    1.64599           6.6767                         0.967                        82.5                  7.6956                       8.7316      10.002400            0.2744             11808.318359             0.988725
2010-12-25 12:00:00+00:00                   10519.521484                    1.55924           7.1709                         0.967                        82.5                  7.9047                       8.7633      10.002400            0.2644             10637.303711             0.988927
2010-12-25 15:00:00+00:00                   10009.369141                    1.51351           7.3850                         0.966                        82.5                  8.0346                       8.8474      10.961900            0.2594             10124.753906             0.988604
2010-12-25 18:00:00+00:00                    9807.533203                    1.48604           7.6597                         0.963                        82.5                  8.2103                       8.9847      10.961900            0.2557              9921.743164             0.988489
2010-12-25 21:00:00+00:00                    9577.655273                    1.45816           7.7332                         0.959                        82.5                  8.2978                       9.1016      10.961900            0.2588              9685.319336             0.988884
2010-12-26 00:00:00+00:00                    9165.859375                    1.41804           7.7489                         0.958                        97.5                  8.3469                       9.1974      10.961900            0.2646              9262.432617             0.989574
2010-12-26 03:00:00+00:00                    8297.329102                    1.34983           7.4856                         0.957                        97.5                  8.2194                       9.1832      10.961900            0.2763              8378.979492             0.990255
2010-12-26 06:00:00+00:00                    6925.846680                    1.24672           6.8725                         0.954                        97.5                  7.8423                       8.9944      10.961900            0.2947              6991.389648             0.990625
2010-12-26 09:00:00+00:00                    5468.697754                    1.12714           6.2290                         0.949                        97.5                  7.3397                       8.6977      10.961900            0.3214              5514.360352             0.991719
2010-12-26 12:00:00+00:00                    4253.104004                    1.01667           5.6342                         0.941                        97.5                  6.7751                       8.3159      10.961900            0.3578              4277.847168             0.994216
2010-12-26 15:00:00+00:00                    4020.218506                    0.99671           5.1886                         0.938                        97.5                  6.4093                       8.1770      10.002400            0.3847              4038.866455             0.995383
2010-12-26 18:00:00+00:00                    4268.594727                    1.03717           4.8403                         0.937                        97.5                  6.0538                       8.0222      10.002400            0.4111              4285.924805             0.995957
2010-12-26 21:00:00+00:00                    4857.264648                    1.17074           4.1093                         0.932                        82.5                  5.1088                       7.2033      10.961900            0.4825              4875.180664             0.996325
2010-12-27 00:00:00+00:00                    5825.919434                    1.47540           3.4770                         0.875                        82.5                  4.0541                       5.4928      10.961900            0.5544              5833.767578             0.998655
2010-12-27 03:00:00+00:00                    8328.009766                    1.85818           3.8054                         0.836                        67.5                  4.2164                       4.9457       4.806500            0.4056              8300.195312             1.003351
2010-12-27 06:00:00+00:00                   11375.091797                    2.13039           4.1694                         0.848                        67.5                  4.5648                       5.1299       5.267700            0.3074             11330.971680             1.003894
2010-12-27 09:00:00+00:00                   20281.939453                    2.70398           4.7238                         0.854                        67.5                  5.1273                       5.6659       6.326800            0.2678             20236.496094             1.002246
2010-12-27 12:00:00+00:00                   23769.925781                    2.83926           4.9186                         0.801                        82.5                  5.3840                       6.0209       6.933700            0.2822             23768.792969             1.000048
2010-12-27 15:00:00+00:00                   33279.808594                    3.30488           5.0784                         0.618                        82.5                  5.5501                       6.2185       7.598900            0.2962             33306.761719             0.999191
2010-12-27 18:00:00+00:00                   41389.343750                    3.52145           5.2915                         0.651                        97.5                  5.8915                       6.8027       9.126800            0.3346             41537.332031             0.996437
2010-12-27 21:00:00+00:00                   45831.558594                    3.47282           5.8903                         0.757                        97.5                  6.6212                       7.7200       9.126800            0.3340             46142.808594             0.993255
2010-12-28 00:00:00+00:00                   61893.921875                    3.77552           6.4843                         0.836                       112.5                  7.4260                       8.7649      10.961900            0.3272             62379.722656             0.992212
2010-12-28 03:00:00+00:00                   75167.046875                    3.97199           7.0278                         0.882                       112.5                  8.1149                       9.5514      10.961900            0.3111             75660.007812             0.993484
2010-12-28 06:00:00+00:00                   82961.046875                    4.11394           6.7164                         0.891                       112.5                  8.0334                       9.7818      10.961900            0.3281             83259.742188             0.996413
2010-12-28 09:00:00+00:00                   87637.851562                    4.06066           7.7252                         0.895                       112.5                  8.9999                      10.5171      12.013500            0.2949             87677.296875             0.999550
2010-12-28 12:00:00+00:00                   83760.835938                    3.83417           8.4280                         0.890                       112.5                  9.7782                      11.1675      12.013500            0.2733             83394.820312             1.004389
2010-12-28 15:00:00+00:00                   78647.046875                    3.63953           8.4694                         0.873                       127.5                 10.0031                      11.5323      12.013500            0.2798             77803.078125             1.010847
2010-12-28 18:00:00+00:00                   74704.429688                    3.50632           8.7030                         0.873                       127.5                 10.2610                      11.7570      12.013500            0.2738             73739.390625             1.013087
2010-12-28 21:00:00+00:00                   66497.710938                    3.28110           9.5626                         0.872                       127.5                 10.7727                      11.9367      13.166000            0.2556             65643.476562             1.013013
2010-12-29 00:00:00+00:00                   55679.695312                    3.00740           9.8099                         0.863                       127.5                 10.8546                      11.9054      13.166000            0.2528             54991.519531             1.012514
2010-12-29 03:00:00+00:00                   42403.062500                    2.64787           9.6284                         0.849                       127.5                 10.6571                      11.7248      13.166000            0.2587             41927.308594             1.011347
2010-12-29 06:00:00+00:00                   32208.294922                    2.33498           9.2480                         0.838                       127.5                 10.3349                      11.4866      12.013500            0.2689             31886.277344             1.010099
2010-12-29 09:00:00+00:00                   24256.410156                    2.04884           8.8961                         0.832                       127.5                 10.0212                      11.2603      12.013500            0.2810             24026.949219             1.009550
2010-12-29 12:00:00+00:00                   18548.076172                    1.80896           8.5848                         0.826                       127.5                  9.7318                      11.0595      12.013500            0.2942             18369.357422             1.009729
2010-12-29 15:00:00+00:00                   14876.477539                    1.63018           8.4066                         0.818                       127.5                  9.5638                      10.9330      12.013500            0.3011             14733.751953             1.009687
2010-12-29 18:00:00+00:00                   12059.914062                    1.47487           8.3846                         0.806                       127.5                  9.4689                      10.8351      12.013500            0.3065             11943.615234             1.009737
2010-12-29 21:00:00+00:00                    9527.758789                    1.31918           8.0042                         0.794                       127.5                  9.2107                      10.7076      12.013500            0.3175              9433.990234             1.009939
2010-12-30 00:00:00+00:00                    7109.713379                    1.14628           7.7394                         0.781                       127.5                  8.9829                      10.5824      12.013500            0.3306              7033.447266             1.010843
2010-12-30 03:00:00+00:00                    5215.685059                    0.99341           7.3453                         0.762                       127.5                  8.6120                      10.3396      12.013500            0.3516              5152.322754             1.012298
2010-12-30 06:00:00+00:00                    3956.830078                    0.88547           6.7020                         0.731                       127.5                  8.0077                       9.8949      12.013500            0.3811              3904.920410             1.013293
2010-12-30 09:00:00+00:00                    3101.920898                    0.80380           6.6444                         0.697                       127.5                  7.7271                       9.4467      12.013500            0.3942              3062.199951             1.012971
2010-12-30 12:00:00+00:00                    2544.952393                    0.74982           6.5485                         0.681                       112.5                  7.4280                       8.9498      12.013500            0.4009              2515.606445             1.011666
2010-12-30 15:00:00+00:00                    2214.528809                    0.71858           6.5083                         0.677                        97.5                  7.2272                       8.5270      12.013500            0.3933              2194.593506             1.009084
2010-12-30 18:00:00+00:00                    2042.657349                    0.70665           6.3396                         0.700                        97.5                  7.0258                       8.1787       8.327900            0.3783              2030.608032             1.005934
2010-12-30 21:00:00+00:00                    1954.105225                    0.70941           6.2830                         0.745                        67.5                  6.8573                       7.8099       8.327900            0.3506              1949.119141             1.002558
2010-12-31 00:00:00+00:00                    1936.733154                    0.72623           5.9502                         0.796                        67.5                  6.5289                       7.4223       8.327900            0.3344              1935.957153             1.000401
2010-12-31 03:00:00+00:00                    1867.373535                    0.72352           5.9882                         0.836                        67.5                  6.4929                       7.2331       8.327900            0.3041              1870.057739             0.998565
2010-12-31 06:00:00+00:00                    1799.865723                    0.71974           5.8809                         0.850                        67.5                  6.3656                       7.0599       7.598900            0.2893              1804.053833             0.997679
2010-12-31 09:00:00+00:00                    1790.970459                    0.72574           5.6526                         0.844                        67.5                  6.1788                       6.9189       7.598900            0.2913              1795.842041             0.997287
2010-12-31 12:00:00+00:00                    1781.460815                    0.72553           5.6340                         0.836                        67.5                  6.1629                       6.8921       7.598900            0.2848              1787.513916             0.996614
2010-12-31 15:00:00+00:00                    1683.761719                    0.70724           5.6383                         0.834                        67.5                  6.1530                       6.8592       7.598900            0.2784              1690.027466             0.996293
2010-12-31 18:00:00+00:00                    1487.646484                    0.67315           5.4575                         0.825                        67.5                  5.9693                       6.6928       7.598900            0.2857              1492.143555             0.996986
2010-12-31 21:00:00+00:00                    1173.583862                    0.61076           5.1705                         0.803                        67.5                  5.6787                       6.4176       7.598900            0.2987              1175.586548             0.998296